Order_ID,Order_Date,Customer_ID,Customer_Segment,Product_Category,Product_Name,Region,Sales_Channel,Quantity,Unit_Price,Discount_Pct,Return_Flag,Customer_Rating,Delivery_Days,Payment_Method
ORD-101536,24-03-2024 20:00,CUST-10641,Enterprise,Fashion,Hoodie,Central,Website,4,4612.22,10,No,4.7,5,UPI
ORD-100816,24-01-2024 14:00,CUST-10982,Small Business,Home & Kitchen,Coffee Maker,West,Marketplace,3,11460.12,10,No,4,1,UPI
ORD-100192,27-11-2024 13:00,CUST-11236,Small Business,Fashion,Sports Cap,Central,Website,1,970.99,5,No,3.5,2,Wallet
ORD-103069,08-02-2024 04:00,CUST-11708,Consumer,Electronics,Wireless Earbuds,North,Website,3,10633.32,0,No,4.8,4,Credit Card
ORD-100983,19-12-2024 19:00,CUST-11527,Consumer,Electronics,Power Bank,North,Website,1,13849.02,10,No,3.2,4,Net Banking
ORD-105643,05-01-2025 20:00,CUST-10422,Consumer,Home & Kitchen,Coffee Maker,South,Website,1,10709.08,15,No,5,3,Credit Card
ORD-104649,23-05-2024 11:00,CUST-11148,Consumer,Fashion,Running Shoes,South,Website,1,5804.05,5,No,3.5,4,Credit Card
ORD-100719,23-11-2024 09:00,CUST-10011,Consumer,Home & Kitchen,Air Fryer,West,Website,1,3177.58,5,No,5,2,Debit Card
ORD-104504,10-01-2024 04:00,CUST-10788,Consumer,Fashion,Hoodie,Central,Website,2,2952.3,0,No,4.6,4,Net Banking
ORD-100695,18-05-2024 08:00,CUST-11227,Consumer,Home & Kitchen,Water Bottle,North,Mobile App,4,9778.34,0,No,,3,Net Banking
ORD-102617,29-01-2024 17:00,CUST-11028,Consumer,Beauty,Body Lotion,South,Website,6,3630.5,30,No,3.5,3,Credit Card
ORD-103754,21-01-2024 14:00,CUST-11397,Small Business,Home & Kitchen,Desk Lamp,West,Mobile App,3,5893.02,15,No,3.4,1,Credit Card
ORD-105648,15-06-2025 22:00,CUST-11494,Small Business,Home & Kitchen,Air Fryer,Central,Website,1,5473.97,0,No,3.3,2,Credit Card
ORD-101211,03-03-2025 00:00,CUST-10689,Enterprise,Home & Kitchen,Water Bottle,West,Marketplace,1,4537.88,30,No,4.2,5,Credit Card
ORD-101899,04-07-2024 06:00,CUST-11328,Enterprise,Beauty,Hair Dryer,East,Website,1,2905.59,10,No,2.3,3,Net Banking
ORD-102359,23-04-2024 18:00,CUST-11103,Consumer,Beauty,Body Lotion,South,Website,4,2409.73,20,No,4.1,6,Wallet
ORD-101809,07-06-2025 20:00,CUST-10389,Consumer,Fashion,Backpack,Central,Website,2,5794.46,10,No,4.3,5,Debit Card
ORD-100127,21-02-2025 17:00,CUST-10512,Small Business,Electronics,Smart Watch,Central,Mobile App,1,15008.43,0,No,3.8,3,Debit Card
ORD-103535,10-02-2024 10:00,CUST-11061,Small Business,Electronics,USB-C Hub,North,Mobile App,1,3418.2,5,No,3.5,6,Net Banking
ORD-102164,05-06-2025 04:00,CUST-10862,Consumer,Fashion,Casual Shirt,West,Mobile App,2,1061.31,15,No,4.4,3,Debit Card
ORD-100641,15-05-2025 08:00,CUST-11219,Consumer,Electronics,Smart Watch,North,Mobile App,1,11941.3,25,No,3.1,6,UPI
ORD-100397,17-04-2024 06:00,CUST-10774,Small Business,Electronics,Bluetooth Speaker,North,Website,2,8992.64,0,No,4,4,UPI
ORD-101668,17-10-2024 20:00,CUST-11547,Consumer,Books,Business Strategy,West,Mobile App,3,1218.86,20,No,4.2,2,Wallet
ORD-100000,18-02-2024 17:00,CUST-10133,Consumer,Beauty,Body Lotion,South,Marketplace,1,2710.81,20,No,4.4,2,Wallet
ORD-103070,18-08-2024 20:00,CUST-10776,Consumer,Books,SQL Handbook,North,Website,5,281.88,5,No,2.7,3,Credit Card
ORD-100242,21-02-2024 16:00,CUST-11774,Consumer,Books,Data Analytics Guide,South,Website,2,1045.29,5,No,4.1,1,Credit Card
ORD-100732,18-05-2025 05:00,CUST-11429,Consumer,Fashion,Hoodie,North,Website,5,1840.41,0,No,5,6,Credit Card
ORD-101659,18-05-2024 12:00,CUST-10411,Consumer,Electronics,USB-C Hub,North,Mobile App,1,3719.02,20,Yes,3.7,2,Wallet
ORD-101049,06-03-2024 08:00,CUST-10035,Small Business,Fashion,Running Shoes,West,Website,2,902.16,15,No,3.4,4,Credit Card
ORD-104290,07-02-2024 04:00,CUST-10525,Enterprise,Home & Kitchen,Storage Set,South,Website,1,4412.84,0,No,4,4,Credit Card
ORD-102659,28-03-2024 16:00,CUST-11519,Enterprise,Beauty,Perfume,East,Mobile App,3,1444.76,20,No,3.3,1,Credit Card
ORD-103792,19-05-2024 09:00,CUST-11372,Small Business,Fashion,Hoodie,Central,WEBSITE,3,5677.29,0,No,3.4,2,Net Banking
ORD-103971,21-05-2025 00:00,CUST-11341,Small Business,Home & Kitchen,Coffee Maker,South,Marketplace,1,8498,15,No,4.1,5,UPI
ORD-101203,19-02-2025 18:00,CUST-11850,Small Business,Fashion,Running Shoes,West,Website,2,1927.12,15,No,3.4,2,Wallet
ORD-101570,13-02-2024 09:00,CUST-11570,Consumer,Home & Kitchen,Air Fryer,East,Website,10,4307.49,20,No,4.9,4,Credit Card
ORD-102808,08-03-2025 01:00,CUST-11055,Small Business,Electronics,Wireless Earbuds,North,Mobile App,1,13199.16,10,No,4.2,2,Credit Card
ORD-100452,29-09-2024 13:00,CUST-10865,Consumer,Electronics,Power Bank,West,Website,3,15572.74,5,No,3.8,3,Wallet
ORD-102429,27-05-2024 19:00,CUST-10400,Consumer,Fashion,Casual Shirt,Central,Website,1,4348.13,10,No,3.6,4,Wallet
ORD-103931,10-02-2024 23:00,CUST-10312,Consumer,Beauty,Face Wash,East,Website,2,2610.61,0,No,3.9,3,Wallet
ORD-104574,23-01-2025 09:00,CUST-10655,Small Business,Electronics,Smart Watch,East,Mobile App,4,20071.39,5,No,3.3,3,Wallet
ORD-100406,24-08-2024 19:00,CUST-11808,Enterprise,Fashion,Hoodie,North,Mobile App,1,3402.25,5,No,3.5,2,Net Banking
ORD-105626,16-08-2024 12:00,CUST-10689,Consumer,Home & Kitchen,Air Fryer,West,Mobile App,1,5245.26,20,No,3.2,4,UPI
ORD-100964,02-06-2025 06:00,CUST-10663,Enterprise,Home & Kitchen,Water Bottle,Central,Mobile App,2,6121.72,15,No,4.2,3,UPI
ORD-105666,20-04-2024 09:00,CUST-10346,Consumer,Home & Kitchen,Air Fryer,East,Mobile App,3,4415.54,25,Yes,5,4,Net Banking
ORD-101494,11-08-2024 22:00,CUST-11530,Consumer,Electronics,Power Bank,East,Website,8,14086.67,0,No,3.5,4,UPI
ORD-105440,09-10-2024 05:00,CUST-10224,Consumer,Beauty,Face Wash,Central,Website,1,510.41,5,No,4.5,5,Credit Card
ORD-100673,21-02-2024 22:00,CUST-10522,Consumer,Home & Kitchen,Storage Set,North,Marketplace,3,7480.11,30,No,4,4,Wallet
ORD-105665,09-09-2024 16:00,CUST-10484,Consumer,Fashion,Backpack,West,Marketplace,2,1727.37,20,No,3.7,6,Wallet
ORD-105441,06-10-2024 17:00,CUST-11140,Consumer,Home & Kitchen,Air Fryer,North,Marketplace,1,3254.61,5,No,4.4,2,UPI
ORD-105945,10-03-2024 23:00,CUST-10675,Consumer,Fashion,Sports Cap,North,Mobile App,1,5056.83,20,No,4.2,4,UPI
ORD-104513,11-05-2025 18:00,CUST-10569,Consumer,Fashion,Hoodie,Central,Website,4,4710.24,10,No,3.6,5,Net Banking
ORD-104401,05-03-2024 19:00,CUST-10540,Consumer,Electronics,Smart Watch,South,Mobile App,2,6973.36,5,No,2.7,2,Credit Card
ORD-101903,15-05-2024 15:00,CUST-10924,Consumer,Books,SQL Handbook,East,Mobile App,1,1038.74,10,No,3.4,6,Credit Card
ORD-101490,30-05-2024 01:00,CUST-10669,Small Business,Fashion,Running Shoes,West,Mobile App,2,1535,20,No,4.7,3,Credit Card
ORD-103999,10-10-2024 23:00,CUST-11254,Consumer,Beauty,Perfume,North,Mobile App,2,2375.47,5,No,3.9,2,UPI
ORD-103805,08-04-2025 11:00,CUST-10898,Consumer,Beauty,Hair Dryer,North,Mobile App,3,4084.64,15,No,3.9,3,Net Banking
ORD-100492,15-02-2025 08:00,CUST-11357,Consumer,Books,Fiction Novel,Central,Website,1,1005.69,10,No,3.3,4,Credit Card
ORD-105075,25-07-2024 00:00,CUST-11709,Consumer,Home & Kitchen,Air Fryer,West,Website,8,6799.55,15,No,4.1,2,Credit Card
ORD-105679,25-01-2024 22:00,CUST-11720,Consumer,Fashion,Running Shoes,South,Website,1,3298.35,10,No,4.4,5,UPI
ORD-101917,24-09-2024 21:00,CUST-11813,Consumer,Fashion,Backpack,Central,Website,6,3593.4,5,No,4.5,3,Debit Card
ORD-103731,14-04-2025 13:00,CUST-10548,Consumer,Fashion,Hoodie,West,Website,4,3465.76,20,No,4.6,2,Credit Card
ORD-102518,19-03-2024 05:00,CUST-11556,Consumer,Electronics,Smart Watch,East,Marketplace,8,3048.52,30,No,3.5,1,UPI
ORD-102858,30-01-2025 14:00,CUST-11066,Consumer,Fashion,Sports Cap,North,Mobile App,1,1832.17,30,No,4.9,5,Wallet
ORD-104274,19-01-2024 04:00,CUST-10237,Enterprise,Fashion,Backpack,South,Website,1,2001.75,15,No,3.9,7,Wallet
ORD-101671,05-11-2024 13:00,CUST-10620,Consumer,Home & Kitchen,Air Fryer,South,Mobile App,1,11142.38,30,No,4.1,1,UPI
ORD-100187,27-07-2024 01:00,CUST-11178,Small Business,Books,Data Analytics Guide,South,Mobile App,2,519.6,15,No,3.3,1,Net Banking
ORD-104647,13-02-2024 20:00,CUST-10221,Small Business,Home & Kitchen,Water Bottle,South,Mobile App,1,3829.08,10,No,4.2,4,UPI
ORD-100993,23-08-2024 13:00,CUST-11762,Small Business,Home & Kitchen,Air Fryer,South,Mobile App,4,2689.1,0,No,4.5,2,UPI
ORD-101846,08-07-2024 19:00,CUST-11817,Consumer,Electronics,Smart Watch,East,Marketplace,4,17037.31,5,No,3.3,4,UPI
ORD-103872,17-04-2025 04:00,CUST-10646,Consumer,Home & Kitchen,Water Bottle,South,Mobile App,1,1649.12,10,Yes,4.5,5,UPI
ORD-105331,16-03-2025 00:00,CUST-11370,Small Business,Fashion,Casual Shirt,Central,Website,5,2273.97,15,No,4.7,4,Debit Card
ORD-100326,09-05-2024 02:00,CUST-10174,Consumer,Home & Kitchen,Water Bottle,West,Mobile App,2,7259.97,0,No,4.5,3,Net Banking
ORD-102872,22-03-2025 19:00,CUST-11865,Consumer,Electronics,Bluetooth Speaker,Central,Mobile App,2,19276.19,10,Yes,4.2,4,Wallet
ORD-103381,05-03-2025 16:00,CUST-10639,Small Business,Books,SQL Handbook,West,Mobile App,2,677.21,20,No,4.2,4,UPI
ORD-104702,24-10-2024 01:00,CUST-11550,Small Business,Fashion,Backpack,North,Website,1,1054.53,10,No,3.5,6,Wallet
ORD-102525,25-06-2024 21:00,CUST-11043,Consumer,Books,Business Strategy,North,Marketplace,4,1223.02,5,No,4.4,4,Credit Card
ORD-100328,18-03-2024 03:00,CUST-11588,Consumer,Fashion,Hoodie,South,Mobile App,1,1730.29,10,No,4.8,1,Debit Card
ORD-104830,09-07-2024 06:00,CUST-10713,Consumer,Books,Data Analytics Guide,North,Marketplace,4,675.88,30,No,4.1,4,Debit Card
ORD-103147,01-04-2025 19:00,CUST-11159,Small Business,Home & Kitchen,Storage Set,South,Mobile App,1,11556.79,10,No,5,6,Net Banking
ORD-100752,17-02-2024 02:00,CUST-10143,Consumer,Home & Kitchen,Storage Set,East,Mobile App,5,7104.16,15,No,3.8,5,UPI
ORD-100867,02-04-2025 13:00,CUST-11749,Small Business,Electronics,USB-C Hub,East,Website,3,15370.92,0,No,3,4,Credit Card
ORD-100342,05-12-2024 13:00,CUST-11289,Consumer,Electronics,Bluetooth Speaker,South,Mobile App,1,3316.34,25,No,3.9,2,UPI
ORD-104091,24-01-2024 02:00,CUST-10821,Consumer,Fashion,Sports Cap,West,Website,6,5861.54,15,Yes,4.3,5,Debit Card
ORD-102166,21-06-2024 13:00,CUST-10720,Consumer,Home & Kitchen,Air Fryer,South,Mobile App,1,6854.79,25,No,4.6,5,Credit Card
ORD-102907,02-06-2025 02:00,CUST-11515,Consumer,Fashion,Running Shoes,West,Mobile App,5,1066.63,0,No,5,1,Credit Card
ORD-105637,25-08-2024 07:00,CUST-10107,Consumer,Home & Kitchen,Air Fryer,South,Website,3,2161.02,10,No,4.6,4,Debit Card
ORD-104900,07-07-2024 12:00,CUST-11356,Consumer,Home & Kitchen,Coffee Maker,East,Marketplace,1,2033.96,25,No,3.3,2,Debit Card
ORD-101487,01-01-2024 16:00,CUST-10327,Consumer,Electronics,Smart Watch,South,Marketplace,3,4295.51,0,No,4.1,1,Debit Card
ORD-103341,15-06-2024 23:00,CUST-10089,Consumer,Books,Business Strategy,North,Marketplace,1,1767.65,15,Yes,2.9,2,Net Banking
ORD-101932,31-03-2025 13:00,CUST-11138,Consumer,Beauty,Face Wash,North,Website,1,3016.07,10,No,3,4,UPI
ORD-103537,13-03-2024 08:00,CUST-10784,Consumer,Fashion,Sports Cap,East,Website,1,692.23,15,No,4.1,2,UPI
ORD-103697,13-08-2024 02:00,CUST-11928,Consumer,Electronics,Smart Watch,West,Marketplace,1,1550.4,10,No,5,1,Credit Card
ORD-103506,02-04-2025 03:00,CUST-10906,Small Business,Books,Fiction Novel,West,Mobile App,1,1688.57,15,No,3.5,4,Net Banking
ORD-102345,20-05-2024 13:00,CUST-10812,Consumer,Electronics,Power Bank,South,Mobile App,5,9278.58,25,No,4.7,3,UPI
ORD-102286,09-05-2025 18:00,CUST-10105,Small Business,Beauty,Perfume,North,Website,4,2895.11,10,No,5,3,Credit Card
ORD-100493,25-11-2024 07:00,CUST-10479,Consumer,Fashion,Backpack,Central,Mobile App,5,5017.03,10,No,2.6,4,UPI
ORD-104294,21-05-2025 05:00,CUST-11491,Small Business,Fashion,Casual Shirt,Central,Website,1,2860.92,10,No,4.1,2,Credit Card
ORD-102342,24-10-2024 22:00,CUST-11461,Consumer,Books,SQL Handbook,South,Mobile App,5,920.43,5,No,3.4,6,UPI
ORD-105492,06-04-2024 14:00,CUST-11319,Consumer,Home & Kitchen,Water Bottle,East,Marketplace,1,9457.62,15,No,4,3,Credit Card
ORD-104891,08-11-2024 02:00,CUST-11773,Consumer,Books,Business Strategy,West,Mobile App,1,760.59,10,No,4.2,2,UPI
ORD-101636,31-03-2024 07:00,CUST-11910,Small Business,Home & Kitchen,Storage Set,North,Marketplace,3,577.31,10,No,4.3,3,Credit Card
ORD-100760,06-04-2024 02:00,CUST-11562,Small Business,Books,SQL Handbook,South,Mobile App,2,1516.88,0,No,4,4,Debit Card
ORD-101179,14-01-2024 13:00,CUST-10959,Consumer,Books,Business Strategy,North,Website,1,1736.36,10,Yes,4.5,6,Net Banking
ORD-100876,21-10-2024 18:00,CUST-10771,Small Business,Electronics,Bluetooth Speaker,West,Mobile App,1,17837.04,0,No,4.8,6,Debit Card
ORD-103208,17-08-2024 11:00,CUST-11923,Consumer,Electronics,Power Bank,Central,Marketplace,3,7725.95,20,No,3.2,5,UPI
ORD-101092,05-04-2025 06:00,CUST-10798,Small Business,Beauty,Skin Serum,West,Mobile App,1,2588.91,10,No,3.5,2,Debit Card
ORD-105773,14-01-2024 05:00,CUST-10246,Consumer,Beauty,Perfume,Central,Marketplace,1,1337.27,15,No,4.1,4,
ORD-103996,14-01-2024 22:00,CUST-10973,Consumer,Beauty,face wash,West,Marketplace,1,4793.34,0,No,5,2,Debit Card
ORD-101734,15-04-2025 06:00,CUST-11292,Small Business,Books,Data Analytics Guide,North,Mobile App,3,1541.88,5,No,3.3,4,UPI
ORD-101071,24-04-2024 03:00,CUST-10242,Consumer,Fashion,Hoodie,West,Mobile App,6,1301.54,5,No,4.6,2,Credit Card
ORD-102678,12-11-2024 11:00,CUST-11947,Consumer,Beauty,Skin Serum,North,Website,2,856.23,0,No,3.1,2,Credit Card
ORD-103365,13-02-2025 04:00,CUST-10669,Consumer,Home & Kitchen,Water Bottle,South,Mobile App,4,10819.25,15,No,4.4,4,UPI
ORD-100368,13-01-2024 01:00,CUST-11840,Small Business,Electronics,Bluetooth Speaker,Central,Marketplace,1,12480.25,30,No,2.3,1,Credit Card
ORD-104362,28-09-2024 06:00,CUST-11804,Consumer,Books,SQL Handbook,Central,Mobile App,1,1622.67,5,No,,3,UPI
ORD-103172,23-08-2024 19:00,CUST-11215,Consumer,Home & Kitchen,Air Fryer,South,Website,1,4889.89,25,No,2.5,5,Debit Card
ORD-101040,20-01-2025 14:00,CUST-10046,Consumer,Home & Kitchen,Water Bottle,East,Website,2,11719.23,0,No,3.6,3,Credit Card
ORD-102378,23-06-2025 08:00,CUST-11523,Enterprise,Electronics,USB-C Hub,North,Website,2,20030.28,15,No,4.2,3,Wallet
ORD-100147,07-05-2024 17:00,CUST-10012,Consumer,Fashion,Casual Shirt,West,Marketplace,4,4747.55,10,No,4,4,Credit Card
ORD-102954,31-05-2024 04:00,CUST-10388,Consumer,Home & Kitchen,Storage Set,West,Mobile App,1,8855.21,5,No,5,3,Credit Card
ORD-105384,03-02-2024 01:00,CUST-10812,Consumer,Electronics,Wireless Earbuds,Central,Marketplace,6,4325.41,10,No,4.3,4,Credit Card
ORD-101661,29-11-2024 12:00,CUST-10773,Consumer,Books,Leadership Book,Central,Mobile App,5,1110.75,20,No,3.2,3,Debit Card
ORD-103668,20-08-2024 14:00,CUST-11567,Consumer,Electronics,Smart Watch,West,Mobile App,1,6263.39,15,No,4.9,4,Wallet
ORD-103301,25-05-2024 06:00,CUST-10908,Consumer,Home & Kitchen,Desk Lamp,North,Marketplace,2,2809.79,15,No,4.2,4,UPI
ORD-101957,17-10-2024 10:00,CUST-10534,Consumer,Electronics,Wireless Earbuds,South,Marketplace,1,9302.91,15,No,4,1,Net Banking
ORD-103521,30-06-2024 08:00,CUST-10595,Small Business,Home & Kitchen,Air Fryer,South,Mobile App,6,7664.96,10,No,4.9,4,UPI
ORD-105917,15-05-2024 09:00,CUST-10923,Small Business,Electronics,Smart Watch,West,Mobile App,2,9396.37,5,No,4.1,6,Credit Card
ORD-100430,16-02-2024 01:00,CUST-11094,Consumer,Fashion,Casual Shirt,East,Mobile App,3,1930.78,10,No,3.6,3,Debit Card
ORD-104738,10-07-2024 00:00,CUST-10206,Consumer,Electronics,USB-C Hub,East,Mobile App,1,18801.59,20,No,3.6,3,Net Banking
ORD-101076,23-01-2025 12:00,CUST-10146,Consumer,Fashion,Hoodie,East,Marketplace,-3,3204.32,10,No,4.4,2,Debit Card
ORD-103557,07-07-2024 23:00,CUST-11502,Consumer,Electronics,Smart Watch,West,Mobile App,1,6375.01,5,No,4,4,Debit Card
ORD-102294,25-01-2025 02:00,CUST-10529,Small Business,Beauty,Face Wash,North,Website,1,2272.36,20,No,2.5,1,Credit Card
ORD-101562,15-05-2024 16:00,CUST-10250,Consumer,Electronics,Smart Watch,East,Website,1,17715.56,5,No,3.9,7,Net Banking
ORD-105647,05-06-2025 22:00,CUST-11945,Consumer,Electronics,Smart Watch,South,Website,8,8116.2,15,No,3.5,3,Net Banking
ORD-101137,19-07-2024 04:00,CUST-11490,Consumer,Books,Business Strategy,Central,Marketplace,4,572.98,20,No,3.6,2,Debit Card
ORD-100462,12-02-2025 21:00,CUST-11227,Consumer,Electronics,Smart Watch,North,Website,1,3810.48,10,No,4.3,2,Credit Card
ORD-103808,10-10-2024 08:00,CUST-11695,Enterprise,Home & Kitchen,Water Bottle,North,Marketplace,2,1128.87,15,No,5,4,Wallet
ORD-103510,14-06-2025 09:00,CUST-10014,Consumer,Beauty,Hair Dryer,West,Marketplace,8,656.91,25,No,5,3,Credit Card
ORD-103713,02-05-2024 06:00,CUST-11270,Consumer,Fashion,Casual Shirt,North,Marketplace,1,4419.37,20,No,3.8,3,Credit Card
ORD-105593,08-12-2024 05:00,CUST-11417,Small Business,Home & Kitchen,Storage Set,North,Website,2,6905.95,20,No,3.6,2,Credit Card
ORD-100646,08-09-2024 10:00,CUST-10916,Enterprise,Home & Kitchen,Coffee Maker,Central,Website,1,2056.76,5,No,2.8,2,UPI
ORD-100019,02-09-2024 22:00,CUST-10080,Consumer,Electronics,Wireless Earbuds,East,Website,2,5731.17,5,No,5,6,Debit Card
ORD-105790,04-02-2025 07:00,CUST-10840,Consumer,Books,Leadership Book,West,Marketplace,4,1603.97,10,No,4.4,3,Wallet
ORD-102204,05-09-2024 03:00,CUST-10047,Consumer,Electronics,USB-C Hub,West,Mobile App,2,19550.85,20,No,3.9,4,Debit Card
ORD-101859,05-02-2025 09:00,CUST-10658,Consumer,Electronics,USB-C Hub,Central,Website,1,19127.12,15,Yes,4.4,5,Credit Card
ORD-101512,10-02-2025 05:00,CUST-11870,Consumer,Books,SQL Handbook,East,Marketplace,2,1413.39,15,No,3.3,6,Debit Card
ORD-103515,14-06-2025 22:00,CUST-11019,Consumer,Home & Kitchen,Storage Set,East,Mobile App,2,3589.36,0,Yes,4.8,5,UPI
ORD-104866,12-09-2024 17:00,CUST-11026,Consumer,Electronics,Wireless Earbuds,Central,Mobile App,3,9360.64,30,Yes,3.8,4,Wallet
ORD-104689,30-01-2025 04:00,CUST-11186,Small Business,Home & Kitchen,Desk Lamp,West,Mobile App,3,8830.97,15,No,4.5,4,Debit Card
ORD-105660,11-03-2024 15:00,CUST-10224,Consumer,Electronics,Wireless Earbuds,East,Mobile App,8,8550.31,0,No,3.4,5,UPI
ORD-100395,22-04-2025 13:00,CUST-10695,Consumer,Books,Data Analytics Guide,North,Mobile App,4,833.15,10,No,4.1,2,Net Banking
ORD-101564,31-10-2024 02:00,CUST-11685,Consumer,Electronics,Bluetooth Speaker,West,Mobile App,1,15103.38,10,No,2.5,5,Net Banking
ORD-101629,10-03-2024 07:00,CUST-11797,Consumer,Electronics,Power Bank,Central,Website,4,10705.45,15,No,4.7,1,Wallet
ORD-104035,18-01-2024 11:00,CUST-10121,Small Business,Fashion,Backpack,Central,Website,2,5203.94,0,Yes,3.8,5,Wallet
ORD-105848,25-11-2024 17:00,CUST-10566,Consumer,Beauty,Perfume,North,Mobile App,2,683.03,0,No,4.1,3,Wallet
ORD-103431,24-02-2025 13:00,CUST-10933,Enterprise,Home & Kitchen,Coffee Maker,South,Website,5,8129.21,15,No,4.8,3,Debit Card
ORD-100546,22-08-2024 09:00,CUST-10029,Consumer,Home & Kitchen,Air Fryer,East,Mobile App,1,10250.88,0,No,4.7,5,Credit Card
ORD-105775,29-05-2025 00:00,CUST-10197,Consumer,Electronics,Wireless Earbuds,West,Mobile App,1,6809.15,10,No,3.5,4,Credit Card
ORD-104949,20-07-2024 01:00,CUST-10555,Small Business,Books,Business Strategy,West,Marketplace,4,533.5,20,No,4.2,1,Debit Card
ORD-100352,12-06-2024 03:00,CUST-11280,Consumer,Electronics,Wireless Earbuds,West,Mobile App,2,10804.08,15,No,4.7,4,Wallet
ORD-100998,09-06-2025 04:00,CUST-10406,Small Business,Home & Kitchen,Storage Set,East,Website,3,10156.7,0,No,4.4,2,Credit Card
ORD-105302,06-04-2024 19:00,CUST-10363,Consumer,Electronics,Smart Watch,North,Marketplace,1,12022.85,15,No,4.6,1,Credit Card
ORD-105731,08-03-2024 15:00,CUST-11898,Consumer,Fashion,Backpack,Central,Marketplace,1,934.71,5,No,3.8,2,Wallet
ORD-103445,23-01-2025 17:00,CUST-11049,Consumer,Electronics,Wireless Earbuds,North,Website,5,8359.63,25,No,4.5,3,Credit Card
ORD-103989,16-09-2024 12:00,CUST-10747,Consumer,Electronics,Power Bank,East,Mobile App,1,10770.79,15,No,4.1,5,Debit Card
ORD-104899,15-11-2024 12:00,CUST-10873,Consumer,Home & Kitchen,Storage Set,South,Website,2,5498.39,15,No,3.8,6,UPI
ORD-100055,24-01-2024 22:00,CUST-10268,Consumer,Home & Kitchen,Water Bottle,South,Website,1,6914.46,5,No,4.6,3,UPI
ORD-101242,09-06-2025 23:00,CUST-11909,Consumer,Home & Kitchen,Desk Lamp,North,Mobile App,3,11905.55,5,No,4,2,Debit Card
ORD-103725,24-06-2025 17:00,CUST-11734,Consumer,Home & Kitchen,Coffee Maker,South,Mobile App,1,3186.29,10,No,4.9,2,Credit Card
ORD-104002,20-01-2024 06:00,CUST-10081,Consumer,Fashion,Backpack,South,Website,1,1749.17,15,No,2.9,4,Credit Card
ORD-101758,08-11-2024 00:00,CUST-11925,Consumer,Electronics,Bluetooth Speaker,West,Website,3,5206.99,0,No,3.6,4,Debit Card
ORD-103553,24-01-2025 04:00,CUST-10231,Consumer,Electronics,Power Bank,North,Marketplace,1,14742.57,15,No,5,4,Credit Card
ORD-105472,12-03-2025 12:00,CUST-11677,Small Business,Home & Kitchen,Air Fryer,North,Website,10,7707.3,0,No,4.7,4,Debit Card
ORD-104200,05-01-2025 11:00,CUST-10927,Consumer,Home & Kitchen,Desk Lamp,North,Website,4,3342.27,10,No,3.7,6,Debit Card
ORD-102761,23-08-2024 09:00,CUST-11610,Consumer,Books,Leadership Book,South,Website,5,1079.62,25,No,4.1,6,Credit Card
ORD-104033,01-06-2024 16:00,CUST-11430,Small Business,Electronics,USB-C Hub,North,Marketplace,2,7496.63,25,No,3.9,4,UPI
ORD-101165,27-02-2024 07:00,CUST-10822,Consumer,Electronics,Bluetooth Speaker,Central,Website,2,14284.63,10,Yes,3.2,3,Credit Card
ORD-102557,17-04-2025 22:00,CUST-10303,Consumer,Home & Kitchen,Air Fryer,North,Mobile App,3,10154.55,20,No,3.5,2,Debit Card
ORD-100950,21-02-2024 00:00,CUST-10876,Consumer,Home & Kitchen,Coffee Maker,West,Website,5,4971.94,5,Yes,5,3,Net Banking
ORD-102718,12-11-2024 13:00,CUST-10996,Enterprise,Electronics,Power Bank,East,Website,10,1908.07,25,No,5,7,Credit Card
ORD-102888,22-03-2024 00:00,CUST-10419,Consumer,Beauty,Perfume,North,Mobile App,1,4294,10,No,4.3,3,UPI
ORD-101943,17-01-2024 09:00,CUST-10408,Consumer,Books,Business Strategy,North,Website,1,570.83,0,No,4.2,2,UPI
ORD-105556,25-02-2024 10:00,CUST-10331,Consumer,Fashion,Casual Shirt,Central,Marketplace,3,5348.81,20,No,2.5,4,Credit Card
ORD-103901,03-06-2025 19:00,CUST-11435,Small Business,Fashion,Hoodie,North,Marketplace,1,2252.28,10,No,5,1,UPI
ORD-100137,17-01-2024 19:00,CUST-10360,Consumer,Electronics,Smart Watch,South,Website,10,16815.28,20,No,3.2,4,Credit Card
ORD-102020,14-06-2024 09:00,CUST-10950,Consumer,Books,Fiction Novel,West,Website,5,1337.33,15,No,4.6,7,Debit Card
ORD-104889,19-09-2024 20:00,CUST-11455,Consumer,Fashion,Hoodie,West,Mobile App,1,4824.75,10,No,3.9,4,Debit Card
ORD-100216,13-02-2024 06:00,CUST-10182,Consumer,Home & Kitchen,Coffee Maker,East,Mobile App,3,5426.8,10,No,4.2,3,Net Banking
ORD-105355,22-03-2025 13:00,CUST-11001,Consumer,Beauty,Perfume,South,Mobile App,1,4994.89,5,No,4.8,6,Debit Card
ORD-103923,15-08-2024 20:00,CUST-10733,Small Business,Fashion,Running Shoes,West,Mobile App,6,3898.97,25,No,4.3,3,Net Banking
ORD-105681,05-03-2025 16:00,CUST-11453,Consumer,Fashion,Sports Cap,North,Marketplace,1,2818.78,5,No,3.7,3,Credit Card
ORD-102167,05-04-2025 11:00,CUST-11700,Consumer,Beauty,Perfume,East,Website,1,3834.91,10,No,3.6,1,Credit Card
ORD-104902,05-12-2024 07:00,CUST-11248,Consumer,Books,Leadership Book,North,Mobile App,1,1073.85,10,No,3.6,3,Credit Card
ORD-104178,08-09-2024 07:00,CUST-10765,Consumer,Books,Fiction Novel,Central,Mobile App,1,692.03,0,No,4.1,8,Wallet
ORD-100879,10-12-2024 00:00,CUST-11576,Consumer,Home & Kitchen,Air Fryer,North,Website,2,4105.58,5,No,4.3,6,Debit Card
ORD-102966,11-05-2024 08:00,CUST-10993,Consumer,Beauty,Perfume,South,Website,2,3921.62,10,No,3.2,3,Net Banking
ORD-104373,22-03-2025 18:00,CUST-10956,Consumer,Beauty,Perfume,Central,Marketplace,1,3335.96,15,No,3.3,4,Credit Card
ORD-104340,29-01-2024 08:00,CUST-10824,Consumer,Fashion,Casual Shirt,South,Marketplace,1,3442.33,15,No,3.3,4,UPI
ORD-101695,07-01-2025 17:00,CUST-10755,Consumer,Fashion,Hoodie,East,Website,1,2322.52,5,No,3.7,3,UPI
ORD-102128,05-02-2024 00:00,CUST-10393,Small Business,Books,Data Analytics Guide,East,Website,1,1647.67,0,Yes,3.8,4,Net Banking
ORD-103025,08-12-2024 06:00,CUST-11416,Consumer,Books,Business Strategy,South,Mobile App,2,1346.72,25,No,4.2,2,Credit Card
ORD-100480,06-06-2024 05:00,CUST-10568,Small Business,Home & Kitchen,Air Fryer,South,Marketplace,3,10391.57,25,No,4.6,2,Credit Card
ORD-100086,23-02-2024 02:00,CUST-11819,Consumer,Electronics,Smart Watch,North,Website,1,14272.3,5,No,4.1,5,Debit Card
ORD-105101,23-10-2024 16:00,CUST-10592,Small Business,Electronics,Wireless Earbuds,North,Marketplace,3,14731.61,0,No,4.6,1,Credit Card
ORD-102052,16-07-2024 05:00,CUST-11696,Consumer,Fashion,Running Shoes,East,Mobile App,4,5729.79,15,No,3,5,Debit Card
ORD-105584,07-09-2024 18:00,CUST-11682,Consumer,Beauty,Perfume,south,Mobile App,1,1052.79,20,No,3.3,2,UPI
ORD-101685,11-10-2024 01:00,CUST-11147,Consumer,Home & Kitchen,Air Fryer,East,Website,1,2438.17,10,Yes,4.7,4,UPI
ORD-102712,28-05-2025 06:00,CUST-11777,Consumer,Books,Leadership Book,North,Mobile App,2,1671.31,10,No,3.3,7,UPI
ORD-101289,05-12-2024 13:00,CUST-10068,Consumer,Fashion,Sports Cap,Central,Mobile App,1,5998.3,20,No,4.5,1,Credit Card
ORD-102713,11-10-2024 04:00,CUST-10125,Small Business,Fashion,Backpack,East,Marketplace,3,1517.54,20,No,3.9,2,Debit Card
ORD-103324,24-08-2024 16:00,CUST-10126,Small Business,Fashion,Backpack,South,Mobile App,2,5591.91,30,No,4.8,1,Credit Card
ORD-104553,30-10-2024 16:00,CUST-10432,Consumer,Electronics,Wireless Earbuds,North,Mobile App,3,21364.1,15,No,3.9,2,UPI
ORD-102755,20-04-2025 19:00,CUST-11182,Enterprise,Fashion,Hoodie,Central,Website,1,4912.87,20,No,4.8,4,Credit Card
ORD-100250,07-04-2024 23:00,CUST-10908,Consumer,Books,Fiction Novel,Central,Marketplace,1,382.4,10,No,4.3,4,Credit Card
ORD-104436,23-12-2024 13:00,CUST-10136,Consumer,Electronics,USB-C Hub,North,Mobile App,1,10774.36,30,No,4.6,4,Net Banking
ORD-103186,22-02-2025 00:00,CUST-11038,Enterprise,Fashion,Sports Cap,North,Website,3,716.64,15,No,3.7,5,Debit Card
ORD-100715,12-03-2025 10:00,CUST-10192,Consumer,Beauty,Body Lotion,North,Mobile App,5,1477.38,15,No,4.1,1,UPI
ORD-100913,19-06-2025 03:00,CUST-11690,Small Business,Home & Kitchen,Coffee Maker,North,Mobile App,4,11162.09,15,No,4.5,4,UPI
ORD-102728,13-11-2024 08:00,CUST-11553,Small Business,Books,Fiction Novel,South,Website,10,1721.53,30,No,4,7,Debit Card
ORD-103442,05-09-2024 16:00,CUST-11243,Consumer,Beauty,Hair Dryer,East,Mobile App,1,3576.29,0,No,3.4,1,Debit Card
ORD-102804,04-04-2024 00:00,CUST-10751,Enterprise,Fashion,Casual Shirt,East,Website,1,3836.24,5,No,3.9,2,Debit Card
ORD-102845,06-09-2024 05:00,CUST-10186,Small Business,Books,Fiction Novel,Central,Mobile App,3,509.89,10,No,3,2,Debit Card
ORD-100176,26-01-2025 13:00,CUST-10463,Consumer,Books,Business Strategy,Central,Website,1,931.08,0,No,4,5,UPI
ORD-102667,11-06-2025 03:00,CUST-10181,Small Business,Books,Business Strategy,East,Marketplace,8,1531.52,20,No,4.3,3,Credit Card
ORD-105989,03-11-2024 10:00,CUST-11776,Consumer,Home & Kitchen,Air Fryer,North,Mobile App,3,10425.82,20,No,3.9,1,UPI
ORD-102813,10-06-2025 14:00,CUST-11200,Consumer,Fashion,Casual Shirt,North,Mobile App,1,566.6,0,Yes,4.3,2,Net Banking
ORD-104341,16-08-2024 02:00,CUST-10341,Small Business,Home & Kitchen,Air Fryer,South,Website,5,8267.22,20,No,4.9,2,UPI
ORD-104220,02-03-2024 00:00,CUST-10157,Consumer,Electronics,Wireless Earbuds,Central,Mobile App,1,6169.02,15,No,4.9,2,Credit Card
ORD-105279,18-04-2024 07:00,CUST-10344,Consumer,Home & Kitchen,Water Bottle,East,Website,1,825.15,10,No,3.6,3,Wallet
ORD-100426,16-04-2025 22:00,CUST-10719,Consumer,Electronics,USB-C Hub,Central,Website,6,14731.62,5,Yes,3.5,1,Debit Card
ORD-104432,05-05-2025 11:00,CUST-10449,Consumer,Fashion,Hoodie,South,Website,5,5076.04,15,Yes,5,5,Debit Card
ORD-103077,21-03-2025 01:00,CUST-11674,Consumer,Home & Kitchen,Storage Set,Central,Mobile App,1,8729.27,10,No,4.7,5,Wallet
ORD-102267,01-02-2025 10:00,CUST-11285,Consumer,Books,SQL Handbook,North,Website,4,1559.26,10,No,5,3,Wallet
ORD-103669,28-04-2024 10:00,CUST-10737,Consumer,Beauty,Skin Serum,West,Mobile App,2,1832.35,5,No,2.9,4,Wallet
ORD-105559,14-03-2024 20:00,CUST-11880,Enterprise,Books,SQL Handbook,Central,Mobile App,1,1243.87,30,No,3.1,2,Debit Card
ORD-105784,07-11-2024 01:00,CUST-10195,Consumer,Beauty,Skin Serum,Central,Mobile App,2,2588.64,20,No,,3,Credit Card
ORD-103572,11-01-2025 06:00,CUST-11711,Consumer,Fashion,Casual Shirt,Central,Website,3,2015.04,5,Yes,4.8,3,
ORD-102519,28-06-2025 05:00,CUST-11154,Small Business,Fashion,Sports Cap,Central,Mobile App,3,3906.79,10,No,4.6,1,Credit Card
ORD-102003,07-09-2024 05:00,CUST-10266,Consumer,Electronics,Smart Watch,Central,Marketplace,1,6233.38,20,No,2.4,3,Credit Card
ORD-101707,13-05-2025 07:00,CUST-10275,Consumer,Home & Kitchen,Air Fryer,East,Website,4,5843.31,0,No,3.5,1,UPI
ORD-101556,04-05-2025 15:00,CUST-10303,Consumer,Beauty,Perfume,West,Website,1,2765.24,15,No,3,4,Debit Card
ORD-105031,01-04-2025 20:00,CUST-10373,Consumer,Home & Kitchen,Coffee Maker,West,Marketplace,4,1036.22,10,No,3.6,6,Credit Card
ORD-102396,31-05-2025 20:00,CUST-10083,Enterprise,Home & Kitchen,Water Bottle,West,Mobile App,1,8057.41,20,No,3.6,3,Credit Card
ORD-104935,20-11-2024 01:00,CUST-10338,Small Business,Home & Kitchen,Coffee Maker,West,Marketplace,1,7350.93,10,No,4.2,1,Credit Card
ORD-104287,16-03-2025 07:00,CUST-10008,Small Business,Electronics,Wireless Earbuds,South,Mobile App,1,11857.71,10,No,5,2,Credit Card
ORD-105459,02-05-2025 13:00,CUST-11809,Small Business,Fashion,Running Shoes,West,Mobile App,5,1033.83,0,No,3.9,7,UPI
ORD-101065,30-07-2024 18:00,CUST-11851,Consumer,Beauty,Perfume,South,Marketplace,3,260.88,10,No,4.6,3,Debit Card
ORD-101497,02-03-2025 05:00,CUST-10600,Consumer,Home & Kitchen,Water Bottle,West,Website,4,5400.37,30,No,3.8,3,Net Banking
ORD-105178,17-02-2024 14:00,CUST-10936,Consumer,Fashion,Sports Cap,North,Website,6,5239.64,20,No,4.2,2,Wallet
ORD-103443,30-04-2024 05:00,CUST-11190,Small Business,Beauty,Skin Serum,West,Mobile App,4,1513.88,30,No,4.2,2,UPI
ORD-105199,03-06-2025 02:00,CUST-11360,Consumer,Electronics,Wireless Earbuds,West,Website,1,20059.05,20,No,3.5,5,UPI
ORD-105841,29-06-2025 17:00,CUST-10063,Consumer,Electronics,Smart Watch,East,Mobile App,2,9645.23,15,No,4.2,3,UPI
ORD-101127,14-12-2024 03:00,CUST-10301,Small Business,Home & Kitchen,Desk Lamp,Central,Marketplace,1,7839.02,10,No,3.9,2,Credit Card
ORD-104095,25-10-2024 16:00,CUST-10979,Consumer,Electronics,USB-C Hub,North,Marketplace,2,7564.94,10,No,4.3,4,Wallet
ORD-101639,29-05-2024 04:00,CUST-11077,Consumer,Electronics,Power Bank,West,Marketplace,3,4136.62,10,No,3.7,3,UPI
ORD-102477,06-04-2024 04:00,CUST-10272,Small Business,Home & Kitchen,Coffee Maker,South,Website,3,10148.43,20,No,4.9,3,UPI
ORD-102917,31-05-2025 09:00,CUST-11673,Consumer,Beauty,Skin Serum,North,Mobile App,1,1430.39,5,No,3.6,2,Net Banking
ORD-103474,11-06-2024 16:00,CUST-10760,Consumer,Electronics,Power Bank,North,Mobile App,2,12109.66,10,No,4,3,Debit Card
ORD-100042,17-01-2025 12:00,CUST-10325,Consumer,Beauty,Skin Serum,North,Marketplace,2,4633.47,15,No,4.3,3,Debit Card
ORD-104822,11-05-2025 03:00,CUST-10902,Consumer,Home & Kitchen,Air Fryer,West,Website,2,8399.17,30,No,2.7,2,Wallet
ORD-103484,10-08-2024 14:00,CUST-10741,Consumer,Books,Fiction Novel,North,Website,2,405.96,5,No,4.7,5,UPI
ORD-105938,25-06-2025 22:00,CUST-11379,Small Business,Home & Kitchen,Air Fryer,North,Marketplace,3,4995.07,25,No,2.9,2,Credit Card
ORD-105107,02-06-2025 17:00,,Consumer,Beauty,Face Wash,East,Website,1,265,10,No,4.2,3,Net Banking
ORD-100419,03-10-2024 11:00,CUST-11397,Consumer,Books,Leadership Book,South,Marketplace,1,526.63,20,No,3.9,5,Debit Card
ORD-103661,12-09-2024 17:00,CUST-10679,Consumer,Books,Leadership Book,South,Marketplace,8,1156.05,5,No,5,1,Credit Card
ORD-104614,01-11-2024 21:00,CUST-10603,Small Business,Home & Kitchen,Water Bottle,South,Marketplace,3,4626.12,25,No,2.9,3,Wallet
ORD-100603,14-03-2024 11:00,CUST-11534,Consumer,Electronics,Bluetooth Speaker,North,Website,3,4467.42,10,No,2.4,4,Credit Card
ORD-102382,16-05-2025 04:00,CUST-11359,Consumer,Beauty,Body Lotion,East,Mobile App,1,3610.95,10,No,4.6,3,Wallet
ORD-102629,22-01-2024 01:00,CUST-11873,Consumer,Home & Kitchen,Desk Lamp,Central,Mobile App,6,5876.84,25,No,4.5,4,Credit Card
ORD-104367,18-03-2024 14:00,CUST-10272,Consumer,Beauty,Perfume,North,Mobile App,1,2627.86,25,No,4.2,6,Debit Card
ORD-101381,04-06-2024 08:00,CUST-11089,Consumer,Home & Kitchen,Storage Set,Central,Marketplace,4,5684.6,10,No,3.6,4,Net Banking
ORD-104501,18-10-2024 12:00,CUST-10570,Consumer,Beauty,Hair Dryer,Central,Mobile App,1,1067.49,20,No,3.6,2,UPI
ORD-105999,23-02-2024 13:00,CUST-11071,Enterprise,Fashion,Casual Shirt,East,Website,2,2231.61,0,Yes,4.7,5,Debit Card
ORD-103933,02-02-2025 11:00,CUST-11423,Consumer,Fashion,Backpack,North,Website,1,5755.59,0,No,5,3,Debit Card
ORD-100537,04-03-2024 01:00,CUST-11592,Consumer,Fashion,Sports Cap,North,Website,4,3481.26,10,No,4.1,2,UPI
ORD-103252,26-03-2024 07:00,CUST-10119,Consumer,Home & Kitchen,Desk Lamp,North,Marketplace,4,10468.48,10,No,,3,Wallet
ORD-103182,11-02-2025 17:00,CUST-10338,Consumer,Beauty,Face Wash,north,Mobile App,4,4009.85,15,No,3.4,3,UPI
ORD-104753,21-04-2025 04:00,,Consumer,Beauty,Perfume,South,Mobile App,2,3458.08,10,No,5,4,Debit Card
ORD-101308,14-08-2024 14:00,CUST-10069,Consumer,Books,Business Strategy,North,Mobile App,2,484.71,20,No,3.9,4,Credit Card
ORD-101618,07-03-2024 06:00,CUST-10255,Consumer,Home & Kitchen,Coffee Maker,North,Mobile App,1,602.16,15,No,3.4,5,Net Banking
ORD-105486,26-04-2024 09:00,CUST-11672,Consumer,Books,Fiction Novel,South,Website,1,1093.25,10,No,3,4,Debit Card
ORD-101220,20-12-2024 17:00,CUST-11613,Consumer,Electronics,Smart Watch,East,Website,1,12733.53,10,No,4,6,Net Banking
ORD-103585,28-04-2024 06:00,CUST-11036,Consumer,Electronics,USB-C Hub,North,Mobile App,1,14201.27,15,No,4.1,2,Debit Card
ORD-100469,24-05-2025 11:00,CUST-10791,Enterprise,Books,Business Strategy,North,Marketplace,2,580.13,15,No,4.3,3,UPI
ORD-100574,04-01-2024 20:00,CUST-10817,Small Business,Home & Kitchen,Air Fryer,South,Mobile App,2,7485.22,5,No,3.7,3,Net Banking
ORD-105900,22-05-2025 20:00,CUST-10426,Consumer,Electronics,Smart Watch,North,Marketplace,1,11438.09,15,No,4.3,3,Net Banking
ORD-100609,13-04-2025 06:00,CUST-11505,Consumer,Electronics,Wireless Earbuds,North,Marketplace,6,18838.83,0,No,4.5,1,Credit Card
ORD-105080,21-06-2024 16:00,CUST-10452,Enterprise,Electronics,Power Bank,West,Mobile App,2,17807.1,15,No,4.2,3,Debit Card
ORD-102731,12-10-2024 04:00,CUST-11430,Consumer,Books,Data Analytics Guide,East,Website,1,587.44,15,No,4.2,1,Debit Card
ORD-102156,29-08-2024 18:00,CUST-10182,Enterprise,Home & Kitchen,Air Fryer,North,Mobile App,1,9053.87,10,No,2.4,2,Credit Card
ORD-104956,28-03-2024 16:00,CUST-10712,Consumer,Home & Kitchen,Desk Lamp,South,Website,3,2395.75,20,No,4.4,5,UPI
ORD-101922,26-03-2025 17:00,CUST-10514,Consumer,Electronics,Smart Watch,Central,Mobile App,4,10139.37,20,No,4.9,5,UPI
ORD-100616,16-05-2024 09:00,CUST-10878,Consumer,Home & Kitchen,Storage Set,Central,Mobile App,1,6906.59,15,No,4.5,3,UPI
ORD-101827,21-06-2025 14:00,CUST-10467,Small Business,Home & Kitchen,Coffee Maker,North,Website,1,8074.71,15,No,3,4,Credit Card
ORD-102616,25-06-2025 20:00,CUST-11874,Consumer,Home & Kitchen,Coffee Maker,South,Marketplace,2,4633.5,15,No,3.4,4,Debit Card
ORD-102463,15-11-2024 20:00,CUST-11541,Consumer,Beauty,Body Lotion,South,Marketplace,2,1448.51,30,No,3.9,3,UPI
ORD-103735,21-04-2024 07:00,CUST-11392,Consumer,Books,Business Strategy,West,Mobile App,2,1487.91,20,Yes,4,2,UPI
ORD-103160,05-03-2024 17:00,CUST-11869,Consumer,Fashion,Hoodie,East,Mobile App,1,1150.16,0,No,3.8,1,Wallet
ORD-102826,16-07-2024 15:00,CUST-10052,Consumer,Fashion,Casual Shirt,West,Mobile App,4,5165.16,20,No,5,1,UPI
ORD-103627,09-05-2024 10:00,CUST-10238,Consumer,Fashion,Casual Shirt,Central,Mobile App,4,3936.72,20,Yes,2.9,1,Wallet
ORD-105127,09-10-2024 01:00,CUST-11241,Consumer,Fashion,Running Shoes,North,Mobile App,2,4372.54,25,No,4.3,3,Debit Card
ORD-103046,01-02-2025 07:00,CUST-11033,Enterprise,Home & Kitchen,Desk Lamp,North,Marketplace,2,1576.65,10,No,4.3,3,UPI
ORD-101297,04-01-2025 19:00,CUST-10143,Consumer,Fashion,Hoodie,West,Mobile App,2,1754.29,0,No,4.9,4,UPI
ORD-103743,28-08-2024 03:00,CUST-11059,Small Business,Electronics,Wireless Earbuds,Central,Website,4,13879.83,20,No,3.3,2,Credit Card
ORD-104612,05-03-2025 11:00,CUST-10654,Enterprise,Fashion,Backpack,West,Mobile App,2,1152.41,10,No,5,3,Credit Card
ORD-104028,11-01-2025 18:00,CUST-11647,Small Business,Fashion,Casual Shirt,Central,Mobile App,4,3942.03,10,No,3.9,3,Credit Card
ORD-102154,19-01-2025 18:00,CUST-10467,Small Business,Electronics,USB-C Hub,West,Marketplace,3,9602.82,10,No,4.9,4,UPI
ORD-105703,23-08-2024 12:00,CUST-11074,Small Business,Home & Kitchen,Coffee Maker,North,Website,1,701.36,15,No,3.4,2,UPI
ORD-104139,02-10-2024 12:00,CUST-11430,Consumer,Electronics,Bluetooth Speaker,North,Mobile App,1,20830.69,20,No,3.9,4,Credit Card
ORD-103675,23-08-2024 20:00,CUST-10160,Consumer,Electronics,Smart Watch,East,Website,5,4634.53,10,No,4.1,3,Net Banking
ORD-102113,12-05-2025 01:00,CUST-10593,Consumer,Books,Business Strategy,South,Marketplace,2,591.26,20,No,4.4,3,Net Banking
ORD-102185,06-06-2024 23:00,CUST-10961,Small Business,Books,Business Strategy,Central,Website,4,491.26,0,No,3.5,1,Credit Card
ORD-104417,26-03-2024 08:00,CUST-11641,Consumer,Books,SQL Handbook,South,Mobile App,1,1305.21,0,No,4,2,Wallet
ORD-105046,25-02-2025 06:00,CUST-11431,Consumer,Fashion,Casual Shirt,South,Website,1,1021.39,10,No,3.8,3,UPI
ORD-103774,22-08-2024 20:00,CUST-11693,Consumer,Fashion,Casual Shirt,West,Marketplace,2,3018.81,5,No,4.4,4,UPI
ORD-101089,18-03-2024 07:00,CUST-11491,Enterprise,Electronics,USB-C Hub,South,Marketplace,2,18423.38,5,No,4.4,1,Credit Card
ORD-100623,15-08-2024 15:00,CUST-10395,Consumer,Beauty,Hair Dryer,South,Marketplace,2,3024.07,15,No,3.5,1,UPI
ORD-102980,26-01-2025 14:00,CUST-10524,Small Business,Fashion,Sports Cap,North,Mobile App,10,640.7,0,Yes,4.3,3,Credit Card
ORD-104737,19-07-2024 04:00,CUST-11328,Small Business,Home & Kitchen,Desk Lamp,West,Marketplace,1,11607.5,10,No,2.3,4,Debit Card
ORD-100512,04-04-2025 03:00,CUST-10433,Small Business,Books,Data Analytics Guide,Central,Mobile App,10,649.84,25,Yes,4.9,1,Net Banking
ORD-102694,25-05-2025 12:00,CUST-11767,Consumer,Beauty,Face Wash,West,Marketplace,3,3950.82,15,No,4.4,3,Debit Card
ORD-101139,21-10-2024 14:00,CUST-11931,Consumer,Beauty, Body Lotion ,East,Website,3,4172.5,20,No,4.3,7,Wallet
ORD-102377,15-03-2024 22:00,CUST-11261,Consumer,Beauty,Skin Serum,East,Mobile App,4,3174.73,15,No,5,3,UPI
ORD-104071,03-03-2025 10:00,CUST-11364,Small Business,Electronics,Power Bank,East,Mobile App,1,10126.89,15,Yes,3.4,4,UPI
ORD-102270,23-06-2024 23:00,CUST-11860,Consumer,Books,Data Analytics Guide,Central,Mobile App,3,1666.71,10,No,4.1,5,Debit Card
ORD-102759,22-08-2024 06:00,CUST-11380,Consumer,Electronics,Wireless Earbuds,Central,Website,1,9994.31,0,No,4.3,3,UPI
ORD-103629,29-03-2025 01:00,CUST-10278,Consumer,Fashion,Running Shoes,North,Mobile App,1,2287.44,5,No,4.9,1,Debit Card
ORD-104333,03-05-2025 00:00,CUST-10032,Consumer,Fashion,Running Shoes,East,Marketplace,2,4785.18,25,No,4.3,4,Debit Card
ORD-103450,16-09-2024 00:00,CUST-10324,Consumer,Home & Kitchen,Desk Lamp,West,Marketplace,1,4333.03,20,No,3.8,3,Net Banking
ORD-105969,06-02-2024 05:00,CUST-10062,Consumer,Fashion,Running Shoes,Central,Website,1,780.43,10,No,4.2,3,Debit Card
ORD-104993,28-10-2024 13:00,CUST-10875,Consumer,Books,Business Strategy,South,Website,1,1310.55,15,No,4.1,4,Debit Card
ORD-101005,17-05-2025 22:00,CUST-11913,Consumer,Electronics,Smart Watch,West,Website,4,13210.31,10,No,,5,Debit Card
ORD-101627,15-11-2024 05:00,CUST-11506,Enterprise,Home & Kitchen,Air Fryer,South,Marketplace,6,4018.3,20,No,3.6,4,UPI
ORD-102151,24-06-2024 22:00,CUST-10304,Small Business,Electronics,Smart Watch,East,Website,2,10479.47,5,No,4.7,6,Debit Card
ORD-100504,29-05-2024 15:00,CUST-10612,Consumer,Fashion,Backpack,South,Mobile App,3,3673.06,10,No,4.2,4,Debit Card
ORD-105040,10-07-2024 22:00,CUST-10981,Small Business,Electronics,Wireless Earbuds,East,Website,1,10651.86,30,No,4.2,3,Credit Card
ORD-103667,08-04-2024 18:00,CUST-10090,Consumer,Home & Kitchen,Desk Lamp,West,Website,3,11746.31,25,No,4.1,1,Credit Card
ORD-105536,31-01-2024 06:00,CUST-10252,Small Business,Electronics,Smart Watch,Central,Website,1,16059.56,15,No,4.1,3,Debit Card
ORD-105653,11-09-2024 00:00,CUST-10306,Consumer,Electronics,USB-C Hub,East,Website,2,18828.02,5,No,3.5,6,UPI
ORD-100243,20-12-2024 20:00,CUST-11272,Consumer,Home & Kitchen,Water Bottle,West,Marketplace,2,9959.63,0,No,3.1,3,UPI
ORD-105379,06-10-2024 02:00,CUST-11526,Consumer,Home & Kitchen,Desk Lamp,North,Website,3,6108.8,5,No,4.6,2,UPI
ORD-100912,24-07-2024 12:00,CUST-11791,Consumer,Books,Fiction Novel,West,Mobile App,10,699.22,10,No,4.8,2,Debit Card
ORD-104603,17-02-2025 01:00,CUST-11406,Consumer,Fashion,Sports Cap,North,Website,2,1118.82,0,No,4.5,1,Debit Card
ORD-104653,24-04-2024 02:00,CUST-10798,Small Business,Electronics,Smart Watch,South,Website,2,11407.88,0,No,4.3,2,Credit Card
ORD-103886,15-02-2024 10:00,CUST-11582,Consumer,Home & Kitchen,Storage Set,Central,Website,5,11212.92,10,No,3.6,3,Debit Card
ORD-103433,02-07-2024 22:00,CUST-11635,Small Business,Books,Fiction Novel,South,Mobile App,1,1495.04,25,No,4.8,1,Debit Card
ORD-101412,16-05-2024 20:00,CUST-11887,Small Business,Beauty,Hair Dryer,South,Mobile App,2,3751.06,20,No,4.7,2,Debit Card
ORD-105034,12-01-2024 10:00,CUST-10994,Consumer,Electronics,USB-C Hub,Central,Website,2,8481.67,15,No,4.3,4,Debit Card
ORD-105022,07-01-2025 17:00,CUST-10583,Small Business,Books,Data Analytics Guide,East,Website,3,320.66,15,No,4.5,2,Wallet
ORD-102802,24-06-2025 03:00,CUST-11257,Consumer,Beauty,Perfume,South,Mobile App,6,1594.73,0,No,3.4,3,UPI
ORD-102490,05-07-2024 21:00,CUST-10975,Consumer,Home & Kitchen,Storage Set,Central,Website,1,9305.56,0,No,4.8,6,Wallet
ORD-104252,19-06-2025 05:00,CUST-10238,Consumer,Books,Business Strategy,North,Marketplace,3,963.51,5,No,4.5,4,Wallet
ORD-100713,21-02-2025 03:00,,Consumer,Beauty,Perfume,East,Marketplace,2,2687.81,20,Yes,3.8,4,Debit Card
ORD-102972,22-11-2024 11:00,CUST-10168,Consumer,Fashion,Running Shoes,North,Mobile App,2,2877.29,30,No,4.4,4,Debit Card
ORD-101735,11-03-2025 19:00,CUST-10443,Small Business,Beauty,Body Lotion,West,Marketplace,2,4087.54,25,No,3.6,3,UPI
ORD-105144,15-12-2024 15:00,CUST-11367,Consumer,Fashion,Casual Shirt,South,Website,4,4322.63,15,No,4.7,5,Debit Card
ORD-103709,08-04-2025 23:00,CUST-10124,Small Business,Electronics,Power Bank,East,Marketplace,4,1223.73,20,Yes,2.9,5,Credit Card
ORD-105957,26-01-2025 00:00,,Consumer,Fashion,Hoodie,Central,Website,2,5662.1,15,No,4.2,4,Credit Card
ORD-105878,24-12-2024 12:00,CUST-10462,Small Business,Electronics,Smart Watch,Central,Website,2,4370.59,10,No,4.4,4,Debit Card
ORD-103756,13-12-2024 18:00,CUST-10045,Small Business,Beauty,Face Wash,West,Website,5,1562.77,5,No,4.2,4,Credit Card
ORD-101191,31-05-2024 19:00,CUST-11570,Consumer,Beauty,Hair Dryer,South,Marketplace,2,4897.49,0,No,4.2,2,Debit Card
ORD-100897,30-01-2024 18:00,CUST-10044,Consumer,Home & Kitchen,Coffee Maker,South,Mobile App,5,7224.13,25,No,3.9,2,UPI
ORD-102446,26-02-2025 09:00,CUST-10440,Consumer,Beauty,Perfume,North,Mobile App,1,3592.95,30,No,4.2,3,UPI
ORD-104162,03-11-2024 10:00,CUST-11794,Consumer,Fashion,Sports Cap,South,Mobile App,1,3931.08,25,No,4.3,4,Net Banking
ORD-102911,19-02-2024 11:00,CUST-10958,Consumer,Electronics,Smart Watch,East,Website,3,9667.27,30,No,3.1,5,Net Banking
ORD-101843,06-04-2025 20:00,CUST-10816,Small Business,Home & Kitchen,Storage Set,West,Website,2,7526.13,5,No,3.8,6,UPI
ORD-100032,20-02-2024 07:00,CUST-11432,Small Business,Electronics,Bluetooth Speaker,West,Website,1,17216.68,20,No,4.7,5,Credit Card
ORD-102771,23-01-2024 01:00,CUST-11832,Consumer,Books,Data Analytics Guide,North,Marketplace,1,1348.21,5,No,4.1,1,Wallet
ORD-100968,17-05-2025 14:00,CUST-11884,Small Business,Home & Kitchen,Desk Lamp,South,Mobile App,2,1144.62,20,No,5,4,Wallet
ORD-105772,11-08-2024 12:00,CUST-10949,Consumer,Fashion,Casual Shirt,North,Website,1,4083.63,5,No,3.8,5,Credit Card
ORD-104480,12-09-2024 05:00,CUST-11911,Small Business,Fashion,Running Shoes,East,Website,5,4960.1,5,No,3.5,6,UPI
ORD-100694,19-02-2024 04:00,CUST-10872,Consumer,Beauty,Skin Serum,South,Website,2,2684.34,15,No,4,4,Wallet
ORD-103778,22-06-2025 01:00,CUST-11420,Consumer,Home & Kitchen,Desk Lamp,West,Website,3,7179.61,5,No,3.9,5,UPI
ORD-102158,19-03-2025 22:00,CUST-10433,Enterprise,Home & Kitchen,Desk Lamp,Central,Mobile App,1,9002.99,0,No,3.6,3,Credit Card
ORD-102685,20-09-2024 01:00,CUST-10406,Consumer,Electronics,Wireless Earbuds,West,Website,1,20345.39,10,No,3.5,3,Credit Card
ORD-101474,17-06-2025 13:00,CUST-10012,Consumer,Home & Kitchen,Storage Set,North,Mobile App,1,5630.36,25,No,3.4,5,Debit Card
ORD-103034,24-02-2024 11:00,CUST-11658,Small Business,Books,Data Analytics Guide,North,Marketplace,3,1561.39,10,No,4.7,3,Wallet
ORD-103031,28-05-2024 20:00,CUST-11618,Consumer,Home & Kitchen,Air Fryer,East,Website,4,5949.21,10,No,4.5,4,Wallet
ORD-102580,28-07-2024 12:00,CUST-11258,Small Business,Fashion,Running Shoes,West,Marketplace,1,4775.94,25,No,3.5,1,Credit Card
ORD-104601,02-06-2025 02:00,CUST-11419,Small Business,Books,Fiction Novel,Central,Website,2,618.38,20,No,4.5,3,Credit Card
ORD-100416,13-06-2025 06:00,CUST-11617,Enterprise,Fashion,Hoodie,East,Mobile App,1,5512.82,30,No,4.3,4,UPI
ORD-105215,06-05-2024 23:00,CUST-11132,Small Business,Electronics,Bluetooth Speaker,North,Mobile App,4,11703.27,20,No,4.4,1,Credit Card
ORD-102276,24-04-2024 15:00,CUST-10049,Consumer,Fashion,Casual Shirt,East,Website,1,4284.37,15,Yes,4.3,4,UPI
ORD-105870,05-03-2025 19:00,CUST-10222,Consumer,Fashion,Hoodie,Central,Website,2,5519.22,15,No,4.2,5,Net Banking
ORD-101458,24-05-2024 01:00,CUST-11407,Consumer,Electronics,Smart Watch,North,Website,3,13342.83,15,No,4.3,2,Credit Card
ORD-100488,21-02-2025 19:00,CUST-10323,Consumer,Electronics,Power Bank,East,Mobile App,2,19516.12,30,No,4.3,5,Net Banking
ORD-100689,03-03-2025 08:00,CUST-10549,Consumer,Home & Kitchen,Desk Lamp,Central,Website,1,7868.82,15,No,5,1,Debit Card
ORD-104302,13-03-2024 20:00,CUST-11102,Consumer,Books,Data Analytics Guide,Central,Mobile App,1,926,5,No,4,4,Credit Card
ORD-104316,18-06-2025 11:00,CUST-10064,Small Business,Books,Fiction Novel,Central,Website,4,1339.68,10,No,2.9,4,Credit Card
ORD-101820,19-06-2024 17:00,CUST-11147,Consumer,Fashion,Hoodie,East,Marketplace,6,5981,15,Yes,4.9,4,Credit Card
ORD-105804,16-06-2024 18:00,CUST-11466,Enterprise,Beauty,Skin Serum,North,Mobile App,1,1062.56,5,No,3.5,5,Credit Card
ORD-105720,19-06-2025 02:00,CUST-10176,Consumer,Beauty,Hair Dryer,North,Mobile App,2,3584.47,15,No,2.4,4,Credit Card
ORD-100091,15-03-2025 10:00,CUST-10704,Consumer,Books,Business Strategy,West,Website,3,618.96,20,No,3,4,UPI
ORD-100748,19-06-2024 22:00,CUST-10104,Consumer,Home & Kitchen,Storage Set,Central,Mobile App,1,5171.61,10,No,3.8,1,UPI
ORD-100278,05-02-2024 11:00,CUST-10860,Small Business,Home & Kitchen,Water Bottle,East,Marketplace,1,6610.98,30,No,,4,Credit Card
ORD-102764,21-04-2024 15:00,CUST-10938,Consumer,Home & Kitchen,Water Bottle,South,Website,1,2852.39,0,No,4.2,4,UPI
ORD-100629,19-07-2024 01:00,CUST-10067,Consumer,Electronics,Wireless Earbuds,West,Marketplace,4,16527.19,0,Yes,4.7,1,UPI
ORD-101023,04-04-2025 18:00,CUST-10600,Small Business,Books,Fiction Novel,West,Website,2,424.42,5,No,4.6,4,UPI
ORD-100293,30-06-2024 01:00,CUST-10075,Consumer,Home & Kitchen,Coffee Maker,East,Website,1,7733.87,5,No,4.5,3,Debit Card
ORD-101499,04-04-2025 07:00,CUST-10512,Consumer,Beauty,Face Wash,West,Marketplace,5,3608.04,20,No,2.6,4,UPI
ORD-101553,04-12-2024 01:00,CUST-10349,Consumer,Fashion,Running Shoes,Central,Marketplace,1,5822.76,0,No,5,2,Debit Card
ORD-102249,19-08-2024 05:00,CUST-11667,Consumer,Beauty,Face Wash,West,Website,2,2385.61,0,No,3.1,3,Debit Card
ORD-105193,18-02-2024 10:00,CUST-11891,Consumer,Books,Data Analytics Guide,South,Website,2,721.62,20,No,4.2,1,Credit Card
ORD-102178,07-12-2024 22:00,CUST-10136,Consumer,Fashion,Running Shoes,North,Mobile App,1,3035.44,15,No,3.8,1,Net Banking
ORD-103902,05-10-2024 01:00,CUST-11548,Consumer,Fashion,Sports Cap,East,Mobile App,3,5122.39,15,No,2.9,1,Debit Card
ORD-102990,06-09-2024 00:00,CUST-10758,Small Business,Electronics,Smart Watch,North,Website,1,20136.29,10,No,3.5,2,Credit Card
ORD-101213,18-04-2025 07:00,CUST-10386,Small Business,Electronics,USB-C Hub,East,Website,2,9309.06,5,No,2.7,4,Credit Card
ORD-104045,08-01-2024 12:00,CUST-10300,Small Business,Books,SQL Handbook,North,Website,1,1232.71,15,No,4.2,2,Credit Card
ORD-104502,28-06-2025 16:00,CUST-11454,Small Business,Electronics,Wireless Earbuds,North,Mobile App,1,3922.27,15,No,3.8,3,Wallet
ORD-103043,16-10-2024 01:00,CUST-11602,Small Business,Books,Leadership Book,West,Website,1,1042.89,10,No,5,3,Debit Card
ORD-103011,03-10-2024 04:00,CUST-11029,Small Business,Fashion,Casual Shirt,South,Marketplace,6,2175.05,0,No,3.4,4,Wallet
ORD-100637,11-06-2024 02:00,CUST-10817,Small Business,Electronics,Smart Watch,North,Marketplace,4,17569.67,10,No,4,4,UPI
ORD-101316,22-01-2025 11:00,CUST-10155,Consumer,Books,Leadership Book,Central,Mobile App,2,749.23,0,No,3.6,6,Net Banking
ORD-103205,05-01-2025 01:00,CUST-10517,Small Business,Fashion,Sports Cap,North,Website,2,4173.92,0,No,4.1,2,Credit Card
ORD-102370,24-01-2024 23:00,CUST-11649,Consumer,Electronics,Smart Watch,South,Website,3,14489.79,10,No,4.7,4,Debit Card
ORD-105619,31-03-2024 12:00,CUST-11396,Small Business,Beauty,Perfume,South,Mobile App,3,1220.47,5,No,4.1,3,Debit Card
ORD-105831,25-03-2024 15:00,CUST-11185,Consumer,Fashion,Sports Cap,South,Website,2,1317.96,25,No,4.7,6,Credit Card
ORD-104374,14-06-2024 15:00,CUST-11485,Consumer,Fashion,Hoodie,East,Mobile App,1,4053.89,10,No,4,3,Debit Card
ORD-103530,26-07-2024 17:00,CUST-11571,Consumer,Electronics,Wireless Earbuds,North,Mobile App,10,21034.91,15,No,3.2,1,Debit Card
ORD-101730,01-03-2025 04:00,CUST-10592,Consumer,Home & Kitchen,Water Bottle,East,Marketplace,2,7581.05,10,No,5,4,Wallet
ORD-105535,03-01-2025 18:00,CUST-11305,Consumer,Electronics,Smart Watch,North,Website,4,17022.39,5,No,4,2,Debit Card
ORD-103619,17-02-2024 08:00,CUST-11307,Consumer,Electronics,Power Bank,East,Website,1,7540.48,10,No,4.5,3,Debit Card
ORD-100270,09-06-2024 22:00,CUST-11022,Small Business,Books,Fiction Novel,North,Marketplace,1,1597.47,30,No,3.3,4,UPI
ORD-102480,21-12-2024 18:00,CUST-11740,Small Business,Electronics,Power Bank,North,Mobile App,2,17571.17,10,No,3.8,4,Debit Card
ORD-101268,04-06-2025 11:00,CUST-11576,Consumer,Beauty,Skin Serum,North,Marketplace,2,2278.4,15,No,5,5,UPI
ORD-100564,30-04-2025 11:00,CUST-11091,Consumer,Books,Fiction Novel,East,Website,2,793.08,15,No,4.7,2,UPI
ORD-105960,05-04-2024 05:00,CUST-11147,Consumer,Electronics,Smart Watch,North,Mobile App,1,11739.47,5,Yes,3.6,5,Credit Card
ORD-102210,17-01-2025 04:00,CUST-11528,Small Business,Home & Kitchen,Air Fryer,Central,Website,5,9630.64,15,Yes,4.9,4,Debit Card
ORD-105008,26-01-2025 02:00,CUST-10519,Consumer,Beauty,Perfume,West,Website,3,3282.46,15,No,4.3,1,Credit Card
ORD-103644,07-06-2025 15:00,CUST-11711,Consumer,Fashion,Running Shoes,East,Website,1,5159.18,20,No,4.3,2,Wallet
ORD-100662,20-01-2024 04:00,CUST-10321,Small Business,Books,Fiction Novel,Central,Mobile App,2,1114.66,10,No,3.2,2,Debit Card
ORD-103213,10-06-2025 16:00,CUST-11131,Consumer,Fashion,Hoodie,South,Marketplace,1,4213.39,15,No,5,1,UPI
ORD-102963,06-02-2024 11:00,CUST-10675,Enterprise,Home & Kitchen,Air Fryer,Central,Website,1,11731.96,15,No,3.4,4,Wallet
ORD-103036,14-03-2025 03:00,CUST-11432,Consumer,Books,Data Analytics Guide,Central,Mobile App,2,1597.15,15,No,5,3,Credit Card
ORD-103061,17-06-2024 08:00,CUST-10971,Consumer,Home & Kitchen,Desk Lamp,Central,Mobile App,2,11725.31,20,No,,4,Wallet
ORD-104700,30-04-2025 01:00,CUST-10988,Consumer,Electronics,Wireless Earbuds,Central,Website,1,9067.6,5,No,3.9,2,Wallet
ORD-103839,04-06-2025 11:00,CUST-10787,Small Business,Books,Business Strategy,North,Website,8,1327.65,0,Yes,5,2,Wallet
ORD-104181,16-07-2024 06:00,CUST-10063,Consumer,Home & Kitchen,Storage Set,North,Website,2,9004.12,0,No,4.2,1,UPI
ORD-101084,19-04-2024 11:00,CUST-10625,Consumer,Fashion,Hoodie,South,Mobile App,4,3173.62,15,No,4.5,5,Credit Card
ORD-103700,24-03-2024 13:00,CUST-10123,Consumer,Electronics,Bluetooth Speaker,West,Mobile App,1,20135.55,20,No,4.6,2,UPI
ORD-104275,26-02-2025 14:00,CUST-11638,Consumer,Beauty,Perfume,South,Marketplace,5,846.49,10,No,4.1,5,Debit Card
ORD-104235,22-01-2024 14:00,CUST-10709,Consumer,Beauty,Skin Serum,South,Marketplace,1,710.98,5,No,3.8,4,Debit Card
ORD-101404,06-04-2024 20:00,CUST-10573,Small Business,Home & Kitchen,coffee maker,Central,Mobile App,2,1363.38,15,No,4.8,4,Net Banking
ORD-101393,09-02-2025 08:00,CUST-11785,Consumer,Fashion,Backpack,East,Mobile App,2,1082.59,10,No,3.8,2,Wallet
ORD-103910,07-05-2024 00:00,CUST-11539,Consumer,Beauty,Perfume,North,Website,3,4728.97,10,No,4.1,1,Net Banking
ORD-100790,22-02-2024 05:00,CUST-10631,Consumer,Electronics,Bluetooth Speaker,Central,Website,2,14801.27,20,No,4.3,2,Credit Card
ORD-105537,04-04-2025 06:00,CUST-10751,Small Business,Books,Business Strategy,South,Mobile App,1,543.03,0,No,4.5,4,Net Banking
ORD-102699,05-03-2024 15:00,CUST-11834,Consumer,Electronics,Power Bank,South,Website,3,12512.21,20,No,4.2,1,Debit Card
ORD-105219,10-07-2024 18:00,CUST-11725,Consumer,Beauty,Face Wash,North,Website,1,2309.97,25,No,2.8,2,Credit Card
ORD-105433,01-10-2024 18:00,CUST-11660,Enterprise,Fashion,Hoodie,South,Website,2,2319.63,5,No,4.7,4,UPI
ORD-102631,06-01-2025 12:00,CUST-10452,Small Business,Electronics,Power Bank,East,Website,2,2151.32,5,No,4.5,6,UPI
ORD-101304,29-11-2024 10:00,CUST-11453,Consumer,Electronics,Bluetooth Speaker,Central,Mobile App,8,14099.64,0,No,4.8,2,Debit Card
ORD-103659,26-09-2024 11:00,CUST-11798,Consumer,Home & Kitchen,Storage Set,South,Website,4,9391.65,15,No,4,4,Net Banking
ORD-101543,06-11-2024 19:00,CUST-10094,Consumer,Home & Kitchen,Desk Lamp,Central,Mobile App,2,3561.72,5,No,3.8,4,UPI
ORD-104595,24-01-2024 13:00,CUST-11233,Consumer,Books,SQL Handbook,East,Mobile App,1,828.14,15,No,3.7,2,Debit Card
ORD-105039,27-04-2024 11:00,CUST-11832,Consumer,Beauty,Hair Dryer,East,Website,2,3740,10,No,4.6,3,UPI
ORD-101910,10-02-2024 13:00,CUST-11911,Consumer,Electronics,Smart Watch,North,Marketplace,1,15231.43,20,No,3.8,3,Wallet
ORD-103983,03-01-2025 03:00,CUST-10150,Enterprise,Beauty,Body Lotion,Central,Mobile App,4,653.56,25,No,5,4,Debit Card
ORD-103561,02-04-2024 16:00,CUST-11201,Consumer,Home & Kitchen,Storage Set,North,Website,4,10883.99,5,Yes,3,3,Wallet
ORD-102749,16-06-2025 01:00,CUST-11509,Consumer,Books,Leadership Book,Central,Marketplace,3,1637.57,0,No,4.4,4,Debit Card
ORD-104931,04-02-2025 19:00,CUST-10975,Consumer,Fashion,Casual Shirt,West,Marketplace,4,1062.91,25,No,4.6,3,Debit Card
ORD-104150,28-06-2024 18:00,CUST-11496,Consumer,Fashion,Backpack,South,Website,4,1763.08,10,No,4.4,2,Net Banking
ORD-103401,16-05-2025 04:00,CUST-11803,Consumer,Electronics,Smart Watch,West,Marketplace,2,9228.04,0,No,3.8,1,Debit Card
ORD-101723,03-02-2025 05:00,CUST-10106,Consumer,Fashion,Backpack,South,Website,2,4612.18,15,No,3.5,3,UPI
ORD-103418,23-02-2024 03:00,CUST-10712,Consumer,Books,Fiction Novel,South,Marketplace,2,762.3,0,No,3.8,2,Credit Card
ORD-102796,20-04-2025 17:00,CUST-10013,Consumer,Fashion,Casual Shirt,West,Marketplace,3,3157.79,5,Yes,2.6,1,Debit Card
ORD-102367,06-04-2024 06:00,CUST-11775,Consumer,Beauty,Face Wash,North,Marketplace,1,4608.62,10,No,4.6,1,UPI
ORD-101257,30-10-2024 07:00,CUST-11828,Consumer,Home & Kitchen,Water Bottle,West,Website,2,8512.38,0,No,5,2,Wallet
ORD-105319,03-05-2024 06:00,CUST-10260,Small Business,Home & Kitchen,Water Bottle,South,Website,1,11629.99,5,No,3.8,3,Credit Card
ORD-101788,15-09-2024 05:00,CUST-10890,Consumer,Electronics,Bluetooth Speaker,East,Marketplace,3,4305.79,20,No,5,4,Credit Card
ORD-100984,16-11-2024 14:00,CUST-10851,Consumer,Home & Kitchen,Air Fryer,West,Mobile App,4,5036.09,30,No,5,3,Wallet
ORD-100576,20-05-2025 12:00,CUST-10086,Consumer,Beauty,Perfume,East,Mobile App,3,2256.16,10,No,3.3,3,Net Banking
ORD-104625,29-07-2024 01:00,CUST-10983,Consumer,Electronics,USB-C Hub,East,Website,1,15731.67,5,No,3.4,4,Debit Card
ORD-103512,11-03-2024 03:00,CUST-10174,Consumer,Electronics,USB-C Hub,South,Marketplace,5,21961.5,25,Yes,3.8,4,Net Banking
ORD-102656,01-02-2024 19:00,CUST-10723,Consumer,Books,Fiction Novel,Central,Marketplace,4,1789.9,25,No,5,3,UPI
ORD-103958,23-02-2024 11:00,CUST-11693,Consumer,Home & Kitchen,Water Bottle,East,Website,1,3737.06,0,No,3.5,4,Debit Card
ORD-102234,17-11-2024 09:00,CUST-10994,Small Business,Fashion,Running Shoes,East,Website,1,1584.08,5,No,4.4,1,Credit Card
ORD-100833,19-03-2024 02:00,CUST-11688,Small Business,Home & Kitchen,Storage Set,West,Website,2,2302.78,5,No,3.8,6,UPI
ORD-103812,03-01-2025 12:00,CUST-11896,Consumer,Home & Kitchen,Desk Lamp,Central,Marketplace,4,4239.38,10,No,3.6,2,Wallet
ORD-102564,28-08-2024 02:00,CUST-11379,Small Business,Books,Leadership Book,Central,Website,4,1380.44,15,No,3.7,3,Credit Card
ORD-105594,09-04-2025 06:00,,Small Business,Electronics,Wireless Earbuds,South,Website,4,20142.05,5,No,4,5,Net Banking
ORD-102621,02-08-2024 07:00,CUST-10124,Consumer,Home & Kitchen,Air Fryer,North,Mobile App,2,6510.02,30,No,4.3,4,UPI
ORD-105719,07-09-2024 00:00,CUST-10114,Consumer,Electronics,USB-C Hub,South,Mobile App,2,8737.15,15,No,4.9,4,Debit Card
ORD-105549,15-02-2025 18:00,CUST-10639,Consumer,Fashion,Hoodie,North,Website,1,1382.12,10,Yes,4.8,4,UPI
ORD-101726,02-06-2025 14:00,CUST-10799,Consumer,Beauty,Hair Dryer,South,Website,3,2431.94,5,No,4.6,4,UPI
ORD-102039,02-09-2024 12:00,CUST-10449,Consumer,Beauty,Body Lotion,Central,Mobile App,1,1727.84,30,No,4,3,Debit Card
ORD-103633,19-02-2025 05:00,CUST-11164,Consumer,Fashion,Casual Shirt,South,Mobile App,2,5349.49,30,No,5,4,Wallet
ORD-101082,07-06-2025 02:00,CUST-10660,Consumer,Beauty,Perfume,West,Marketplace,3,1588.34,15,No,3,5,Credit Card
ORD-102116,08-06-2025 12:00,CUST-10524,Consumer,Fashion,Casual Shirt,East,Marketplace,1,5222.22,20,No,4.4,2,Credit Card
ORD-101122,26-05-2024 19:00,CUST-11573,Consumer,Books,Data Analytics Guide,North,Website,8,847.22,25,No,3.7,4,Credit Card
ORD-105450,18-05-2024 21:00,CUST-11924,Consumer,Books,Leadership Book,West,Website,3,758.55,30,No,3.4,7,Wallet
ORD-102221,25-03-2024 01:00,,Small Business,Fashion,Hoodie,West,Mobile App,4,2248.01,0,No,3.8,1,UPI
ORD-102381,02-09-2024 00:00,CUST-10037,Enterprise,Fashion,Sports Cap,South,Mobile App,3,2827.24,5,No,3.3,4,Credit Card
ORD-102047,17-10-2024 04:00,CUST-11645,Consumer,Beauty,Perfume,North,Mobile App,1,4700.74,20,No,5,4,UPI
ORD-102334,29-10-2024 01:00,CUST-10666,Consumer,Home & Kitchen,Storage Set,West,Marketplace,1,1236.16,20,No,2.8,4,Credit Card
ORD-102752,14-11-2024 01:00,CUST-11302,Consumer,Beauty,Body Lotion,East,Marketplace,1,1981,15,No,4.1,4,Credit Card
ORD-105809,26-07-2024 00:00,CUST-10116,Small Business,Books,Data Analytics Guide,North,Website,8,1462.89,20,No,3.7,4,Credit Card
ORD-102833,24-10-2024 23:00,CUST-10867,Consumer,Fashion,Backpack,West,Mobile App,2,1779.26,0,No,4.4,2,Credit Card
ORD-103311,07-08-2024 12:00,CUST-10964,Small Business,Beauty,Skin Serum,Central,Website,5,4365.69,0,Yes,3.4,4,Credit Card
ORD-101782,13-01-2024 22:00,CUST-11089,Small Business,Books,Leadership Book,East,Marketplace,1,1368.15,0,No,4.8,4,Credit Card
ORD-100818,29-12-2024 12:00,CUST-10667,Small Business,Fashion,Sports Cap,East,Mobile App,2,2113.84,5,No,3.5,4,UPI
ORD-101519,08-09-2024 14:00,CUST-11381,Consumer,Electronics,Bluetooth Speaker,East,Website,2,13138.4,0,No,4,1,Net Banking
ORD-105538,21-03-2025 18:00,CUST-11068,Small Business,Electronics,Smart Watch,West,Marketplace,5,12367,5,No,5,2,Debit Card
ORD-101098,23-01-2024 12:00,CUST-10959,Small Business,Fashion,Backpack,South,Mobile App,1,4799.71,5,No,4.1,5,Debit Card
ORD-102465,16-04-2024 17:00,CUST-10034,Consumer,Beauty,Skin Serum,East,Website,3,3404.17,20,No,3.7,2,Debit Card
ORD-102297,25-09-2024 05:00,CUST-11162,Consumer,Electronics,USB-C Hub,South,Marketplace,6,8788.74,10,No,3.8,5,Wallet
ORD-103266,07-02-2025 06:00,CUST-11392,Small Business,Electronics,Bluetooth Speaker,North,Website,4,8791.85,5,No,3.3,2,Net Banking
ORD-101131,31-12-2024 23:00,CUST-11903,Consumer,Fashion,Backpack,North,Website,4,4894.97,25,No,4.9,2,UPI
ORD-105922,24-12-2024 03:00,CUST-11635,Consumer,Electronics,Bluetooth Speaker,East,Mobile App,2,20498.83,10,No,4.8,1,UPI
ORD-103887,06-04-2024 11:00,CUST-11651,Small Business,Electronics,USB-C Hub,South,Website,2,3048.45,0,No,3.7,2,Debit Card
ORD-105752,06-03-2024 04:00,CUST-11315,Consumer,Beauty,Perfume,Central,Marketplace,5,4744.37,15,No,4.7,4,Credit Card
ORD-100234,26-09-2024 01:00,CUST-11038,Consumer,Electronics,Wireless Earbuds,Central,Website,3,20279.96,5,No,4.7,3,Debit Card
ORD-104531,10-03-2024 02:00,CUST-11459,Consumer,Electronics,Wireless Earbuds,South,Website,3,4433.87,10,No,3.5,3,Credit Card
ORD-102009,11-12-2024 06:00,CUST-11470,Consumer,Home & Kitchen,Coffee Maker,West,Website,1,7788.86,20,No,3.1,4,Credit Card
ORD-101212,08-09-2024 13:00,CUST-10539,Small Business,Home & Kitchen,Storage Set,Central,Mobile App,8,6175.98,10,No,4.9,6,Credit Card
ORD-104806,12-09-2024 11:00,CUST-11670,Enterprise,Beauty,Skin Serum,West,Website,6,3218.02,0,Yes,3.4,3,UPI
ORD-105187,08-03-2024 22:00,CUST-11552,Enterprise,Home & Kitchen,Desk Lamp,North,Marketplace,4,11658.53,0,No,4.7,2,Net Banking
ORD-104619,05-05-2025 09:00,CUST-10261,Consumer,Beauty,Skin Serum,North,Website,2,3951.57,0,No,3.5,4,Wallet
ORD-104449,05-05-2025 13:00,CUST-11744,Enterprise,Home & Kitchen,Air Fryer,South,Marketplace,3,3737.36,15,No,3.4,5,Net Banking
ORD-104578,30-05-2024 05:00,CUST-10562,Small Business,Electronics,Wireless Earbuds,South,Mobile App,1,10717.61,10,No,4.4,5,Debit Card
ORD-103417,23-04-2025 01:00,CUST-10213,Consumer,Electronics, Smart Watch ,West,Marketplace,4,18443.6,10,No,5,2,Credit Card
ORD-100043,12-07-2024 14:00,CUST-11029,Small Business,Home & Kitchen,Water Bottle,South,Website,1,1112.69,5,No,4.5,5,Debit Card
ORD-101602,27-03-2025 00:00,CUST-10355,Consumer,Books,Fiction Novel,west,Website,10,905.39,20,No,3.8,3,Wallet
ORD-100073,11-03-2024 22:00,CUST-10666,Consumer,Beauty,Perfume,North,Mobile App,2,454.85,20,No,3.7,5,UPI
ORD-102025,15-09-2024 03:00,CUST-10014,Consumer,Fashion,Running Shoes,North,Website,1,2537.03,15,No,4.3,5,Credit Card
ORD-101239,23-01-2024 08:00,CUST-10663,Consumer,Fashion,Casual Shirt,East,Mobile App,2,1130.33,30,Yes,4.1,5,Credit Card
ORD-101208,04-06-2024 11:00,CUST-10796,Consumer,Home & Kitchen,Water Bottle,North,Mobile App,1,6669.33,25,No,3.7,4,Credit Card
ORD-105455,15-03-2024 14:00,CUST-11751,Consumer,Electronics,Smart Watch,Central,Mobile App,1,20365.53,5,No,4.5,2,Credit Card
ORD-104314,14-02-2025 14:00,CUST-11020,Consumer,Home & Kitchen,Coffee Maker,North,Marketplace,2,1446.16,25,Yes,3,3,Debit Card
ORD-102801,30-08-2024 23:00,CUST-11329,Consumer,Fashion,Sports Cap,East,Mobile App,10,4222.78,5,No,2.9,7,Credit Card
ORD-103479,01-03-2025 12:00,CUST-11227,Consumer,Home & Kitchen,Coffee Maker,West,Website,1,3962.69,5,No,4.7,4,Credit Card
ORD-100509,09-05-2024 05:00,CUST-11151,Consumer,Electronics,Power Bank,West,Marketplace,8,15394.62,10,No,5,4,UPI
ORD-103392,11-03-2025 01:00,CUST-10658,Consumer,Home & Kitchen,Storage Set,South,Website,1,10320.11,0,No,5,1,Credit Card
ORD-104187,26-04-2024 18:00,CUST-11451,Consumer,Home & Kitchen,Coffee Maker,North,Website,2,9678.14,5,Yes,4.2,3,Credit Card
ORD-101068,01-07-2024 04:00,CUST-11349,Consumer,Books,Business Strategy,South,Marketplace,5,340.99,25,No,5,5,Wallet
ORD-104850,22-05-2025 03:00,CUST-10718,Consumer,Fashion,Hoodie,North,Mobile App,1,4767.32,0,Yes,5,2,Debit Card
ORD-104117,12-03-2024 11:00,CUST-10894,Small Business,Fashion,Sports Cap,North,Mobile App,6,5982.23,15,No,4.2,3,Debit Card
ORD-100259,16-11-2024 21:00,CUST-10145,Enterprise,Electronics,Smart Watch,West,Website,3,17077.02,0,No,4.4,3,UPI
ORD-105767,28-06-2024 16:00,CUST-10288,Consumer,Books,SQL Handbook,North,Website,1,1153.85,20,No,4.8,4,UPI
ORD-100222,19-01-2025 10:00,CUST-10670,Consumer,Beauty,Face Wash,Central,Website,1,3619.72,20,No,3.4,2,UPI
ORD-103733,24-05-2025 10:00,CUST-11555,Consumer,Beauty,Face Wash,South,Marketplace,1,3546.38,5,No,4.4,1,UPI
ORD-105356,14-01-2025 07:00,CUST-10395,Consumer,Fashion,Hoodie,North,Mobile App,3,3716.77,25,Yes,4.2,4,Credit Card
ORD-102152,12-04-2025 17:00,CUST-10114,Consumer,Home & Kitchen,Coffee Maker,West,Mobile App,5,10960.6,5,No,5,5,Wallet
ORD-103104,17-01-2025 18:00,CUST-10620,Consumer,Home & Kitchen,Coffee Maker,North,Marketplace,3,5418.69,5,No,4.2,5,Credit Card
ORD-104260,03-05-2024 09:00,CUST-10579,Consumer,Books,SQL Handbook,Central,Mobile App,2,374.1,5,No,4.9,3,Credit Card
ORD-105823,22-03-2024 11:00,CUST-11800,Consumer,Beauty,Perfume,South,Marketplace,1,4281.48,20,Yes,3.5,3,UPI
ORD-105730,31-03-2025 21:00,CUST-11214,Consumer,Electronics,Smart Watch,North,Website,1,9549.5,15,No,5,3,Credit Card
ORD-104471,23-04-2025 11:00,,Consumer,Beauty,Hair Dryer,North,Mobile App,1,3965.72,15,No,3.4,4,Wallet
ORD-102568,25-07-2024 23:00,CUST-11814,Small Business,Electronics,Smart Watch,North,Website,3,6799.28,5,No,3.8,4,UPI
ORD-100928,16-08-2024 10:00,CUST-10266,Consumer,Electronics,Bluetooth Speaker,East,Mobile App,3,2801.41,0,No,4.9,1,Wallet
ORD-103364,29-03-2024 01:00,CUST-10450,Enterprise,Books,Fiction Novel,South,Marketplace,3,1308.36,10,No,4,5,Debit Card
ORD-100703,03-04-2024 12:00,CUST-10118,Consumer,Fashion,Backpack,South,Mobile App,1,4185.32,20,No,3.2,5,Debit Card
ORD-102312,05-10-2024 11:00,CUST-10324,Consumer,Home & Kitchen,Coffee Maker,North,Mobile App,2,9805.7,5,No,5,2,Debit Card
ORD-102494,16-08-2024 14:00,CUST-10293,Enterprise,Books,SQL Handbook,East,Website,1,681.71,30,No,4.3,3,Credit Card
ORD-101579,24-11-2024 00:00,CUST-11460,Consumer,Electronics,Power Bank,North,Website,1,7035.33,20,No,3.6,4,Credit Card
ORD-103596,04-07-2024 05:00,CUST-11931,Consumer,Electronics,Bluetooth Speaker,Central,Marketplace,3,1936.86,10,No,4,3,Debit Card
ORD-101969,24-03-2024 11:00,CUST-10260,Consumer,Fashion,Casual Shirt,North,Website,1,4904.32,30,No,4.5,4,Wallet
ORD-101825,07-05-2025 08:00,CUST-10065,Consumer,Home & Kitchen,Water Bottle,South,Mobile App,2,8293.64,0,No,4.5,3,Wallet
ORD-102279,02-01-2025 02:00,CUST-10001,Consumer,Beauty,Face Wash,Central,Website,4,2283.42,0,No,3.4,4,Net Banking
ORD-100023,21-05-2025 01:00,CUST-11397,Small Business,Fashion,Casual Shirt,Central,Website,3,617.23,5,No,4,4,UPI
ORD-102637,09-02-2025 23:00,CUST-10739,Consumer,Fashion,Sports Cap,East,Marketplace,1,3566.94,30,No,5,5,Credit Card
ORD-100693,31-05-2025 13:00,CUST-11420,Small Business,Fashion,Hoodie,North,Marketplace,2,2102.41,0,No,4.5,2,Credit Card
ORD-101710,06-07-2024 02:00,CUST-11557,Consumer,Beauty,Hair Dryer,South,Marketplace,1,1206.5,30,No,3.7,3,Credit Card
ORD-103015,08-09-2024 00:00,CUST-11876,Small Business,Electronics,Wireless Earbuds,Central,Website,1,19787.97,5,No,4,3,Credit Card
ORD-102900,04-10-2024 02:00,CUST-10080,Consumer,Beauty,Hair Dryer,South,Mobile App,2,4201.35,10,No,4.9,1,Debit Card
ORD-104017,24-03-2024 09:00,CUST-11067,Consumer,Electronics,Bluetooth Speaker,North,Website,1,15557.49,0,No,3.8,1,Credit Card
ORD-104645,08-08-2024 04:00,CUST-10094,Consumer,Electronics,USB-C Hub,Central,Mobile App,10,8627.66,5,No,3.6,4,UPI
ORD-102741,22-02-2024 20:00,CUST-10315,Consumer,Fashion,Hoodie,Central,Website,10,3289.98,20,No,4.6,3,UPI
ORD-103566,18-08-2024 09:00,CUST-11504,Consumer,Fashion,Sports Cap,North,Mobile App,2,4467.1,15,No,4.2,3,Credit Card
ORD-100309,29-02-2024 06:00,CUST-11649,Consumer,Electronics,USB-C Hub,North,Website,1,8498.62,15,No,3.7,3,Credit Card
ORD-105214,14-03-2025 21:00,CUST-11091,Enterprise,Electronics,wireless earbuds,South,Mobile App,2,5367.48,0,No,4.4,4,Net Banking
ORD-102677,24-04-2025 12:00,CUST-11725,Consumer,Fashion,Hoodie,North,Mobile App,3,4462.2,20,No,3.8,3,Credit Card
ORD-101299,17-01-2024 04:00,CUST-11807,Consumer,Fashion,Backpack,North,Website,5,4118.69,10,No,4.7,2,Debit Card
ORD-104363,12-06-2025 08:00,CUST-11701,Consumer,Beauty,Face Wash,West,Marketplace,4,2443.92,0,No,2.6,2,UPI
ORD-105259,11-05-2024 18:00,CUST-10204,Consumer,Fashion,Casual Shirt,North,Mobile App,1,4219.55,0,No,4.9,3,UPI
ORD-104662,25-03-2024 17:00,CUST-11436,Consumer,Fashion,Sports Cap,East,MOBILE APP,4,1845.64,15,No,3.6,3,Debit Card
ORD-102135,09-01-2025 06:00,CUST-10937,Consumer,Fashion, Sports Cap ,West,Website,1,3145.86,5,No,5,5,Credit Card
ORD-101958,26-12-2024 15:00,CUST-10385,Consumer,Home & Kitchen,Desk Lamp,South,Mobile App,1,9146.61,0,No,4.6,5,Credit Card
ORD-100275,20-09-2024 08:00,CUST-10768,Consumer,Beauty,Body Lotion,East,Marketplace,1,2365.88,15,No,4.2,5,Net Banking
ORD-105510,09-08-2024 13:00,CUST-10577,Consumer,Home & Kitchen,Desk Lamp,West,Mobile App,5,9908.6,0,No,4.2,4,Wallet
ORD-103899,20-05-2025 01:00,CUST-10986,Consumer,Books, Data Analytics Guide ,Central,Mobile App,4,1010.82,0,No,3.5,5,Debit Card
ORD-105663,03-09-2024 09:00,CUST-10694,Enterprise,Books,Data Analytics Guide,West,Mobile App,2,1394.67,5,No,4.6,3,Credit Card
ORD-101725,03-03-2025 12:00,CUST-10743,Consumer,Home & Kitchen,Air Fryer,East,Mobile App,2,11912.55,0,Yes,5,2,Wallet
ORD-100038,31-05-2024 02:00,CUST-11132,Consumer,Electronics,Power Bank,South,Mobile App,5,16226.09,20,No,4.4,2,Net Banking
ORD-104406,21-05-2024 06:00,CUST-10524,Consumer,Books,SQL Handbook,West,Mobile App,4,721.31,20,No,4.7,3,Credit Card
ORD-104469,12-02-2025 17:00,CUST-11642,Enterprise,Fashion,Casual Shirt,East,Marketplace,2,2017.16,0,No,5,1,Wallet
ORD-104874,14-04-2024 01:00,CUST-11418,Consumer,Fashion,Backpack,East,Mobile App,1,4286.84,0,No,3.8,4,Wallet
ORD-100610,31-03-2025 05:00,CUST-10929,Consumer,Fashion,Casual Shirt,East,Mobile App,2,4260.77,0,No,4.4,4,UPI
ORD-103772,15-10-2024 01:00,CUST-10705,Consumer,Home & Kitchen,Air Fryer,Central,Marketplace,2,8262.96,5,No,4.4,1,Debit Card
ORD-100520,14-07-2024 09:00,CUST-10195,Small Business,Fashion,Backpack,North,Marketplace,2,2704.29,0,Yes,4.7,3,Debit Card
ORD-100346,25-06-2025 08:00,CUST-11704,Consumer,Beauty,Skin Serum,West,Website,3,976.12,15,No,3.2,2,Credit Card
ORD-105180,11-04-2025 16:00,CUST-10924,Consumer,Electronics,Smart Watch,South,Website,2,16312.27,0,No,4.7,3,Wallet
ORD-102219,15-04-2024 03:00,CUST-10155,Small Business,Electronics,Bluetooth Speaker,North,Mobile App,6,1482.26,25,No,3.8,4,Wallet
ORD-103582,22-04-2024 18:00,CUST-10443,Consumer,Beauty,Skin Serum,East,Website,10,3547.65,10,No,4.7,5,Debit Card
ORD-102422,26-02-2024 16:00,CUST-10335,Consumer,Beauty,Hair Dryer,West,Mobile App,4,2175.75,10,No,4.9,5,Wallet
ORD-100114,03-10-2024 01:00,CUST-11385,Small Business,Home & Kitchen,Coffee Maker,East,Mobile App,1,7762.19,0,No,3.9,4,UPI
ORD-102967,04-05-2024 11:00,CUST-10585,Small Business,Home & Kitchen,Desk Lamp,West,Mobile App,2,4551.65,0,No,3.8,1,Credit Card
ORD-100957,12-12-2024 12:00,CUST-10120,Consumer,Books,Data Analytics Guide,East,Mobile App,1,880.17,5,No,4.3,4,UPI
ORD-105818,02-08-2024 18:00,CUST-10795,Consumer,Beauty,Face Wash,West,Mobile App,2,2369.25,5,No,4,4,Credit Card
ORD-105545,29-04-2025 13:00,CUST-10954,Small Business,Fashion,Hoodie,East,Marketplace,3,1250.3,15,No,4.5,2,Debit Card
ORD-104698,13-06-2024 06:00,CUST-11571,Consumer,Electronics,Bluetooth Speaker,Central,Marketplace,1,17538.53,0,No,3.9,3,UPI
ORD-101317,18-11-2024 08:00,CUST-11839,Consumer,Beauty,Perfume,South,Mobile App,1,1829.12,5,No,3.8,2,Credit Card
ORD-101638,09-04-2024 13:00,CUST-10024,Consumer,Electronics,Wireless Earbuds,East,Mobile App,1,18982.12,0,No,3.7,4,Credit Card
ORD-102938,07-05-2025 21:00,CUST-10682,Consumer,Fashion,Casual Shirt,West,Website,2,4787.84,15,No,3.5,3,UPI
ORD-105465,30-10-2024 01:00,CUST-10069,Small Business,Fashion,Sports Cap,North,Website,4,3499.28,10,No,4.2,7,Debit Card
ORD-104115,16-09-2024 07:00,CUST-11864,Small Business,Books,Data Analytics Guide,South,Marketplace,1,888.75,0,No,4,4,Credit Card
ORD-101926,15-07-2024 10:00,CUST-11240,Consumer,Electronics,Wireless Earbuds,East,Website,2,9477.24,15,No,4.5,4,Credit Card
ORD-103622,29-06-2024 13:00,CUST-10612,Small Business,Electronics,USB-C Hub,West,Website,1,7477.31,15,No,3.5,2,Wallet
ORD-104713,23-09-2024 23:00,CUST-10717,Consumer,Electronics,USB-C Hub,West,Website,2,12551.33,10,No,4.6,3,Net Banking
ORD-101599,21-01-2025 15:00,CUST-11707,Consumer,Home & Kitchen,Storage Set,Central,Website,2,7651.28,20,No,3.3,2,Credit Card
ORD-101199,04-12-2024 17:00,CUST-11902,Small Business,Electronics,USB-C Hub,East,Marketplace,1,9712.51,0,No,5,7,Debit Card
ORD-102612,09-04-2024 02:00,CUST-10549,Consumer,Home & Kitchen,Air Fryer,North,Mobile App,1,4437.03,0,No,3.6,5,UPI
ORD-101544,05-05-2024 23:00,CUST-11801,Consumer,Home & Kitchen,Air Fryer,North,Mobile App,1,1610.83,0,No,3.8,5,UPI
ORD-103599,05-12-2024 13:00,CUST-11233,Small Business,Home & Kitchen,Water Bottle,East,Mobile App,5,8165.42,30,No,4.5,3,Debit Card
ORD-103773,10-03-2024 11:00,CUST-11026,Consumer,Books,Fiction Novel,East,Website,1,433.89,0,Yes,5,5,UPI
ORD-104764,26-08-2024 11:00,CUST-10317,Consumer,Fashion,Backpack,South,Mobile App,1,5589.35,5,No,4.1,4,UPI
ORD-100658,09-02-2024 13:00,CUST-11508,Consumer,Books,SQL Handbook,East,Mobile App,1,1719.83,5,No,3.2,5,Credit Card
ORD-102716,24-08-2024 18:00,CUST-11751,Consumer,Beauty,Face Wash,Central,Website,2,2772.95,20,No,4.1,3,UPI
ORD-105842,29-10-2024 20:00,CUST-11229,Consumer,Electronics,Power Bank,Central,Mobile App,2,17538.01,20,No,3.9,1,Debit Card
ORD-101216,03-10-2024 21:00,CUST-10670,Consumer,Fashion,Backpack,South,Marketplace,5,5650.27,15,No,4,1,UPI
ORD-103338,13-04-2025 15:00,CUST-10830,Consumer,Electronics,smart watch,South,Website,4,19912.42,10,No,4.1,4,Credit Card
ORD-103505,29-04-2025 22:00,CUST-10626,Consumer,Electronics,Smart Watch,South,Website,1,17758.87,25,No,3.2,3,UPI
ORD-105153,15-01-2025 10:00,CUST-10872,Consumer,Books,Data Analytics Guide,East,Mobile App,5,819.26,5,No,4.1,8,Credit Card
ORD-104111,18-09-2024 23:00,CUST-10285,Consumer,Fashion,Casual Shirt,East,Mobile App,3,3418.3,10,No,3.7,7,Credit Card
ORD-103326,28-03-2024 19:00,CUST-11192,Consumer,Beauty,Skin Serum,South,Mobile App,2,1558.04,0,No,4.3,5,Net Banking
ORD-103415,13-08-2024 04:00,CUST-10758,Consumer,Electronics,USB-C Hub,East,Website,2,4125.66,25,No,4.3,6,Wallet
ORD-100491,18-04-2025 19:00,CUST-11278,Consumer,Electronics,USB-C Hub,West,Website,5,6556.18,0,No,4.7,4,UPI
ORD-103129,08-03-2025 03:00,CUST-10704,Consumer,Electronics,Smart Watch,East,Website,1,9952.67,5,No,3.3,3,Credit Card
ORD-104419,26-02-2024 20:00,CUST-11047,Consumer,Electronics,Wireless Earbuds,West,Website,1,4067.41,10,No,4.1,6,UPI
ORD-101077,31-03-2024 14:00,CUST-11401,Consumer,Fashion,Casual Shirt,West,Website,3,4799.35,0,Yes,3.8,6,Credit Card
ORD-104027,28-08-2024 20:00,CUST-11443,Small Business,Electronics,Bluetooth Speaker,East,Website,1,21985.15,0,No,4.5,2,Wallet
ORD-100422,22-02-2025 08:00,CUST-11531,Consumer,Fashion,Casual Shirt,West,Website,3,3157.21,10,No,4.3,3,Net Banking
ORD-101058,19-08-2024 18:00,CUST-10248,Small Business,Home & Kitchen,Air Fryer,South,Mobile App,1,5114.25,0,No,5,2,Credit Card
ORD-100258,05-04-2024 15:00,CUST-11898,Consumer,Fashion,Hoodie,East,Mobile App,1,2216.24,5,No,4,3,UPI
ORD-104198,04-06-2025 03:00,CUST-11578,Small Business,Fashion,Sports Cap,West,Website,1,1519.65,30,No,3.9,4,UPI
ORD-102697,16-08-2024 00:00,CUST-10693,Small Business,Books,Data Analytics Guide,West,Website,2,1540.89,10,No,4,3,Net Banking
ORD-105781,21-03-2024 00:00,CUST-10008,Small Business,Electronics,USB-C Hub,West,Website,1,19767.61,5,No,3.9,1,UPI
ORD-102083,30-12-2024 11:00,CUST-10395,Enterprise,Electronics,USB-C Hub,Central,Marketplace,1,9024.82,5,No,4.9,1,Credit Card
ORD-103170,09-12-2024 10:00,CUST-10802,Consumer,Books,Data Analytics Guide,Central,Marketplace,2,871.09,15,No,3.9,4,UPI
ORD-101043,22-07-2024 06:00,CUST-11785,Small Business,Books,Leadership Book,West,Website,2,1367.15,10,No,3.6,4,Debit Card
ORD-102658,01-01-2025 23:00,CUST-11563,Consumer,Electronics,Wireless Earbuds,West,Marketplace,1,8474.44,30,No,5,1,Debit Card
ORD-105876,14-05-2025 05:00,CUST-10034,Small Business,Books,Fiction Novel,North,Website,4,360.78,10,No,3.6,4,Wallet
ORD-102216,03-09-2024 01:00,CUST-11847,Consumer,Home & Kitchen,Storage Set,West,Mobile App,10,10593.24,10,No,4.7,4,Wallet
ORD-100740,22-03-2025 04:00,CUST-10150,Consumer,Electronics,Bluetooth Speaker,North,Mobile App,3,19561.05,10,No,4.7,4,Net Banking
ORD-105054,28-01-2024 01:00,CUST-10930,Consumer,Books,Data Analytics Guide,North,Website,2,996.64,20,No,3,3,Wallet
ORD-101403,25-06-2024 02:00,CUST-10890,Small Business,Electronics,Wireless Earbuds,North,Website,2,15272.77,15,No,4.2,4,Net Banking
ORD-105449,01-04-2024 16:00,CUST-10462,Consumer,Beauty,Face Wash,West,Website,2,1906.02,20,No,5,5,Credit Card
ORD-100199,09-06-2025 05:00,CUST-10059,Small Business,Books,SQL Handbook,North,Mobile App,1,1425.05,0,Yes,3.1,3,Debit Card
ORD-103769,01-07-2024 03:00,CUST-11575,Consumer,Home & Kitchen,Water Bottle,North,Mobile App,2,8778.74,5,Yes,4.8,2,UPI
ORD-104450,14-04-2025 00:00,CUST-11234,Consumer,Electronics,Bluetooth Speaker,South,Website,1,17146.36,10,No,4.7,5,UPI
ORD-105049,13-05-2025 02:00,CUST-11092,Consumer,Fashion,Sports Cap,South,Website,1,592.34,15,No,4.2,4,Credit Card
ORD-104195,27-09-2024 01:00,CUST-11023,Consumer,Books,Leadership Book,Central,Website,5,1142.13,0,No,3.8,5,Debit Card
ORD-101401,11-05-2024 19:00,CUST-11008,Consumer,Beauty,Face Wash,North,Mobile App,6,2464.65,25,No,4.2,3,Wallet
ORD-103458,04-04-2025 08:00,CUST-10032,Consumer,Fashion,Running Shoes,North,Website,3,2466.99,15,No,4,5,Credit Card
ORD-105651,07-02-2025 13:00,CUST-11878,Enterprise,Books,Data Analytics Guide,North,Mobile App,2,1367.31,20,No,5,1,UPI
ORD-102891,06-11-2024 11:00,CUST-11018,Small Business,Fashion,Running Shoes,Central,Website,1,2466.69,0,No,2.9,4,Debit Card
ORD-100972,17-09-2024 14:00,CUST-10295,Small Business,Fashion,Sports Cap,Central,Mobile App,1,5058.83,25,No,4.3,3,UPI
ORD-102398,17-05-2024 13:00,CUST-11944,Consumer,Fashion,Running Shoes,Central,Marketplace,1,1567.35,20,No,3.8,1,UPI
ORD-101808,19-02-2024 01:00,CUST-11422,Consumer,Home & Kitchen,Desk Lamp,East,Mobile App,1,7504.37,15,No,3.4,2,Debit Card
ORD-103895,22-05-2025 14:00,CUST-11124,Consumer,Electronics,Power Bank,West,Mobile App,4,18432.92,15,No,3.6,3,Credit Card
ORD-100481,28-03-2025 21:00,CUST-10328,Consumer,Fashion,Hoodie,South,Website,1,4053.05,5,No,3.1,3,UPI
ORD-101204,21-12-2024 09:00,CUST-10634,Consumer,Beauty,Skin Serum,South,Website,2,2210.65,15,No,4.1,5,Wallet
ORD-100475,04-03-2025 12:00,CUST-11169,Consumer,Home & Kitchen,Desk Lamp,East,Website,1,8423.26,10,No,4.2,4,Wallet
ORD-100893,19-06-2025 05:00,CUST-10390,Small Business,Fashion,Backpack,North,Website,1,1155.04,25,No,3.9,3,Credit Card
ORD-100642,11-04-2025 10:00,CUST-11436,Consumer,Beauty,Face Wash,Central,Website,3,1787.94,5,No,5,4,Debit Card
ORD-100123,14-09-2024 05:00,CUST-10013,Small Business,Home & Kitchen,Water Bottle,Central,Website,1,11395.25,25,No,3.7,2,Wallet
ORD-101323,29-04-2025 02:00,CUST-11021,Consumer,Electronics,Smart Watch,Central,Mobile App,1,21661.42,0,No,4,1,Net Banking
ORD-101366,13-06-2024 19:00,CUST-11338,Consumer,Home & Kitchen,Water Bottle,South,Mobile App,1,5139.67,25,No,3.7,5,UPI
ORD-104188,23-01-2024 21:00,CUST-10426,Consumer,Electronics,USB-C Hub,West,Mobile App,1,20928.09,20,No,4.9,4,UPI
ORD-105953,23-12-2024 01:00,CUST-11348,Consumer,Books,Business Strategy,West,Mobile App,8,927.53,20,No,5,4,Credit Card
ORD-102010,28-09-2024 05:00,CUST-11226,Consumer,Electronics,Bluetooth Speaker,East,Marketplace,2,19800.85,20,No,3.4,3,Wallet
ORD-101665,04-08-2024 07:00,CUST-10126,Small Business,Home & Kitchen,Desk Lamp,South,Website,1,3998.08,10,No,3.6,5,UPI
ORD-102529,10-11-2024 23:00,CUST-11176,Consumer,Beauty,Skin Serum,South,Website,10,979.25,5,No,3.2,5,Credit Card
ORD-104717,24-06-2025 02:00,CUST-11296,Consumer,Beauty,Skin Serum,Central,Mobile App,2,1558.32,15,No,3.9,5,Debit Card
ORD-100157,31-10-2024 03:00,CUST-10209,Consumer,Electronics,Wireless Earbuds,North,Marketplace,3,16077.44,5,No,5,3,Credit Card
ORD-103021,12-03-2024 14:00,CUST-10132,Enterprise,Books,Fiction Novel,North,Website,10,1647.03,25,No,5,1,Wallet
ORD-103424,29-11-2024 02:00,CUST-10588,Consumer,Electronics,USB-C Hub,South,Website,1,11784.08,5,No,4.1,3,UPI
ORD-100857,01-02-2024 06:00,CUST-11367,Consumer,Home & Kitchen,Desk Lamp,East,Mobile App,8,1389.46,10,No,3.8,5,UPI
ORD-102727,22-01-2024 21:00,CUST-10432,Enterprise,Home & Kitchen,Desk Lamp,South,Website,1,1788.3,10,No,4,2,Credit Card
ORD-102918,08-04-2025 19:00,CUST-10866,Consumer,Books,Leadership Book,West,Mobile App,1,1517.45,15,No,4.9,5,Wallet
ORD-102201,05-01-2024 02:00,CUST-11947,Consumer,Electronics,Power Bank,Central,Marketplace,1,20246.76,5,No,4.2,2,Wallet
ORD-103100,18-07-2024 13:00,CUST-11565,Consumer,Fashion,Casual Shirt,North,Marketplace,1,3980.08,0,No,3.9,3,Debit Card
ORD-104692,24-06-2025 20:00,CUST-11390,Small Business,Home & Kitchen,Air Fryer,South,Website,3,7204.18,0,No,4.2,1,Credit Card
ORD-104863,27-01-2025 05:00,CUST-11585,Consumer,Home & Kitchen,Air Fryer,South,Website,1,1739.22,25,No,4.2,5,UPI
ORD-100254,26-12-2024 17:00,CUST-11286,Consumer,Electronics,Bluetooth Speaker,North,Mobile App,5,2287.94,10,No,4.3,2,Debit Card
ORD-103073,03-03-2025 02:00,,Enterprise,Electronics,Smart Watch,Central,Website,4,14197.39,20,No,3.9,7,Debit Card
ORD-105100,27-10-2024 09:00,CUST-11844,Consumer,Electronics,Bluetooth Speaker,Central,Website,1,7046.41,15,No,3.5,5,Credit Card
ORD-105413,02-05-2025 08:00,CUST-11917,Small Business,Home & Kitchen,Storage Set,West,Mobile App,2,3311.59,0,Yes,4.9,3,UPI
ORD-103131,08-09-2024 16:00,CUST-11851,Consumer,Fashion,Backpack,Central,Website,2,822,0,No,4.8,1,UPI
ORD-103052,14-02-2025 05:00,CUST-11888,Consumer,Beauty,Body Lotion,South,Mobile App,4,2706.62,5,No,3.1,6,UPI
ORD-103587,11-01-2025 04:00,CUST-11662,Consumer,Books,SQL Handbook,East,Mobile App,1,694.56,10,No,4.6,2,Wallet
ORD-103576,18-12-2024 15:00,CUST-11424,Consumer,Home & Kitchen,Air Fryer,North,Website,2,11897.57,10,No,4,2,Wallet
ORD-105811,20-12-2024 06:00,CUST-10366,Consumer,Books,Leadership Book,Central,Marketplace,4,1608.79,5,No,3.9,3,UPI
ORD-100824,06-12-2024 08:00,,Consumer,Beauty,Face Wash,North,Website,1,3370.37,25,No,4,5,Debit Card
ORD-100851,13-03-2025 15:00,CUST-10906,Consumer,Electronics,Smart Watch,South,Mobile App,2,21415.87,10,No,4.5,3,Net Banking
ORD-101678,19-05-2025 15:00,CUST-10067,Consumer,Electronics,USB-C Hub,South,Website,2,12375.03,15,No,4.5,4,UPI
ORD-102758,15-07-2024 11:00,CUST-10461,Consumer,Electronics,USB-C Hub,West,Mobile App,1,1883.93,20,No,3.1,4,Debit Card
ORD-104390,08-04-2024 15:00,CUST-10994,Consumer,Electronics,Wireless Earbuds,East,Website,1,18762.15,25,No,4.3,4,Debit Card
ORD-103641,21-05-2025 17:00,CUST-10312,Consumer,Beauty,Perfume,East,Website,1,2200.1,20,No,4,1,Debit Card
ORD-101205,08-05-2025 06:00,CUST-11540,Small Business,Beauty,Body Lotion,North,Website,4,2246.45,0,No,4,4,Wallet
ORD-105055,07-05-2025 19:00,CUST-11486,Small Business,Fashion,Casual Shirt,South,Website,2,1603.11,10,No,3.5,3,Wallet
ORD-105423,15-05-2024 00:00,CUST-11554,Consumer,Books,Business Strategy,North,Marketplace,2,286.58,20,No,4.1,4,Wallet
ORD-102090,29-04-2025 12:00,CUST-11432,Consumer,Home & Kitchen,Desk Lamp,Central,Website,3,6188.16,0,No,4.5,5,UPI
ORD-101769,17-04-2024 10:00,CUST-10127,Consumer,Fashion,Hoodie,East,Mobile App,1,2433.46,5,Yes,3.8,3,Credit Card
ORD-101767,12-09-2024 08:00,CUST-11332,Consumer,Fashion,Hoodie,South,Mobile App,1,2575.07,5,No,4.4,3,Wallet
ORD-101384,29-07-2024 22:00,CUST-11430,Consumer,Beauty,Hair Dryer,South,Mobile App,1,3380.31,15,Yes,3.4,5,UPI
ORD-102430,13-03-2024 05:00,CUST-11199,Consumer,Home & Kitchen,Coffee Maker,West,Website,1,4397.28,15,No,4.7,2,UPI
ORD-100148,24-03-2025 16:00,CUST-10098,Small Business,Books,Business Strategy,East,Mobile App,4,555.39,5,No,4.1,1,Debit Card
ORD-103832,17-03-2025 08:00,CUST-10630,Consumer,Electronics,Power Bank,South,Mobile App,3,20659.82,25,No,3.1,2,UPI
ORD-100659,06-06-2024 08:00,,Small Business,Electronics,Smart Watch,North,Website,2,5812.3,5,No,4.1,5,UPI
ORD-102040,07-06-2024 04:00,CUST-11276,Consumer,Electronics,Smart Watch,North,Marketplace,5,12679.72,0,No,4.2,4,Debit Card
ORD-105540,04-06-2024 05:00,CUST-10236,Consumer,Electronics,Smart Watch,West,Website,6,20898.2,20,No,3.8,2,UPI
ORD-105860,07-10-2024 21:00,CUST-11771,Consumer,Electronics,USB-C Hub,South,Mobile App,1,19493.92,0,No,3.5,4,Debit Card
ORD-103294,14-04-2024 23:00,CUST-11426,Consumer,Electronics,USB-C Hub,West,Mobile App,3,19927.87,15,No,4.4,2,UPI
ORD-100061,10-02-2025 16:00,CUST-11689,Consumer,Home & Kitchen,Coffee Maker,Central,Marketplace,1,8980.11,15,No,4.3,4,UPI
ORD-100451,19-05-2025 23:00,CUST-11061,Consumer,Fashion,Sports Cap,South,Mobile App,6,5100.17,20,No,3.7,1,Wallet
ORD-103159,21-04-2025 15:00,CUST-11198,Consumer,Books,Business Strategy,North,Mobile App,1,478,10,No,4.8,6,Wallet
ORD-103862,15-05-2024 05:00,CUST-10910,Small Business,Electronics,Smart Watch,North,Mobile App,1,9689.35,15,No,3.8,2,Debit Card
ORD-102500,16-01-2025 21:00,CUST-10843,Consumer,Electronics,Wireless Earbuds,West,Website,8,3344.06,20,No,5,5,Credit Card
ORD-104630,21-03-2024 17:00,CUST-10908,Small Business,Fashion,Sports Cap,West,Marketplace,2,583.16,5,No,5,3,Credit Card
ORD-101938,08-06-2025 02:00,CUST-10112,Enterprise,Fashion,Running Shoes,Central,Marketplace,1,4309.44,20,No,4.7,2,UPI
ORD-105833,13-05-2024 07:00,CUST-11224,Small Business,Fashion,Casual Shirt,Central,Mobile App,1,1263.25,5,No,5,3,Net Banking
ORD-100039,10-12-2024 21:00,CUST-11021,Small Business,Fashion,Sports Cap,West,Website,2,3678.41,5,No,3.6,3,Wallet
ORD-103041,08-06-2024 01:00,CUST-10746,Consumer,Electronics,Power Bank,East,Website,2,18304.84,5,No,3.5,3,Credit Card
ORD-100079,31-12-2024 17:00,CUST-11777,Small Business,Electronics,Wireless Earbuds,North,Mobile App,10,9363.05,10,No,3.7,6,Wallet
ORD-101041,12-04-2025 17:00,CUST-11649,Consumer,Beauty,Perfume,West,Website,1,2474.11,5,No,3.7,4,UPI
ORD-104492,15-01-2025 07:00,CUST-11002,Small Business,Beauty,Perfume,West,Mobile App,4,2858.33,0,No,,3,Debit Card
ORD-100138,08-07-2024 17:00,CUST-10641,Small Business,Beauty,Face Wash,East,Marketplace,2,4174.4,5,No,4.2,1,Wallet
ORD-105420,13-03-2025 10:00,CUST-11476,Consumer,Home & Kitchen,Air Fryer,West,Marketplace,1,6968.34,5,No,4,3,Wallet
ORD-102364,18-02-2025 20:00,CUST-10553,Small Business,Books,SQL Handbook,South,Website,1,651.72,15,No,3.8,3,UPI
ORD-105023,17-08-2024 05:00,CUST-11389,Small Business,Home & Kitchen,Water Bottle,East,Mobile App,3,9686.62,15,No,4,4,Credit Card
ORD-101672,26-05-2024 03:00,CUST-11578,Enterprise,Electronics,USB-C Hub,North,Mobile App,5,5532.12,0,No,4.3,1,Credit Card
ORD-104621,27-06-2025 07:00,CUST-10062,Consumer,Beauty,Hair Dryer,East,Mobile App,1,2447.31,5,No,3.2,4,Credit Card
ORD-102625,12-11-2024 03:00,CUST-11682,Consumer,Fashion,Backpack,North,Mobile App,1,1524.94,0,No,3.9,1,Credit Card
ORD-105447,12-08-2024 01:00,CUST-10456,Small Business,Fashion,Hoodie,Central,Mobile App,2,2087.03,20,No,4.3,1,Debit Card
ORD-103190,02-01-2024 17:00,CUST-11663,Small Business,Beauty,Face Wash,East,Marketplace,5,582.55,5,No,4.3,2,Credit Card
ORD-100594,24-06-2024 02:00,CUST-10895,Consumer,Electronics,Smart Watch,West,Marketplace,1,14350.21,20,No,4.1,3,UPI
ORD-104148,16-04-2025 01:00,CUST-10842,Small Business,Beauty,Body Lotion,North,Website,2,1426.78,5,No,3.4,2,Wallet
ORD-101568,11-05-2025 14:00,CUST-11337,Small Business,Fashion,Running Shoes,North,Website,6,2626.82,5,No,4.7,6,Wallet
ORD-103528,12-04-2024 07:00,CUST-11474,Consumer,Fashion,Running Shoes,Central,Website,3,3301.24,0,Yes,4.6,3,Debit Card
ORD-105711,28-05-2025 00:00,CUST-11570,Small Business,Electronics,Bluetooth Speaker,North,Mobile App,1,11085.24,30,No,4.3,3,Credit Card
ORD-103577,12-04-2025 15:00,CUST-11730,Consumer,Beauty,Face Wash,South,Website,3,473.13,5,No,3.3,4,Credit Card
ORD-103407,14-12-2024 11:00,CUST-11403,Consumer,Electronics,Smart Watch,North,Website,8,4740.8,0,No,5,1,UPI
ORD-103449,27-09-2024 14:00,CUST-10689,Small Business,Beauty,Perfume,East,Mobile App,2,1511.9,15,No,4.2,5,Credit Card
ORD-105896,12-01-2024 11:00,CUST-10921,Consumer,Electronics,USB-C Hub,North,Website,8,20958.4,10,No,4.6,2,Wallet
ORD-100387,29-03-2025 19:00,CUST-10293,Enterprise,Books,Data Analytics Guide,East,Mobile App,1,1157.73,15,No,3.5,1,Debit Card
ORD-102670,08-03-2025 09:00,CUST-11455,Small Business,Fashion,Casual Shirt,West,Website,3,3029.81,15,No,3.6,3,Net Banking
ORD-100378,26-07-2024 11:00,CUST-10269,Consumer,Home & Kitchen,Storage Set,North,Mobile App,6,9469.97,0,No,4.9,1,Credit Card
ORD-102464,10-09-2024 07:00,CUST-10081,Small Business,Electronics,USB-C Hub,West,Website,1,17161.32,15,No,4.4,1,Wallet
ORD-103255,13-04-2024 02:00,CUST-11196,Consumer,Books,Business Strategy,Central,Website,1,359.9,20,No,4.8,3,Credit Card
ORD-103502,18-06-2024 12:00,CUST-10291,Enterprise,Fashion,Hoodie,East,Mobile App,3,2791.43,10,No,4.3,1,Debit Card
ORD-100862,06-03-2024 15:00,CUST-11024,Consumer,Fashion,Casual Shirt,South,Mobile App,6,1826.04,20,No,4.9,2,Wallet
ORD-100739,05-05-2025 13:00,CUST-11533,Consumer,Home & Kitchen,Desk Lamp,South,Marketplace,1,8723.57,5,No,4.1,3,Debit Card
ORD-100215,28-05-2024 15:00,CUST-10342,Consumer,Beauty,Hair Dryer,West,Website,5,583.45,0,No,3.7,3,Credit Card
ORD-104938,10-06-2024 13:00,CUST-10215,Consumer,Electronics,Bluetooth Speaker,East,Marketplace,3,18901.77,0,No,3.6,2,Wallet
ORD-104888,03-07-2024 11:00,CUST-10403,Consumer,Fashion,Backpack,Central,Marketplace,4,976.11,15,No,4.1,2,UPI
ORD-103681,18-01-2024 13:00,CUST-10074,Small Business,Books,Leadership Book,North,Website,4,884.75,0,No,3.8,5,Credit Card
ORD-101498,12-09-2024 03:00,,Consumer,Books,Leadership Book,South,Website,1,397.7,15,No,3.7,3,UPI
ORD-103608,03-12-2024 03:00,CUST-11545,Consumer,Electronics,USB-C Hub,Central,Website,2,5717.09,0,No,3.8,1,Wallet
ORD-103674,18-12-2024 20:00,CUST-11876,Consumer,Fashion,Running Shoes,North,Marketplace,1,1428.52,0,No,4.2,4,UPI
ORD-102285,30-03-2025 08:00,CUST-11179,Consumer,Electronics,Bluetooth Speaker,North,Mobile App,1,4459.76,0,No,5,2,Wallet
ORD-100410,05-04-2024 03:00,CUST-10361,Small Business,Fashion,Casual Shirt,West,Website,4,4258.31,15,No,4.5,1,Debit Card
ORD-102597,29-01-2025 20:00,CUST-11143,Consumer,Home & Kitchen,Storage Set,East,Mobile App,2,3685.14,5,No,3.9,3,Credit Card
ORD-105991,15-09-2024 05:00,CUST-10246,Consumer,Electronics,Power Bank,South,Mobile App,3,5525.85,30,No,4.8,4,UPI
ORD-105456,28-03-2024 04:00,CUST-10834,Consumer,Books,Fiction Novel,South,Marketplace,2,1389.79,10,No,4.7,1,Wallet
ORD-103763,13-12-2024 15:00,CUST-10699,Consumer,Fashion,Sports Cap,West,Marketplace,1,3308.83,20,Yes,3,5,Debit Card
ORD-104038,16-06-2024 03:00,CUST-11688,Small Business,Books,SQL Handbook,South,Website,2,1054.12,25,No,3.7,3,Credit Card
ORD-105372,15-07-2024 15:00,CUST-10651,Small Business,Electronics,Power Bank,West,Mobile App,2,16776.98,10,No,4.1,2,Credit Card
ORD-101269,27-01-2024 14:00,CUST-11228,Consumer,Beauty,Body Lotion,East,Website,1,3963.07,15,No,4.1,2,Debit Card
ORD-101081,24-06-2025 02:00,CUST-11371,Consumer,Electronics,Power Bank,East,Marketplace,1,10093.05,0,No,3.4,5,UPI
ORD-105766,17-06-2024 16:00,CUST-11543,Consumer,Beauty,Hair Dryer,South,Mobile App,2,2117.76,10,No,3.2,3,Net Banking
ORD-102798,21-01-2025 12:00,CUST-10730,Consumer,Fashion,Casual Shirt,West,Website,2,5019.25,0,No,3.7,3,Credit Card
ORD-104025,17-03-2024 07:00,CUST-10436,Small Business,Fashion,Casual Shirt,South,Website,1,5969.43,15,No,3.6,3,UPI
ORD-105489,15-07-2024 21:00,CUST-10262,Consumer,Fashion,Backpack,East,Marketplace,1,4623.12,0,Yes,5,1,Net Banking
ORD-100580,20-02-2024 22:00,CUST-10721,Consumer,Beauty,Perfume,West,Website,1,1009.37,15,No,4.2,6,UPI
ORD-103965,10-04-2025 01:00,CUST-11011,Consumer,Fashion,Running Shoes,Central,Website,1,4904.11,0,No,2.9,5,UPI
ORD-105621,25-01-2024 13:00,CUST-10586,Consumer,Fashion,Sports Cap,Central,Mobile App,1,1559.86,0,No,4.4,3,Credit Card
ORD-105414,18-06-2024 20:00,CUST-11349,Consumer,Electronics,USB-C Hub,North,Website,4,14885.86,15,No,4.9,2,
ORD-105521,22-12-2024 10:00,CUST-10701,Small Business,Home & Kitchen,Storage Set,West,Marketplace,2,6241.5,20,No,5,5,Credit Card
ORD-104160,08-08-2024 04:00,CUST-11477,Enterprise,Fashion,Running Shoes,South,Marketplace,1,1495.41,0,No,3.5,5,Debit Card
ORD-101787,24-02-2024 00:00,CUST-11767,Consumer,Beauty,Perfume,North,Mobile App,5,1371.61,0,No,2.9,4,Debit Card
ORD-102089,11-01-2024 19:00,CUST-11345,Consumer,Home & Kitchen,Coffee Maker,North,Mobile App,1,2667.7,10,No,4.3,4,Credit Card
ORD-105401,11-01-2025 02:00,CUST-11285,Small Business,Electronics,Bluetooth Speaker,East,Website,5,17081.74,0,No,3.1,3,Wallet
ORD-102486,13-05-2024 09:00,CUST-10567,Consumer,Books,Leadership Book,West,Mobile App,8,511.16,15,No,,4,Credit Card
ORD-100533,04-06-2024 11:00,CUST-11592,Consumer,Electronics,USB-C Hub,West,Website,5,11003.15,25,No,3.5,3,Wallet
ORD-105120,21-03-2025 11:00,CUST-10831,Consumer,Home & Kitchen,Coffee Maker,South,Website,6,4499.88,5,No,5,2,UPI
ORD-102792,29-01-2025 08:00,CUST-10790,Small Business,Electronics,Wireless Earbuds,South,Mobile App,5,19672.09,10,No,3.8,7,UPI
ORD-105067,09-01-2024 23:00,CUST-10343,Consumer,Home & Kitchen,Desk Lamp,South,Website,1,4246.93,20,No,3.2,5,UPI
ORD-105078,16-03-2025 15:00,CUST-10673,Consumer,Books,Leadership Book,North,Website,2,1529.53,5,No,3.9,1,Credit Card
ORD-100467,21-11-2024 11:00,CUST-11917,Small Business,Home & Kitchen,Water Bottle,Central,Mobile App,1,1838.17,25,No,4,1,Net Banking
ORD-102649,29-06-2024 14:00,CUST-11936,Consumer,Electronics,Bluetooth Speaker,South,Marketplace,1,14745.45,5,No,5,4,Wallet
ORD-100749,27-03-2024 01:00,CUST-11691,Consumer,Electronics,USB-C Hub,South,Website,1,8269.11,0,No,5,2,Debit Card
ORD-100551,02-08-2024 22:00,CUST-11577,Consumer,Fashion,Running Shoes,East,Marketplace,1,2572.41,0,No,4.9,6,Credit Card
ORD-102420,21-05-2024 04:00,CUST-10771,Consumer,Home & Kitchen,Desk Lamp,South,Website,2,11109.18,0,No,3.7,3,Credit Card
ORD-101177,14-04-2024 14:00,CUST-11743,Consumer,Books,Leadership Book,Central,Mobile App,1,797.96,0,No,2.6,6,Debit Card
ORD-100558,08-03-2025 19:00,CUST-10715,Small Business,Fashion,Sports Cap,North,Website,1,3832.42,30,No,3.9,7,Wallet
ORD-100812,08-01-2025 18:00,CUST-10405,Consumer,Fashion,Casual Shirt,West,Marketplace,5,695.82,25,No,3.7,3,Credit Card
ORD-100934,29-08-2024 17:00,CUST-10143,Consumer,Home & Kitchen,Water Bottle,Central,Marketplace,4,11910.17,25,No,3.9,2,Credit Card
ORD-105933,23-06-2024 23:00,CUST-11892,Small Business,Books,Leadership Book,North,Mobile App,3,1748.45,20,No,4.2,3,Credit Card
ORD-102707,14-06-2024 21:00,CUST-10358,Enterprise,Beauty,Body Lotion,South,Mobile App,1,1886.41,10,No,4.2,6,Net Banking
ORD-103198,18-06-2025 15:00,CUST-11897,Small Business,Home & Kitchen,Coffee Maker,East,Marketplace,2,2229.39,30,No,4.9,3,Credit Card
ORD-103150,24-01-2025 06:00,CUST-10442,Consumer,Beauty,Hair Dryer,South,Mobile App,2,417.07,5,No,4.5,1,Credit Card
ORD-100041,17-02-2025 22:00,CUST-11750,Consumer,Books,Data Analytics Guide,West,Website,6,1496.14,5,No,2.9,4,Credit Card
ORD-102461,27-04-2024 11:00,CUST-10139,Small Business,Electronics,USB-C Hub,Central,Marketplace,2,13892.99,10,No,3,4,Credit Card
ORD-103595,07-06-2024 06:00,CUST-11891,Small Business,Home & Kitchen,Coffee Maker,West,Website,1,900.71,5,No,3.8,6,UPI
ORD-103560,07-02-2024 06:00,CUST-10952,Small Business,Home & Kitchen,Water Bottle,West,Website,1,1198.44,5,Yes,5,5,Debit Card
ORD-103540,05-02-2025 06:00,CUST-11452,Consumer,Books,Data Analytics Guide,Central,Mobile App,3,820.73,20,No,3.7,4,Debit Card
ORD-100516,26-04-2025 09:00,CUST-11117,Consumer,Fashion,Hoodie,West,Mobile App,3,3320.77,30,No,3.4,4,Net Banking
ORD-105845,28-03-2024 22:00,CUST-11036,Consumer,Fashion,Casual Shirt,Central,Marketplace,2,2502.05,15,No,4.1,1,Net Banking
ORD-101743,13-01-2024 15:00,CUST-10882,Consumer,Home & Kitchen,Water Bottle,West,Mobile App,1,8700.34,10,No,4.6,5,Credit Card
ORD-103369,05-03-2024 08:00,CUST-10569,Consumer,Fashion,Casual Shirt,North,Mobile App,10,2139.78,30,No,4.7,2,Wallet
ORD-105291,26-04-2025 09:00,CUST-11402,Consumer,Books,Business Strategy,West,Marketplace,3,550.59,0,No,4.5,4,Credit Card
ORD-102192,05-06-2024 09:00,CUST-10104,Consumer,Electronics,Smart Watch,West,Website,3,16186.99,10,No,5,3,Debit Card
ORD-102953,26-08-2024 10:00,CUST-10039,Consumer,Electronics,USB-C Hub,Central,Marketplace,1,7924.28,0,No,5,3,Credit Card
ORD-103584,14-02-2025 23:00,CUST-10818,Consumer,Home & Kitchen,Water Bottle,South,Website,1,9711.79,30,Yes,4.9,4,Credit Card
ORD-105443,16-03-2025 21:00,CUST-10032,Consumer,Home & Kitchen,Storage Set,West,Mobile App,1,8576.59,0,No,4.2,4,Credit Card
ORD-103400,20-03-2025 14:00,CUST-11037,Consumer,Electronics,Wireless Earbuds,North,Marketplace,2,7286.98,10,No,3.5,1,Net Banking
ORD-105623,21-04-2025 19:00,CUST-11916,Small Business,Fashion,Backpack,Central,Mobile App,2,4226.56,15,No,3.5,2,Credit Card
ORD-101815,01-03-2024 10:00,CUST-11331,Consumer,Electronics,Smart Watch,North,Website,1,21309.98,5,No,3.8,1,UPI
ORD-105934,02-04-2025 12:00,CUST-10629,Consumer,Beauty,Perfume,West,Website,2,1332.81,0,No,3.1,6,UPI
ORD-100090,25-08-2024 15:00,CUST-11811,Consumer,Books,Business Strategy,West,Website,3,1025.43,5,No,4.7,3,Net Banking
ORD-103539,27-03-2025 17:00,CUST-11317,Consumer,Beauty,Body Lotion,North,Mobile App,1,4682.64,0,No,3.6,4,Wallet
ORD-100511,11-02-2025 08:00,CUST-11377,Consumer,Fashion,Hoodie,South,Website,2,1631.56,15,No,2.4,1,UPI
ORD-103271,12-08-2024 21:00,CUST-11736,Enterprise,Electronics,Wireless Earbuds,West,Website,6,16817.96,5,No,3.3,3,Debit Card
ORD-103267,11-01-2025 23:00,CUST-10816,Consumer,Beauty,Body Lotion,South,Mobile App,1,772.79,0,No,4.7,5,Wallet
ORD-105825,18-10-2024 06:00,CUST-11755,Consumer,Books,SQL Handbook,North,Website,2,1638.87,0,No,3.3,3,Wallet
ORD-105416,11-07-2024 09:00,CUST-11754,Consumer,Books,Data Analytics Guide,North,Mobile App,1,424.85,20,No,4.8,1,Credit Card
ORD-103292,09-05-2024 22:00,CUST-11814,Small Business,Books,SQL Handbook,East,Mobile App,1,1373.84,5,No,4.3,3,UPI
ORD-104063,08-10-2024 06:00,CUST-11242,Small Business,Electronics,Bluetooth Speaker,North,Mobile App,1,8894.26,5,No,3.3,1,UPI
ORD-100568,16-12-2024 20:00,CUST-11429,Consumer,Beauty,Face Wash,West,Mobile App,4,4952.62,5,No,4.6,3,UPI
ORD-104541,09-12-2024 10:00,CUST-10945,Consumer,Home & Kitchen,Coffee Maker,East,Website,4,6246.27,0,No,3.8,5,Debit Card
ORD-100858,31-12-2024 08:00,CUST-10562,Consumer,Fashion,Hoodie,South,Website,1,4819.92,15,No,4.3,3,UPI
ORD-104868,18-05-2025 06:00,CUST-11793,Consumer,Fashion,Hoodie,South,Mobile App,3,822.21,0,No,3.6,2,UPI
ORD-104216,23-09-2024 19:00,CUST-10190,Consumer,Fashion,Casual Shirt,Central,Marketplace,4,4159.74,25,Yes,4.4,4,Net Banking
ORD-103719,23-05-2024 12:00,CUST-11063,Consumer,Home & Kitchen,Storage Set,South,Website,2,8233.45,15,No,4.9,2,Debit Card
ORD-100025,17-12-2024 13:00,CUST-11051,Consumer,Electronics,Power Bank,Central,Website,6,13959.3,10,No,5,4,Net Banking
ORD-101044,22-01-2025 05:00,CUST-11387,Consumer,Home & Kitchen,Water Bottle,Central,Website,1,11556.88,0,No,3.9,5,Debit Card
ORD-103638,15-02-2024 03:00,,Consumer,Beauty,Body Lotion,North,Website,5,2295,10,No,3.9,3,Debit Card
ORD-103796,10-01-2025 06:00,CUST-11407,Consumer,Beauty,Hair Dryer,East,Mobile App,4,463.87,20,No,4.2,3,UPI
ORD-103946,13-01-2024 17:00,CUST-11395,Consumer,Beauty,Perfume,West,Mobile App,8,305.22,15,No,5,2,Wallet
ORD-103230,04-04-2025 06:00,CUST-11046,Consumer,Books,Business Strategy,North,Marketplace,1,1265.27,0,No,3.8,5,Credit Card
ORD-104747,16-05-2024 23:00,CUST-11631,Consumer,Fashion,Sports Cap,East,Mobile App,2,5721.16,10,No,4.5,1,Wallet
ORD-101658,03-04-2025 03:00,CUST-10263,Consumer,Fashion,Casual Shirt,North,Mobile App,1,3844.42,5,No,4.4,3,Wallet
ORD-104259,14-01-2024 18:00,CUST-10779,Consumer,Electronics,Smart Watch,East,Mobile App,1,17978.51,5,No,4,4,Debit Card
ORD-101762,06-01-2024 13:00,CUST-11430,Small Business,Books,Leadership Book,South,Website,2,675.25,10,No,3.1,4,Debit Card
ORD-100319,23-02-2025 17:00,CUST-10073,Small Business,Home & Kitchen,Storage Set,West,Website,1,10375.18,5,No,4.3,2,Credit Card
ORD-100921,08-11-2024 13:00,CUST-11608,Consumer,Books,SQL Handbook,North,Marketplace,1,1682.46,0,No,4.3,2,Debit Card
ORD-105992,26-03-2025 07:00,CUST-11487,Consumer,Electronics,USB-C Hub,East,Mobile App,4,15199.81,10,No,5,2,Debit Card
ORD-102740,11-04-2024 09:00,CUST-10818,Enterprise,Fashion,Casual Shirt,North,Website,2,3892.31,10,No,4.2,5,Net Banking
ORD-105877,13-05-2024 13:00,CUST-11687,Consumer,Fashion,Hoodie,East,Mobile App,4,5599.29,15,No,3.7,3,Credit Card
ORD-101183,01-09-2024 17:00,CUST-11406,Consumer,Home & Kitchen,Air Fryer,Central,Website,2,2609.86,5,No,3.7,5,Wallet
ORD-103094,11-05-2025 20:00,CUST-10542,Small Business,Books,Business Strategy,North,Website,2,1139.05,10,Yes,5,1,UPI
ORD-102499,22-05-2025 15:00,CUST-11680,Consumer,Electronics,Power Bank,Central,Marketplace,1,20131.46,15,No,4.5,4,UPI
ORD-103871,26-02-2024 03:00,CUST-11256,Consumer,Fashion,Running Shoes,East,Website,6,5728.12,15,No,3.6,6,Debit Card
ORD-104788,16-06-2024 03:00,CUST-11538,Consumer,Fashion,Sports Cap,North,Website,3,4589.8,10,No,4.1,2,UPI
ORD-102902,16-04-2025 05:00,CUST-11361,Enterprise,Electronics,Smart Watch,West,Website,1,3086.47,0,No,3.6,4,Net Banking
ORD-100205,25-05-2024 04:00,CUST-10740,Small Business,Home & Kitchen,Storage Set,West,Website,1,7783.6,30,No,3.9,3,Credit Card
ORD-104380,28-05-2025 07:00,CUST-11639,Enterprise,Home & Kitchen,Air Fryer,North,Mobile App,2,11986.47,15,No,4.7,4,Credit Card
ORD-101794,18-09-2024 00:00,CUST-11329,Consumer,Home & Kitchen,Water Bottle,West,Mobile App,4,3361.69,25,No,4,3,Wallet
ORD-105358,06-02-2024 00:00,CUST-10627,Consumer,Books,SQL Handbook,South,Marketplace,2,1215.08,15,No,4.4,3,Credit Card
ORD-105491,03-03-2025 10:00,CUST-10380,Small Business,Books,SQL Handbook,North,Mobile App,1,1373.57,0,No,4.5,3,Debit Card
ORD-100478,28-12-2024 07:00,CUST-10447,Enterprise,Books,Leadership Book,West,Website,3,1747.42,20,No,4.4,2,UPI
ORD-100172,25-02-2025 07:00,CUST-10006,Consumer,Fashion,Backpack,West,Marketplace,6,2087.24,10,No,4.8,1,Debit Card
ORD-101386,02-11-2024 00:00,CUST-10151,Consumer,Home & Kitchen,Desk Lamp,West,Marketplace,3,3353.34,15,No,4.1,5,Wallet
ORD-101856,23-07-2024 18:00,CUST-10583,Small Business,Home & Kitchen,Coffee Maker,North,Marketplace,3,10999.82,10,No,4.1,3,UPI
ORD-101331,26-01-2025 20:00,CUST-11602,Small Business,Books,Leadership Book,Central,Website,3,949.18,10,No,4.5,3,Debit Card
ORD-104562,12-01-2024 05:00,CUST-11360,Consumer,Electronics,Bluetooth Speaker,West,Website,2,2574.88,15,No,4.6,5,UPI
ORD-101253,09-03-2025 09:00,CUST-10682,Consumer,Fashion,Hoodie,West,Mobile App,2,1860.34,10,No,4.6,2,Debit Card
ORD-104512,08-03-2024 02:00,CUST-11610,Consumer,Electronics,Smart Watch,South,Website,2,7856.98,10,No,4.2,4,Credit Card
ORD-103501,15-12-2024 16:00,CUST-10184,Small Business,Home & Kitchen,Coffee Maker,South,Website,2,11504.45,0,No,4.5,1,UPI
ORD-100106,02-03-2025 02:00,CUST-11576,Small Business,Home & Kitchen,Storage Set,North,Website,1,8525.89,5,No,2.9,6,Debit Card
ORD-101249,17-06-2025 23:00,CUST-10953,Consumer,Beauty,Body Lotion,East,Website,1,909.86,30,No,3,4,Wallet
ORD-101130,10-08-2024 03:00,CUST-11524,Enterprise,Beauty,Perfume,North,Mobile App,2,3356.57,5,No,4.1,4,UPI
ORD-102899,20-04-2024 05:00,CUST-11594,Small Business,Electronics,Bluetooth Speaker,North,Mobile App,1,13721.83,20,No,3.6,4,UPI
ORD-104163,19-04-2024 07:00,CUST-11649,Consumer,Beauty,Body Lotion,East,Mobile App,3,919.24,25,No,3.2,5,UPI
ORD-101274,20-02-2025 11:00,CUST-11243,Small Business,Electronics,Smart Watch,South,Website,1,14093.94,0,No,5,5,Credit Card
ORD-102572,02-02-2025 21:00,CUST-11459,Enterprise,Fashion,Hoodie,Central,Marketplace,2,1825.77,0,No,3.6,4,UPI
ORD-100405,30-09-2024 10:00,CUST-10045,Enterprise,Beauty,Hair Dryer,North,Website,3,3700.08,0,No,4.3,1,Debit Card
ORD-105309,04-09-2024 06:00,CUST-11459,Small Business,Books,Data Analytics Guide,West,Website,2,1687.83,0,No,4,3,Credit Card
ORD-101790,15-11-2024 00:00,CUST-10208,Consumer,Home & Kitchen,Water Bottle,West,Mobile App,1,5559.31,20,Yes,3.9,3,Credit Card
ORD-101033,20-06-2024 09:00,CUST-10757,Small Business,Fashion,Sports Cap,Central,Mobile App,4,1206.11,10,No,4.4,2,Debit Card
ORD-101673,18-02-2025 03:00,CUST-11870,Consumer,Home & Kitchen,Air Fryer,East,Mobile App,1,2752.14,30,No,5,3,Wallet
ORD-103806,26-02-2024 00:00,CUST-10460,Consumer,Fashion,Hoodie,South,Website,1,5039.62,15,No,4.4,2,Debit Card
ORD-100499,20-08-2024 13:00,CUST-11259,Consumer,Books,SQL Handbook,South,Mobile App,2,588,5,No,4,2,Credit Card
ORD-102881,09-05-2024 01:00,CUST-11766,Small Business,Electronics,Bluetooth Speaker,South,Marketplace,1,17104.48,5,No,4.5,4,Wallet
ORD-105754,19-03-2024 16:00,CUST-11038,Consumer,Electronics,Wireless Earbuds,Central,Mobile App,3,9714.4,5,No,4.7,1,UPI
ORD-104989,27-04-2025 12:00,CUST-10574,Small Business,Books,Leadership Book,Central,Mobile App,1,1370.58,20,No,5,5,Credit Card
ORD-102248,26-03-2024 00:00,CUST-10950,Consumer,Electronics,Bluetooth Speaker,West,Website,1,1289.44,5,No,3.7,4,Debit Card
ORD-105467,01-07-2024 10:00,CUST-11738,Consumer,Fashion,Running Shoes,South,Mobile App,5,2496.1,15,No,3.4,6,UPI
ORD-100590,13-03-2025 05:00,CUST-11552,Consumer,Beauty,Hair Dryer,Central,Mobile App,1,3291.38,10,No,3.7,3,Net Banking
ORD-101921,19-10-2024 23:00,CUST-10039,Consumer,Electronics,USB-C Hub,North,Mobile App,5,11745.91,10,No,3.9,3,
ORD-102407,22-01-2025 23:00,CUST-11321,Small Business,Electronics,USB-C Hub,West,Website,3,14353.45,15,No,3.9,4,UPI
ORD-101377,14-02-2025 14:00,CUST-10124,Consumer,Electronics,Wireless Earbuds,West,Website,6,16647.02,30,No,3.8,4,Net Banking
ORD-101070,03-01-2025 13:00,CUST-11008,Small Business,Home & Kitchen,Water Bottle,Central,Mobile App,2,8101.71,5,Yes,3.1,6,Credit Card
ORD-101397,22-12-2024 19:00,CUST-11818,Consumer,Beauty,Face Wash,North,Mobile App,1,2108.32,15,No,4.6,5,UPI
ORD-100525,18-06-2024 10:00,CUST-11059,Small Business,Home & Kitchen,Desk Lamp,East,Website,2,2254.28,10,No,3.7,2,Wallet
ORD-103911,14-06-2025 01:00,CUST-11696,Small Business,Fashion,Sports Cap,East,Website,3,3985.56,10,No,4.3,4,Credit Card
ORD-103327,25-04-2024 04:00,CUST-10537,Consumer,Fashion,Casual Shirt,Central,Mobile App,4,1055.53,15,No,4.2,5,UPI
ORD-103819,02-05-2025 15:00,CUST-10842,Enterprise,Books,SQL Handbook,West,Mobile App,10,1378.09,10,No,4.6,5,Wallet
ORD-102673,12-04-2024 10:00,CUST-11386,Consumer,Fashion,Casual Shirt,East,Marketplace,1,3033.84,15,No,4.5,2,Debit Card
ORD-103721,14-11-2024 00:00,CUST-11390,Consumer,Home & Kitchen,Coffee Maker,South,Marketplace,2,703.81,15,No,3.5,7,UPI
ORD-103463,28-01-2024 18:00,CUST-10162,Enterprise,Electronics,Wireless Earbuds,South,Marketplace,6,2326.67,15,No,4.2,2,Net Banking
ORD-105610,31-05-2024 12:00,CUST-10047,Small Business,Electronics,Bluetooth Speaker,North,Website,6,1932.66,5,No,5,3,Wallet
ORD-102742,10-06-2024 14:00,CUST-11526,Consumer,Beauty,Perfume,South,Marketplace,1,3922.26,0,No,4.6,3,Debit Card
ORD-104431,17-02-2024 22:00,CUST-10160,Consumer,Fashion,Running Shoes,West,Mobile App,4,1750.2,10,No,3.5,4,Debit Card
ORD-100142,31-05-2024 00:00,CUST-10316,Consumer,Books,Business Strategy,East,Mobile App,6,1578.91,20,No,4.8,6,UPI
ORD-100362,01-05-2024 23:00,CUST-10110,Consumer,Fashion,Casual Shirt,South,Marketplace,1,1445.01,20,No,4.4,5,Net Banking
ORD-102560,11-11-2024 06:00,CUST-10936,Small Business,Books,Leadership Book,North,Marketplace,10,1051.03,30,Yes,5,1,Debit Card
ORD-100363,02-05-2025 20:00,CUST-11905,Consumer,Fashion,Running Shoes,West,Marketplace,2,3919.43,0,No,4.1,4,Debit Card
ORD-102838,27-04-2024 16:00,CUST-11640,Enterprise,Home & Kitchen,Coffee Maker,East,Mobile App,5,6561.87,5,No,3.7,4,Debit Card
ORD-104312,09-07-2024 00:00,CUST-11848,Consumer,Home & Kitchen,Water Bottle,East,Mobile App,3,10839.57,5,No,2.4,4,Credit Card
ORD-100002,23-12-2024 10:00,CUST-10785,Consumer,Electronics,Wireless Earbuds,Central,Mobile App,10,2761.16,5,No,3.9,3,Debit Card
ORD-103302,24-11-2024 08:00,CUST-10449,Consumer,Fashion,Hoodie,West,Mobile App,2,4953.27,15,No,4.4,2,UPI
ORD-104794,04-08-2024 10:00,CUST-11085,Small Business,Fashion,Hoodie,South,Marketplace,1,4322.71,10,Yes,3.7,3,Credit Card
ORD-100742,12-12-2024 11:00,CUST-10080,Consumer,Books,SQL Handbook,West,Mobile App,2,568.74,20,No,4.9,1,Wallet
ORD-102098,14-02-2025 05:00,CUST-10617,Consumer,Beauty, Face Wash ,North,Website,1,4643.62,15,No,5,4,Debit Card
ORD-104229,08-01-2024 17:00,CUST-11018,Enterprise,Books,Leadership Book,West,Mobile App,6,1660.95,5,No,4.5,3,Credit Card
ORD-105061,04-12-2024 15:00,CUST-10868,Enterprise,Electronics,USB-C Hub,South,Mobile App,2,4156,0,No,2.9,3,Net Banking
ORD-102229,19-06-2025 13:00,CUST-10352,Consumer,Electronics,Wireless Earbuds,North,Website,2,8690.07,20,No,4.1,4,Credit Card
ORD-105113,14-01-2024 16:00,CUST-11844,Consumer,Beauty,Skin Serum,East,Mobile App,1,3980.73,0,No,3.7,3,Debit Card
ORD-104466,12-03-2025 08:00,CUST-11389,Small Business,Electronics,Power Bank,North,Website,4,15639.36,10,No,,2,Net Banking
ORD-104656,13-03-2024 16:00,CUST-11517,Consumer,Beauty,Hair Dryer,South,Website,1,2185.52,25,No,3.9,3,Debit Card
ORD-103994,06-10-2024 06:00,CUST-10883,Small Business,Beauty,Face Wash,North,Website,8,2538.77,20,No,4.3,4,Wallet
ORD-101547,08-04-2025 19:00,CUST-10177,Consumer,Electronics,USB-C Hub,South,Marketplace,2,7377.11,20,No,3.6,1,Wallet
ORD-102635,15-01-2024 11:00,CUST-10829,Consumer,Fashion,Backpack,South,Website,3,4048.49,5,No,4.4,2,Credit Card
ORD-104600,23-06-2025 13:00,CUST-11273,Small Business,Books,Data Analytics Guide,South,Mobile App,4,763.55,0,No,3.4,1,UPI
ORD-101062,19-03-2024 15:00,CUST-10954,Consumer,Electronics,Wireless Earbuds,West,Marketplace,2,13500.02,0,No,3.5,4,UPI
ORD-104413,27-01-2025 02:00,CUST-10877,Consumer,Fashion,Backpack,Central,Marketplace,5,5720.81,10,Yes,3.5,3,Credit Card
ORD-100329,29-10-2024 23:00,CUST-10094,Small Business,Electronics,USB-C Hub,West,Website,1,12870.71,15,No,4.7,1,Credit Card
ORD-102977,04-05-2025 15:00,CUST-10619,Consumer,Home & Kitchen,Water Bottle,North,Website,2,7008.7,15,No,3.7,3,Debit Card
ORD-103868,01-05-2024 00:00,CUST-10048,Small Business,Fashion,Sports Cap,West,Mobile App,1,2672.92,25,No,3.9,1,UPI
ORD-101337,10-06-2024 19:00,CUST-11328,Consumer,Electronics,Power Bank,North,Website,6,19227.89,25,No,4.6,2,Debit Card
ORD-104556,26-03-2024 01:00,CUST-10884,Small Business,Home & Kitchen,Coffee Maker,Central,Website,2,2932.51,15,No,2.5,4,Debit Card
ORD-105181,23-02-2025 04:00,CUST-10869,Consumer,Beauty,Hair Dryer,Central,Website,1,1742.38,20,No,4.1,1,Debit Card
ORD-104719,22-03-2024 23:00,CUST-10939,Consumer,Home & Kitchen,Air Fryer,North,Mobile App,2,4786.64,10,No,3.4,4,Debit Card
ORD-101824,25-02-2025 21:00,CUST-10984,Consumer,Home & Kitchen,Water Bottle,East,Mobile App,1,1595.46,5,No,4.7,4,Credit Card
ORD-103941,19-06-2024 11:00,CUST-11705,Consumer,Home & Kitchen,Storage Set,South,Marketplace,2,7918.2,5,No,4.7,3,Credit Card
ORD-102242,04-09-2024 03:00,CUST-10238,Small Business,Home & Kitchen,Storage Set,East,Mobile App,1,9925.89,15,No,4,4,Wallet
ORD-100769,24-07-2024 12:00,CUST-10314,Small Business,Fashion,Backpack,North,Mobile App,5,1241.63,0,No,3.7,3,Debit Card
ORD-101312,01-03-2025 16:00,CUST-11586,Small Business,Electronics,Wireless Earbuds,South,Marketplace,4,1476.49,5,No,4.8,2,UPI
ORD-101656,04-07-2025 17:00,CUST-11150,Consumer,Books,SQL Handbook,North,Mobile App,3,1728.61,0,No,4.2,5,UPI
ORD-102005,11-03-2024 10:00,CUST-11197,Small Business,Home & Kitchen,Coffee Maker,North,Mobile App,2,10075.84,5,No,4.5,4,Debit Card
ORD-100099,17-03-2024 07:00,CUST-11614,Consumer,Electronics,Bluetooth Speaker,West,Marketplace,2,13870.4,25,No,4.7,2,Debit Card
ORD-101151,02-10-2024 15:00,CUST-11299,Consumer,Fashion,Backpack,North,Mobile App,4,4771.99,0,No,3.8,6,Debit Card
ORD-104515,09-03-2025 09:00,CUST-11062,Consumer,Fashion,Hoodie,North,Mobile App,1,3865.28,15,No,4.8,4,Net Banking
ORD-101848,11-10-2024 11:00,CUST-11032,Consumer,Electronics,Wireless Earbuds,Central,Marketplace,3,19438,30,No,4.6,5,Debit Card
ORD-103455,17-04-2025 09:00,CUST-10325,Consumer,Beauty,Body Lotion,East,MOBILE APP,4,4753.16,20,No,4.6,2,Wallet
ORD-101007,02-10-2024 00:00,CUST-10814,Small Business,Electronics,Bluetooth Speaker,West,Mobile App,2,10049.97,20,No,4.3,3,UPI
ORD-105522,14-02-2025 03:00,CUST-11132,Small Business,Books,SQL Handbook,Central,Mobile App,1,1213.44,25,No,3.8,4,UPI
ORD-102325,25-03-2025 11:00,CUST-10070,Consumer,Electronics,Bluetooth Speaker,Central,Website,4,14426.92,10,No,5,2,UPI
ORD-100392,19-07-2024 12:00,CUST-10087,Consumer,Books,Data Analytics Guide,North,Mobile App,1,1433.86,0,Yes,3.8,6,UPI
ORD-105531,30-05-2025 21:00,CUST-10521,Consumer,Electronics,Wireless Earbuds,East,Mobile App,5,16910.38,0,No,3.3,2,Debit Card
ORD-103454,22-03-2025 19:00,CUST-11646,Consumer,Fashion,Running Shoes,North,Mobile App,6,1654.36,20,No,3.7,1,Debit Card
ORD-102497,30-04-2025 02:00,CUST-10523,Enterprise,Home & Kitchen,Air Fryer,North,Mobile App,3,3303.78,30,No,5,1,Debit Card
ORD-105013,28-05-2025 11:00,CUST-10393,Consumer,Home & Kitchen,Storage Set,West,Mobile App,3,7671.27,20,No,4.5,2,UPI
ORD-101450,09-06-2024 08:00,CUST-11365,Consumer,Beauty,Perfume,West,Website,4,2214.26,0,No,4.1,1,UPI
ORD-102905,16-04-2025 20:00,CUST-11688,Enterprise,Books,Leadership Book,East,Website,1,1247.38,15,No,4.7,4,UPI
ORD-101069,06-01-2024 20:00,CUST-11301,Small Business,Electronics,Power Bank,East,Mobile App,2,14207.68,0,No,3.6,5,Credit Card
ORD-101728,30-08-2024 15:00,CUST-11147,Consumer,Fashion,Casual Shirt,North,Mobile App,1,601.33,20,No,3.9,2,Net Banking
ORD-101061,10-01-2025 11:00,CUST-11605,Small Business,Fashion,Backpack,South,Marketplace,4,5678.03,30,No,3.3,3,Wallet
ORD-104565,04-07-2024 02:00,CUST-10220,Consumer,Books,Fiction Novel,West,Website,1,1301.73,10,No,3.3,4,UPI
ORD-105189,10-06-2024 07:00,CUST-10302,Consumer,Beauty,Hair Dryer,South,Website,8,897.89,15,No,3.9,3,Credit Card
ORD-105932,03-07-2024 19:00,CUST-11491,Consumer,Electronics,Power Bank,Central,Website,3,2932.72,20,No,4.6,3,Wallet
ORD-105088,16-03-2024 06:00,CUST-11344,Consumer,Home & Kitchen,Desk Lamp,West,Mobile App,3,6427.49,10,No,4.1,4,Debit Card
ORD-101387,26-06-2024 15:00,CUST-10428,Consumer,Electronics,Wireless Earbuds,West,Mobile App,2,18819.76,20,No,3.4,5,UPI
ORD-100130,04-11-2024 17:00,CUST-11783,Consumer,Home & Kitchen,Coffee Maker,East,Website,2,6433.92,25,No,4.3,5,Net Banking
ORD-105325,03-08-2024 04:00,CUST-10553,Enterprise,Electronics,Bluetooth Speaker,South,Website,2,12577.87,10,No,5,2,Wallet
ORD-102313,29-01-2024 20:00,CUST-10904,Small Business,Fashion,Backpack,East,Website,2,3154.82,0,No,4.7,4,Credit Card
ORD-103346,25-11-2024 00:00,CUST-10160,Small Business,Books,Business Strategy,East,Mobile App,2,907.53,25,No,4.2,1,Net Banking
ORD-104765,23-03-2024 05:00,CUST-11851,Small Business,Electronics,USB-C Hub,West,Marketplace,3,21833.85,0,No,4.6,4,Wallet
ORD-102750,13-05-2024 20:00,CUST-10161,Consumer,Electronics,Power Bank,South,Website,2,5176.66,20,No,4.2,5,UPI
ORD-101120,08-01-2024 14:00,CUST-11562,Consumer,Books,Leadership Book,North,Marketplace,1,535.95,0,No,4.5,5,Net Banking
ORD-100407,19-03-2024 13:00,CUST-10861,Consumer,Electronics,Bluetooth Speaker,Central,Website,2,5502.49,0,No,4.1,3,Debit Card
ORD-103395,10-03-2025 05:00,CUST-11225,Consumer,Beauty,Body Lotion,North,Marketplace,1,4650.71,0,No,3.2,2,Debit Card
ORD-100213,02-09-2024 08:00,CUST-11770,Enterprise,Fashion,Hoodie,East,Mobile App,1,5254.53,5,No,3.8,2,Debit Card
ORD-100166,24-06-2024 09:00,CUST-11427,Consumer,Electronics,Power Bank,North,Marketplace,8,10898.87,30,No,3.4,3,UPI
ORD-100018,03-04-2025 12:00,CUST-11379,Consumer,Home & Kitchen,Desk Lamp,East,Mobile App,3,7225.19,5,No,4.4,4,Wallet
ORD-105671,17-12-2024 04:00,CUST-10339,Consumer,Home & Kitchen,Water Bottle,East,Website,1,6039.36,15,No,3.9,2,Debit Card
ORD-100754,30-10-2024 01:00,CUST-10471,Consumer,Home & Kitchen,Air Fryer,North,Mobile App,1,11178.84,0,No,3.9,4,Credit Card
ORD-104807,02-05-2025 08:00,CUST-11720,Consumer,Home & Kitchen,Air Fryer,East,Mobile App,5,1062.36,20,No,5,4,Debit Card
ORD-101826,27-02-2024 10:00,CUST-11478,Consumer,Electronics,Bluetooth Speaker,North,Mobile App,8,8316.64,0,No,3.9,3,Net Banking
ORD-103672,16-11-2024 13:00,CUST-10073,Consumer,Fashion,Sports Cap,North,Website,1,3982.6,10,No,4.5,3,Debit Card
ORD-100607,07-10-2024 18:00,CUST-10927,Consumer,Electronics,USB-C Hub,West,Website,3,20026.23,5,No,3.6,5,Debit Card
ORD-101290,07-05-2024 14:00,CUST-10193,Consumer,Electronics,Smart Watch,East,Marketplace,1,17160.46,15,No,3.9,4,Credit Card
ORD-100699,21-02-2024 21:00,CUST-11116,Small Business,Home & Kitchen,Air Fryer,East,Mobile App,2,6709.03,15,No,4,5,Debit Card
ORD-104559,20-12-2024 01:00,CUST-10657,Consumer,Books,Data Analytics Guide,Central,Mobile App,8,272.27,20,No,3.6,6,UPI
ORD-102992,15-04-2024 10:00,CUST-11674,Consumer,Books,Data Analytics Guide,West,Mobile App,1,531.38,15,No,3.6,4,Debit Card
ORD-104965,27-02-2024 17:00,CUST-11652,Small Business,Beauty,Face Wash,East,Website,2,3732.5,25,No,4.5,4,Credit Card
ORD-103944,12-03-2024 05:00,CUST-11911,Small Business,Home & Kitchen,Desk Lamp,West,Website,1,3186.57,0,No,4.5,5,Wallet
ORD-105734,21-12-2024 15:00,CUST-11632,Consumer,Beauty,Body Lotion,West,Website,2,4681.98,0,No,3,2,Debit Card
ORD-100365,10-10-2024 07:00,CUST-10570,Enterprise,Home & Kitchen,Storage Set,South,Website,1,10814.13,0,No,4.3,2,Credit Card
ORD-102903,03-12-2024 08:00,CUST-10610,Small Business,Beauty,Perfume,South,Mobile App,3,2023.98,0,No,4,4,Credit Card
ORD-105996,11-04-2025 12:00,CUST-10313,Small Business,Beauty,Skin Serum,North,Mobile App,1,3279.93,10,No,3.7,2,Wallet
ORD-101230,24-03-2025 13:00,CUST-10264,Consumer,Books,Business Strategy,Central,Marketplace,3,958.37,25,No,4.2,5,UPI
ORD-100476,07-04-2025 11:00,CUST-10647,Consumer,Beauty,Face Wash,South,Mobile App,6,3354.08,15,No,4.6,1,UPI
ORD-104090,06-02-2025 12:00,CUST-11156,Consumer,Home & Kitchen,Storage Set,West,Website,3,3376.15,20,No,4.3,2,Debit Card
ORD-105832,25-03-2025 00:00,CUST-10732,Consumer,Electronics,USB-C Hub,West,Mobile App,1,12003.53,5,No,4.2,5,Debit Card
ORD-100035,04-02-2024 20:00,CUST-11136,Consumer,Fashion,Hoodie,Central,Mobile App,1,5272.91,5,Yes,4.5,4,Credit Card
ORD-103184,09-12-2024 16:00,CUST-11245,Enterprise,Electronics,USB-C Hub,South,Website,2,21539.74,0,No,4.1,2,UPI
ORD-104058,22-04-2024 02:00,CUST-10575,Small Business,Fashion,Running Shoes,West,Mobile App,3,4718.48,15,No,4.4,2,Wallet
ORD-104057,16-10-2024 15:00,CUST-10205,Consumer,Electronics,USB-C Hub,East,Website,4,16591.28,15,No,4.3,4,Credit Card
ORD-105577,25-05-2025 12:00,CUST-10118,Consumer,Electronics,Smart Watch,South,Website,1,1423.71,30,No,3.7,1,
ORD-100651,22-12-2024 08:00,CUST-10238,Enterprise,Electronics,USB-C Hub,West,Marketplace,4,17024.55,20,No,4.1,1,UPI
ORD-103883,05-09-2024 09:00,CUST-11810,Consumer,Beauty,Perfume,East,Mobile App,4,4164.88,0,No,2.6,6,Debit Card
ORD-103007,20-08-2024 02:00,CUST-11491,Consumer,Books,Leadership Book,North,Website,6,1728.05,10,No,3.8,2,Debit Card
ORD-105968,15-04-2024 03:00,CUST-11252,Consumer,Books,Fiction Novel,South,Marketplace,3,730.31,5,No,5,4,Credit Card
ORD-102618,24-12-2024 12:00,CUST-10887,Consumer,Fashion,Running Shoes,West,Website,5,2737.07,20,No,4.4,5,Credit Card
ORD-104790,17-04-2024 15:00,CUST-11254,Enterprise,Fashion,Backpack,South,Mobile App,2,4045.18,20,No,4.2,5,UPI
ORD-103586,04-09-2024 00:00,CUST-10972,Consumer,Electronics,Power Bank,Central,Mobile App,2,3297.84,0,No,5,3,Wallet
ORD-102338,24-01-2024 17:00,CUST-10830,Small Business,Beauty,Face Wash,Central,Marketplace,2,1874.37,10,No,3.8,2,Net Banking
ORD-104297,24-02-2025 12:00,CUST-11805,Small Business,Electronics,Wireless Earbuds,Central,Website,5,21206.76,15,No,3.3,4,Debit Card
ORD-101107,10-05-2025 07:00,CUST-11209,Consumer,Beauty,Face Wash,North,Website,2,1870.4,30,No,4.1,2,Debit Card
ORD-103688,11-06-2025 21:00,CUST-11511,Consumer,Fashion,Running Shoes,West,Mobile App,6,1903.27,25,No,4.9,3,Debit Card
ORD-104944,20-01-2024 13:00,CUST-10172,Consumer,Fashion,Sports Cap,Central,Website,3,5668.54,15,No,4.6,4,UPI
ORD-101278,05-01-2024 10:00,CUST-11309,Consumer,Home & Kitchen,Desk Lamp,West,Mobile App,2,4065.53,25,No,4.4,4,Debit Card
ORD-103118,13-01-2024 22:00,CUST-10570,Enterprise,Books,Business Strategy,North,Mobile App,1,934.39,15,No,4.2,4,Credit Card
ORD-101198,14-03-2025 08:00,CUST-10155,Consumer,Electronics,USB-C Hub,South,Marketplace,3,1407.09,5,No,3.7,1,Wallet
ORD-102919,25-07-2024 13:00,CUST-10144,Small Business,Home & Kitchen,Desk Lamp,West,Mobile App,2,5869.44,30,No,4.1,1,Debit Card
ORD-102077,28-08-2024 06:00,CUST-10069,Small Business,Electronics,USB-C Hub,North,Website,3,8588.43,5,No,3.7,2,Debit Card
ORD-101324,18-04-2025 01:00,CUST-11591,Small Business,Electronics,USB-C Hub,South,Marketplace,8,14918.58,20,No,4.2,3,Wallet
ORD-100225,16-06-2024 01:00,CUST-11911,Consumer,Beauty,Hair Dryer,West,Website,4,1307.38,15,No,3.5,3,Net Banking
ORD-101643,20-11-2024 15:00,CUST-10150,Small Business,Electronics,Power Bank,North,Website,1,4288.51,10,Yes,2.9,2,UPI
ORD-102459,02-02-2024 11:00,CUST-11042,Consumer,Electronics,Bluetooth Speaker,East,Website,5,8816.35,20,No,3.6,1,Wallet
ORD-101343,09-11-2024 21:00,CUST-11411,Consumer,Electronics,Power Bank,South,Website,5,2428.38,5,No,4.5,3,Net Banking
ORD-100978,10-07-2024 14:00,CUST-11712,Consumer,Home & Kitchen,Desk Lamp,East,Website,1,2217.62,15,No,3.8,5,Debit Card
ORD-104598,05-06-2025 18:00,CUST-10611,Consumer,Home & Kitchen,Coffee Maker,North,Website,2,10220.79,10,No,5,5,Net Banking
ORD-104947,10-10-2024 19:00,CUST-10822,Consumer,Home & Kitchen,Air Fryer,South,Marketplace,2,4894.63,10,No,3.7,1,Net Banking
ORD-101378,01-10-2024 17:00,CUST-10687,Small Business,Books,Business Strategy,East,Marketplace,3,1479.25,10,No,4.3,3,Wallet
ORD-102157,11-12-2024 05:00,CUST-10043,Enterprise,Fashion,Casual Shirt,North,Website,3,5183.93,25,No,4,4,Net Banking
ORD-102306,26-06-2024 22:00,CUST-11505,Consumer,Books,Business Strategy,Central,Mobile App,1,663.85,15,No,4.7,4,Debit Card
ORD-104172,03-10-2024 13:00,CUST-11830,Consumer,Beauty,Face Wash,North,Website,5,2184.69,15,No,4,2,Credit Card
ORD-101246,14-04-2025 12:00,CUST-11885,Small Business,Books,SQL Handbook,East,Website,1,1743.13,20,No,3.7,1,UPI
ORD-105427,17-03-2024 04:00,CUST-11928,Consumer,Electronics,Bluetooth Speaker,East,Website,1,1629.32,20,No,3.8,3,Wallet
ORD-101039,27-03-2025 16:00,CUST-10567,Small Business,Beauty,Face Wash,North,Marketplace,4,4950.83,0,No,4.3,5,Credit Card
ORD-104852,27-02-2024 21:00,CUST-10486,Small Business,Fashion,Hoodie,West,Mobile App,2,793.02,0,No,2.7,5,Credit Card
ORD-102939,02-04-2024 05:00,CUST-10455,Small Business,Beauty,Skin Serum,West,Marketplace,1,1254.61,15,No,4.3,5,Debit Card
ORD-102328,15-01-2024 09:00,CUST-11877,Consumer,Home & Kitchen,Air Fryer,West,Website,4,11610.94,15,No,3.1,3,Debit Card
ORD-105079,05-10-2024 08:00,CUST-10259,Small Business,Books,SQL Handbook,South,Mobile App,1,580.4,20,No,3.8,3,Credit Card
ORD-102481,14-04-2025 17:00,CUST-10424,Consumer,Electronics,Bluetooth Speaker,West,Marketplace,1,15234.22,10,No,4.5,3,UPI
ORD-104379,22-05-2025 14:00,CUST-11010,Consumer,Home & Kitchen,Coffee Maker,North,Website,2,4520.83,10,No,4.2,4,Credit Card
ORD-102015,23-06-2024 06:00,CUST-11900,Small Business,Home & Kitchen,Water Bottle,West,Marketplace,1,5281.3,15,No,5,5,Net Banking
ORD-103630,10-09-2024 06:00,CUST-11451,Consumer,Fashion,Casual Shirt,Central,Website,1,4000.29,5,No,4.9,4,Credit Card
ORD-105188,22-03-2025 19:00,CUST-11328,Small Business,Fashion,Casual Shirt,South,Marketplace,2,1088.08,5,No,3.4,4,Debit Card
ORD-104967,03-07-2024 17:00,CUST-10740,Consumer,Beauty,Body Lotion,West,Website,2,2119.37,15,No,5,2,Credit Card
ORD-103648,29-06-2025 07:00,CUST-11090,Consumer,Books,Leadership Book,West,Mobile App,2,1186.95,30,No,4.4,5,UPI
ORD-104263,17-02-2025 03:00,CUST-11069,Consumer,Electronics,Bluetooth Speaker,West,Mobile App,4,2104.14,20,No,5,3,UPI
ORD-105792,02-08-2024 00:00,CUST-10540,Consumer,Home & Kitchen,Coffee Maker,East,Mobile App,2,3945.49,10,No,4.3,3,Net Banking
ORD-100186,31-03-2024 18:00,CUST-10776,Consumer,Beauty,Perfume,North,Marketplace,1,309.3,25,No,4.9,1,Credit Card
ORD-101860,07-02-2025 23:00,CUST-10960,Consumer,Fashion,Casual Shirt,North,Mobile App,1,2988.74,0,No,4.1,4,Net Banking
ORD-102715,10-09-2024 04:00,CUST-10682,Consumer,Electronics,Smart Watch,East,Mobile App,1,2148.25,5,No,3.9,4,UPI
ORD-101615,04-04-2024 10:00,CUST-10562,Consumer,Home & Kitchen,Air Fryer,South,Website,1,1992.03,30,No,4.4,5,UPI
ORD-105408,01-11-2024 13:00,CUST-10909,Consumer,Books,Business Strategy,East,Mobile App,2,1692.8,10,Yes,3.2,4,Wallet
ORD-105716,19-04-2024 02:00,CUST-11090,Consumer,Electronics,Bluetooth Speaker,Central,Website,1,11387.25,0,No,3.6,3,UPI
ORD-100890,24-02-2024 14:00,CUST-10337,Consumer,Electronics,Bluetooth Speaker,West,Mobile App,1,15920.99,0,No,4.8,6,Debit Card
ORD-101245,22-06-2025 03:00,CUST-11839,Consumer,Electronics,Power Bank,Central,Mobile App,1,20351.27,20,No,4.7,3,UPI
ORD-103304,05-03-2024 17:00,CUST-10699,Enterprise,Beauty,Skin Serum,South,Website,2,1305.89,0,Yes,3,4,UPI
ORD-100129,12-12-2024 13:00,CUST-10467,Consumer,Books,Business Strategy,West,Mobile App,2,1600.48,5,No,4.3,5,UPI
ORD-105438,18-08-2024 20:00,CUST-10675,Consumer,Books,Fiction Novel,Central,Website,2,476.04,30,No,3.5,2,Credit Card
ORD-103744,11-05-2024 21:00,CUST-11593,Consumer,Electronics,Smart Watch,South,Website,2,2804.29,20,No,4.1,3,UPI
ORD-103037,25-03-2024 07:00,CUST-10292,Small Business,Home & Kitchen,Storage Set,South,Marketplace,3,1139.26,10,No,4.2,1,Debit Card
ORD-103877,14-05-2024 02:00,CUST-11572,Consumer,Home & Kitchen,Coffee Maker,North,Website,1,11896.85,25,No,4.2,2,UPI
ORD-104320,25-12-2024 23:00,CUST-10990,Consumer,Electronics,Smart Watch,South,Website,4,17927.57,15,No,5,4,Credit Card
ORD-105104,29-02-2024 13:00,CUST-10706,Small Business,Fashion,Backpack,North,Mobile App,1,888.95,25,No,4.2,5,Net Banking
ORD-101407,22-04-2025 09:00,CUST-10512,Consumer,Home & Kitchen,Coffee Maker,North,Mobile App,1,7477.34,25,No,4.2,1,UPI
ORD-102950,18-01-2024 04:00,CUST-10480,Consumer,Home & Kitchen,Water Bottle,North,Mobile App,8,9221.92,25,No,3,3,Credit Card
ORD-104677,06-11-2024 00:00,CUST-10310,Small Business,Books,Fiction Novel,East,Marketplace,2,849.05,0,No,4.5,2,Credit Card
ORD-101087,24-06-2025 18:00,CUST-11439,Small Business,Fashion,Backpack,West,Website,2,1219.65,30,No,4.5,5,UPI
ORD-105203,30-12-2024 10:00,CUST-10132,Small Business,Fashion,Running Shoes,West,Website,2,1341.34,5,Yes,4.1,5,Credit Card
ORD-100581,31-03-2025 02:00,CUST-10377,Small Business,Beauty,Hair Dryer,East,Website,4,1098.08,0,No,3.8,4,Wallet
ORD-100960,24-03-2024 18:00,CUST-10879,Small Business,Home & Kitchen,Water Bottle,North,Website,1,2221.18,5,No,3.5,3,UPI
ORD-104976,09-11-2024 03:00,CUST-11947,Consumer,Beauty,Hair Dryer,East,Website,1,445.29,20,No,4.4,7,Debit Card
ORD-103954,19-11-2024 20:00,CUST-10177,Small Business,Fashion,Sports Cap,North,Marketplace,1,2840.26,5,No,3.6,2,Debit Card
ORD-100303,04-05-2025 08:00,CUST-10715,Small Business,Books,Data Analytics Guide,East,Mobile App,2,945.52,0,No,4.1,3,Credit Card
ORD-102861,23-05-2025 04:00,CUST-11228,Small Business,Electronics,Wireless Earbuds,East,Website,4,15512.02,20,No,4,3,Wallet
ORD-105298,04-02-2024 18:00,CUST-11767,Enterprise,Electronics,USB-C Hub,Central,Mobile App,2,6933.96,25,No,4.4,4,Credit Card
ORD-105370,03-03-2025 21:00,CUST-10906,Consumer,Home & Kitchen,Coffee Maker,South,Marketplace,1,5911.48,15,No,5,5,Credit Card
ORD-100618,03-02-2024 09:00,CUST-11420,Consumer,Home & Kitchen,Water Bottle,Central,Mobile App,2,3668.58,5,No,3.7,3,Debit Card
ORD-103815,09-02-2024 04:00,CUST-11144,Consumer,Electronics,Wireless Earbuds,West,Website,5,17355.78,0,No,4.9,3,Debit Card
ORD-105907,13-05-2025 17:00,CUST-11208,Consumer,Beauty,Perfume,Central,Marketplace,4,3350.22,5,No,4.1,5,Debit Card
ORD-103995,01-07-2024 22:00,CUST-11523,Consumer,Beauty,Body Lotion,South,Marketplace,2,2995.9,15,No,4.6,2,Wallet
ORD-104344,23-07-2024 11:00,CUST-11373,Small Business,Home & Kitchen,Water Bottle,North,Website,1,7648.48,0,No,4,1,UPI
ORD-100575,23-07-2024 00:00,CUST-11470,Small Business,Home & Kitchen,Storage Set,West,Website,2,5121.58,0,No,3.2,4,Wallet
ORD-100571,15-08-2024 07:00,CUST-10658,Small Business,Electronics,Wireless Earbuds,Central,Website,2,20206.79,0,No,4.1,1,Wallet
ORD-105883,01-05-2024 11:00,CUST-10744,Consumer,Electronics,USB-C Hub,Central,Mobile App,2,1258.05,0,No,3.8,2,UPI
ORD-105458,09-10-2024 17:00,CUST-11886,Consumer,Fashion,Running Shoes,South,Website,1,4134.48,5,No,3,5,Credit Card
ORD-101774,23-02-2025 20:00,CUST-10847,Small Business,Electronics,USB-C Hub,South,Marketplace,1,19425.41,10,No,3.7,5,UPI
ORD-103565,22-05-2024 08:00,CUST-11635,Small Business,Fashion,Hoodie,West,Website,2,5015.55,15,No,4,3,UPI
ORD-103898,14-06-2024 18:00,CUST-11449,Small Business,Fashion,Hoodie,North,Website,6,787.73,15,No,4.2,3,Net Banking
ORD-101478,05-05-2024 21:00,CUST-10791,Small Business,Beauty,Skin Serum,Central,Website,1,3840.97,0,No,4.2,4,Debit Card
ORD-102513,15-02-2025 20:00,CUST-10604,Consumer,Home & Kitchen,Water Bottle,Central,Website,1,7782.8,10,Yes,3.2,5,Credit Card
ORD-100924,15-05-2024 13:00,CUST-10257,Small Business,Electronics,Wireless Earbuds,West,Mobile App,1,20938.46,20,No,4.2,1,Net Banking
ORD-101210,06-12-2024 09:00,CUST-11854,Consumer,Fashion,Backpack,Central,Marketplace,3,4497.08,0,No,3.9,1,Debit Card
ORD-101286,10-05-2025 16:00,CUST-10143,Consumer,Books,SQL Handbook,South,Website,3,1651.1,15,No,4.5,2,Net Banking
ORD-103533,24-06-2025 11:00,CUST-11600,Consumer,Electronics,Bluetooth Speaker,West,Marketplace,1,20878.49,0,No,4,4,Debit Card
ORD-105478,20-02-2024 22:00,CUST-10627,Consumer,Home & Kitchen,Air Fryer,West,Marketplace,1,6939.94,5,No,3.7,3,Debit Card
ORD-103979,23-03-2024 05:00,CUST-10175,Consumer,Fashion,Sports Cap,West,Marketplace,1,5889,25,No,3.3,1,Wallet
ORD-100822,15-03-2024 13:00,CUST-11612,Consumer,Fashion,Casual Shirt,West,Mobile App,4,857.52,20,No,3.8,3,Wallet
ORD-101333,16-03-2025 21:00,CUST-11304,Consumer,Home & Kitchen,Water Bottle,East,Website,2,4166.57,10,No,4,1,Credit Card
ORD-105902,21-02-2024 04:00,CUST-10344,Consumer,Beauty,Perfume,North,Marketplace,1,4849.76,0,No,3.4,1,Credit Card
ORD-104255,28-06-2024 01:00,CUST-10484,Enterprise,Electronics,Bluetooth Speaker,East,Mobile App,5,4133.44,25,No,5,2,UPI
ORD-100193,16-07-2024 13:00,CUST-11592,Small Business,Fashion,Backpack,Central,Mobile App,2,2604.2,25,No,4.1,2,UPI
ORD-105723,13-10-2024 19:00,CUST-11477,Consumer,Beauty,Perfume,Central,Marketplace,2,1692.93,10,Yes,4.4,5,Debit Card
ORD-101493,30-06-2024 21:00,CUST-11273,Enterprise,Electronics,Smart Watch,South,Mobile App,1,9547.84,5,Yes,4.7,3,UPI
ORD-103329,15-05-2025 22:00,CUST-10862,Small Business,Electronics,Bluetooth Speaker,Central,MARKETPLACE,2,6725.59,15,Yes,3.9,2,Debit Card
ORD-105490,15-09-2024 17:00,CUST-11592,Consumer,Electronics,Wireless Earbuds,East,Website,5,16497.43,15,No,4.1,4,Credit Card
ORD-105305,20-03-2025 10:00,CUST-11408,Consumer,Electronics,USB-C Hub,West,Website,4,20155.66,30,No,3,5,Debit Card
ORD-102789,31-03-2025 18:00,CUST-11803,Consumer,Home & Kitchen,Desk Lamp,Central,Website,2,6916.62,10,Yes,5,3,UPI
ORD-101791,26-04-2025 01:00,CUST-11581,Consumer,Electronics,Power Bank,South,Website,3,19121.7,20,No,4.9,2,Credit Card
ORD-101321,30-05-2024 01:00,CUST-11290,Small Business,Fashion,Hoodie,West,Website,2,622.76,25,No,4.9,8,Wallet
ORD-104761,07-04-2025 20:00,CUST-11567,Enterprise,Books,Leadership Book,West,Mobile App,5,1426.84,15,No,3.6,1,Credit Card
ORD-103729,14-12-2024 22:00,CUST-10231,Consumer,Fashion,Backpack,Central,Mobile App,2,5959.68,0,No,5,4,Net Banking
ORD-105318,20-02-2025 10:00,CUST-10381,Consumer,Home & Kitchen,Coffee Maker,Central,Marketplace,1,4924.74,20,No,4.2,3,Debit Card
ORD-100333,29-03-2025 02:00,CUST-11414,Consumer,Electronics,Smart Watch,West,Website,8,7466.84,5,No,4.6,4,UPI
ORD-105059,10-12-2024 17:00,CUST-10020,Small Business,Books,Leadership Book,North,Mobile App,4,945.76,0,No,4.4,1,Net Banking
ORD-102217,29-06-2025 06:00,CUST-11688,Small Business,Electronics,Power Bank,East,Website,3,14970.36,20,Yes,5,2,UPI
ORD-102324,11-02-2025 17:00,CUST-10005,Consumer,Electronics,Bluetooth Speaker,North,Website,5,10760.8,20,No,3.3,3,Credit Card
ORD-105578,04-09-2024 20:00,CUST-10276,Consumer,Fashion,Running Shoes,North,Website,1,3892.11,0,No,4.7,3,UPI
ORD-102672,09-04-2025 23:00,CUST-10591,Consumer,Home & Kitchen,Storage Set,North,Marketplace,10,6701.03,25,No,3.7,2,Net Banking
ORD-103976,17-12-2024 15:00,CUST-11859,Consumer,Beauty,Skin Serum,West,Mobile App,1,2475.87,15,No,2.8,2,Net Banking
ORD-104943,16-04-2025 20:00,CUST-11336,Consumer,Fashion,Hoodie,West,Marketplace,2,5877.59,10,No,4.4,4,Wallet
ORD-103299,14-03-2025 07:00,CUST-10799,Small Business,Books,Data Analytics Guide,South,Website,1,1769.23,20,No,4.2,4,Debit Card
ORD-105130,25-06-2024 10:00,CUST-10388,Enterprise,Fashion,Casual Shirt,South,Website,4,5649.04,10,No,5,2,UPI
ORD-105800,08-03-2024 21:00,CUST-10611,Consumer,Electronics,USB-C Hub,North,Website,3,13253.61,10,No,5,3,Debit Card
ORD-105590,14-02-2024 15:00,CUST-11292,Enterprise,Fashion,Sports Cap,Central,Marketplace,2,4436.8,20,No,4.2,2,Wallet
ORD-103978,23-10-2024 03:00,CUST-11653,Small Business,Beauty,Skin Serum,West,Mobile App,1,610.69,10,No,4.6,3,Debit Card
ORD-100094,05-05-2025 09:00,CUST-11051,Consumer,Home & Kitchen,Air Fryer,East,Website,2,6198.49,5,No,4.3,1,Wallet
ORD-104821,07-01-2025 08:00,CUST-11362,Consumer,Fashion,Running Shoes,West,Mobile App,3,5987.97,10,No,4.9,1,Wallet
ORD-102920,26-06-2024 18:00,CUST-11341,Small Business,Home & Kitchen,Water Bottle,East,Website,2,5938.59,10,No,5,4,UPI
ORD-104495,08-12-2024 08:00,CUST-11702,Consumer,Beauty,Hair Dryer,West,Website,3,1464.09,5,No,3.5,4,Net Banking
ORD-105801,28-07-2024 15:00,CUST-10126,Enterprise,Home & Kitchen,Air Fryer,East,Marketplace,1,10015.51,5,No,4.1,4,UPI
ORD-102021,26-12-2024 08:00,CUST-11889,Consumer,Beauty,Body Lotion,West,Website,4,1436.93,0,No,3.9,3,Debit Card
ORD-101703,18-04-2024 22:00,,Small Business,Home & Kitchen,Desk Lamp,North,Marketplace,1,6497.55,5,No,3.5,2,Wallet
ORD-100311,02-01-2025 01:00,CUST-10296,Consumer,Books,SQL Handbook,West,Marketplace,1,1022.69,30,No,3.8,2,Credit Card
ORD-105324,13-05-2025 05:00,CUST-10308,Consumer,Books,Business Strategy,North,Mobile App,2,671.59,30,No,4.1,4,UPI
ORD-102684,02-10-2024 22:00,CUST-10492,Consumer,Home & Kitchen,Desk Lamp,North,Mobile App,1,5030.85,5,No,4.6,5,Credit Card
ORD-103410,08-02-2024 18:00,CUST-10108,Consumer,Electronics,Wireless Earbuds,East,Website,8,20879.94,5,No,4.5,1,Wallet
ORD-104712,29-04-2025 01:00,CUST-10458,Consumer,Home & Kitchen,Water Bottle,East,Website,1,5797.05,15,No,4.3,4,UPI
ORD-102734,01-09-2024 06:00,CUST-11395,Small Business,Electronics,Bluetooth Speaker,East,Website,1,15215.54,15,No,4.2,4,Wallet
ORD-102541,14-06-2025 03:00,CUST-10246,Small Business,Fashion,Casual Shirt,North,Marketplace,1,5874.99,20,No,5,2,Debit Card
ORD-101705,14-04-2025 00:00,CUST-11128,Consumer,Home & Kitchen,Coffee Maker,South,Website,2,9390.57,30,No,4.3,3,Net Banking
ORD-105863,23-04-2024 09:00,CUST-11418,Consumer,Fashion,Backpack,Central,Website,2,3468.43,10,No,3,3,
ORD-100817,28-02-2024 02:00,CUST-10487,Consumer,Electronics,Smart Watch,South,Marketplace,1,18788.51,10,No,3.6,5,Wallet
ORD-104791,25-06-2025 06:00,CUST-10425,Consumer,Fashion,Casual Shirt,West,Website,5,3575.31,20,No,4,1,UPI
ORD-104977,01-03-2024 12:00,CUST-10263,Consumer,Books,Data Analytics Guide,North,Marketplace,2,1410.84,0,No,,5,UPI
ORD-104170,22-07-2024 12:00,CUST-10938,Small Business,Fashion,Sports Cap,East,Website,6,4855.65,10,No,3.8,5,Debit Card
ORD-104749,18-07-2024 07:00,CUST-10205,Consumer,Beauty,Face Wash,South,Marketplace,1,2889.32,5,No,4.4,4,Debit Card
ORD-100361,01-05-2025 09:00,CUST-10171,Consumer,Home & Kitchen,Storage Set,North,Marketplace,2,6610.86,20,No,4.3,5,UPI
ORD-102227,24-05-2025 09:00,CUST-10872,Consumer,Electronics,Power Bank,West,Mobile App,4,7974.96,5,No,4.6,4,UPI
ORD-102896,26-12-2024 10:00,CUST-11192,Small Business,Electronics,Bluetooth Speaker,South,Mobile App,2,2472.26,20,No,5,5,UPI
ORD-103235,07-11-2024 21:00,CUST-10037,Small Business,Electronics,Smart Watch,West,Website,2,20180.14,15,No,3.3,3,Credit Card
ORD-103427,27-04-2025 10:00,CUST-11378,Consumer,Home & Kitchen,Air Fryer,West,Mobile App,4,8800.86,5,No,3.9,4,Wallet
ORD-100595,13-03-2025 22:00,CUST-11647,Consumer,Books,SQL Handbook,North,Mobile App,1,1408.29,15,No,4.1,7,Net Banking
ORD-104020,13-03-2024 11:00,CUST-10931,Small Business,Books,Leadership Book,South,Website,1,530.57,20,No,4.3,5,UPI
ORD-104879,16-02-2025 20:00,CUST-10692,Consumer,Books,SQL Handbook,West,Website,2,1204.31,15,No,4.7,4,Credit Card
ORD-104024,05-09-2024 07:00,CUST-10976,Small Business,Electronics,Smart Watch,North,WEBSITE,3,21233.32,5,No,3.8,1,UPI
ORD-105628,30-08-2024 12:00,CUST-10368,Consumer,Home & Kitchen,Air Fryer,West,Marketplace,1,11518.48,10,No,4.1,1,Debit Card
ORD-100089,30-03-2025 10:00,CUST-11557,Enterprise,Books,Data Analytics Guide,East,Website,1,1202.66,0,No,3.8,6,Debit Card
ORD-100087,19-06-2024 13:00,CUST-11124,Enterprise,Home & Kitchen,Desk Lamp,West,Mobile App,5,2254.62,20,No,4.1,3,Wallet
ORD-101814,27-04-2025 11:00,CUST-11829,Consumer,Home & Kitchen,Water Bottle,West,Marketplace,3,6435.69,10,No,2.8,2,Wallet
ORD-103679,04-02-2025 12:00,CUST-11152,Small Business,Home & Kitchen,Desk Lamp,East,Marketplace,2,8925.67,0,No,4.2,5,Net Banking
ORD-100582,28-02-2024 06:00,CUST-10209,Consumer,Home & Kitchen,Air Fryer,South,Mobile App,1,7440.07,15,No,5,3,Debit Card
ORD-103413,21-02-2024 05:00,CUST-10396,Small Business,Books,SQL Handbook,South,Marketplace,2,1409.47,10,No,3.4,3,Wallet
ORD-103376,02-10-2024 19:00,CUST-10662,Enterprise,Home & Kitchen,Desk Lamp,East,Website,10,11462.97,10,No,3.6,1,Credit Card
ORD-102264,27-02-2024 20:00,CUST-11356,Small Business,Home & Kitchen,Storage Set,North,Mobile App,3,8461.81,10,No,4.1,1,Debit Card
ORD-101647,28-12-2024 08:00,CUST-10548,Enterprise,Electronics,USB-C Hub,Central,Marketplace,1,17027.32,10,No,3.5,3,UPI
ORD-103157,27-06-2025 05:00,CUST-11673,Small Business,Electronics,Bluetooth Speaker,East,Mobile App,6,8558.04,0,No,3.8,2,UPI
ORD-102022,25-12-2024 10:00,CUST-11682,Consumer,Books,Business Strategy,Central,Mobile App,1,1352.88,0,No,3.8,5,Wallet
ORD-102084,12-03-2024 16:00,CUST-10805,Consumer,Books,Data Analytics Guide,West,Mobile App,8,1345.74,25,No,5,2,UPI
ORD-100896,05-10-2024 02:00,CUST-10657,Consumer,Home & Kitchen,Coffee Maker,South,Mobile App,3,3607.3,0,No,3.9,3,Debit Card
ORD-103706,26-03-2024 09:00,CUST-11348,Small Business,Electronics,Bluetooth Speaker,South,Website,3,13737.58,15,No,3.2,3,Credit Card
ORD-100854,06-06-2024 03:00,CUST-11187,Small Business,Fashion,Hoodie,North,Website,4,5628.44,25,No,4.2,1,UPI
ORD-101162,08-04-2025 00:00,CUST-10941,Consumer,Books,Data Analytics Guide,Central,Mobile App,1,1532.81,20,No,3.5,4,Wallet
ORD-100209,01-03-2025 05:00,CUST-10433,Consumer,Electronics,Smart Watch,West,Marketplace,1,4285,5,No,4.7,3,UPI
ORD-103384,11-03-2025 20:00,CUST-10579,Consumer,Electronics,Wireless Earbuds,East,Website,1,3400.04,20,No,3.8,5,UPI
ORD-101097,16-02-2025 10:00,CUST-10242,Consumer,Fashion,Backpack,Central,Mobile App,2,1462,10,No,4.5,1,Credit Card
ORD-104012,11-01-2025 11:00,CUST-10686,Consumer,Electronics,USB-C Hub,East,Marketplace,3,16142.34,15,No,3.9,4,Debit Card
ORD-102774,24-10-2024 15:00,CUST-10847,Small Business,Electronics,Power Bank,East,Website,3,18492.12,10,No,3.2,1,Debit Card
ORD-101641,28-01-2024 14:00,CUST-10671,Consumer,Electronics,Power Bank,West,Website,2,16572.19,15,No,4.2,3,UPI
ORD-101125,05-04-2025 15:00,CUST-10752,Consumer,Electronics,Wireless Earbuds,East,Marketplace,4,5328.77,0,No,4.7,5,Credit Card
ORD-101986,27-03-2025 18:00,CUST-11545,Small Business,Fashion,Backpack,North,Mobile App,4,823.22,10,No,4.5,2,UPI
ORD-101271,29-02-2024 16:00,CUST-11288,Consumer,Home & Kitchen,Air Fryer,East,Mobile App,1,7661.84,5,Yes,4.5,4,Credit Card
ORD-105676,12-10-2024 11:00,CUST-11659,Small Business,Beauty,Face Wash,East,Marketplace,3,4285.51,10,No,3.6,3,Credit Card
ORD-102844,06-09-2024 08:00,CUST-10216,Consumer,Home & Kitchen,Air Fryer,North,Marketplace,2,935.97,10,No,4.1,5,UPI
ORD-100971,16-08-2024 11:00,CUST-10127,Consumer,Electronics,Bluetooth Speaker,West,Mobile App,1,9416.28,5,No,4.1,5,Credit Card
ORD-100945,06-03-2024 02:00,CUST-10092,Consumer,Books,Business Strategy,North,Mobile App,4,986.52,0,No,4.8,4,Debit Card
ORD-103579,12-02-2024 10:00,CUST-10010,Consumer,Books,Business Strategy,North,Mobile App,1,965.35,15,No,4.9,1,Credit Card
ORD-105156,22-05-2025 07:00,CUST-10799,Small Business,Books,Business Strategy,East,Marketplace,1,1100.63,0,No,4.2,5,UPI
ORD-105826,24-03-2024 05:00,CUST-10347,Consumer,Beauty,Face Wash,Central,Mobile App,3,1354.51,5,No,3.9,6,Wallet
ORD-102690,02-02-2025 07:00,CUST-11655,Consumer,Fashion,Sports Cap,North,Website,6,5540.98,5,No,4.5,3,UPI
ORD-103930,22-01-2025 01:00,CUST-10824,Consumer,Electronics,Smart Watch,West,Website,2,14422.2,15,No,4.4,3,Credit Card
ORD-104571,21-02-2024 02:00,CUST-11037,Consumer,Books,Data Analytics Guide,South,Marketplace,1,1367.97,0,No,4.2,5,Credit Card
ORD-100622,31-03-2024 03:00,CUST-11834,Small Business,Home & Kitchen,Desk Lamp,East,Website,1,9340.18,5,No,3.6,1,UPI
ORD-102120,23-02-2025 22:00,CUST-10839,Consumer,Fashion,Casual Shirt,North,Marketplace,4,3118.6,25,No,5,4,UPI
ORD-101805,25-01-2024 15:00,CUST-11702,Small Business,Beauty,Body Lotion,North,Mobile App,3,354.99,5,Yes,4.5,2,Wallet
ORD-100542,16-04-2024 09:00,CUST-11070,Consumer,Books,Leadership Book,West,Marketplace,3,378.64,10,No,3.7,4,UPI
ORD-100001,26-02-2025 14:00,CUST-10414,Consumer,Fashion,Sports Cap,South,Website,4,2444.99,10,No,4.4,3,UPI
ORD-101017,26-09-2024 19:00,CUST-11170,Small Business,Home & Kitchen,Desk Lamp,South,Marketplace,1,5664.59,0,No,4.6,1,UPI
ORD-101227,21-06-2025 14:00,CUST-10225,Consumer,Electronics,Bluetooth Speaker,North,Mobile App,1,12594.96,15,No,4.2,4,Credit Card
ORD-104339,01-10-2024 09:00,CUST-11607,Consumer,Books,Leadership Book, North ,Website,2,405.79,10,No,5,4,UPI
ORD-104569,21-04-2024 14:00,CUST-11179,Small Business,Books,SQL Handbook,South,Website,1,334.08,20,No,3.9,3,Net Banking
ORD-102376,11-04-2025 03:00,CUST-11842,Small Business,Electronics,Bluetooth Speaker,West,Mobile App,5,7100.23,10,No,4.6,4,Debit Card
ORD-101359,18-07-2024 12:00,CUST-11895,Consumer,Beauty,Hair Dryer,North,Mobile App,2,685.51,0,No,3.7,3,Credit Card
ORD-104709,20-08-2024 17:00,CUST-11605,Consumer,Fashion,Backpack,Central,Mobile App,1,3476.27,15,No,5,2,Debit Card
ORD-101770,03-07-2024 13:00,CUST-11372,Small Business,Fashion,Backpack,North,Marketplace,1,5731.47,15,No,3.8,1,UPI
ORD-103988,14-08-2024 16:00,CUST-10085,Consumer,Electronics,USB-C Hub,South,Website,2,2541.16,20,No,3.2,3,Debit Card
ORD-101279,17-04-2025 13:00,CUST-11263,Small Business,Fashion,Hoodie,North,Website,2,3603.62,20,No,4.2,1,Credit Card
ORD-100570,02-06-2025 02:00,CUST-11310,Consumer,Beauty,Face Wash,Central,Marketplace,-3,3476.6,15,No,4.4,4,UPI
ORD-102034,22-06-2025 11:00,CUST-10977,Consumer,Fashion,Backpack,West,Marketplace,3,3707.09,10,Yes,4,2,Net Banking
ORD-105533,31-08-2024 03:00,CUST-11640,Consumer,Books,Fiction Novel,East,Mobile App,3,623.62,0,No,4.1,3,Debit Card
ORD-103593,06-11-2024 14:00,CUST-10454,Consumer,Beauty,Face Wash,South,Marketplace,2,2543.32,30,No,4.2,2,Credit Card
ORD-102124,11-02-2025 02:00,CUST-10954,Consumer,Fashion,Sports Cap,Central,Website,3,4024.91,15,No,4.9,2,Credit Card
ORD-102964,04-02-2025 18:00,CUST-11374,Consumer,Fashion,Hoodie,North,Mobile App,3,3452.27,15,No,4.8,4,Credit Card
ORD-104248,13-05-2025 05:00,CUST-10226,Enterprise,Beauty,Face Wash,South,Website,6,2097.59,25,No,4.2,3,UPI
ORD-103312,22-05-2025 19:00,CUST-11929,Consumer,Books,SQL Handbook,Central,Marketplace,5,814.95,20,No,3.3,1,Credit Card
ORD-101385,08-05-2024 08:00,CUST-10362,Enterprise,Books,Leadership Book,West,Website,5,918.77,10,No,4.3,4,Debit Card
ORD-104687,06-06-2024 07:00,CUST-10376,Small Business,Fashion,Running Shoes,South,Website,6,1986.7,20,Yes,5,2,Credit Card
ORD-103498,08-03-2024 05:00,CUST-10472,Small Business,Home & Kitchen,Coffee Maker,West,Website,3,4544.05,15,No,4.3,2,Credit Card
ORD-101197,20-06-2025 02:00,CUST-10686,Consumer,Books,Leadership Book,East,Marketplace,2,1543.89,20,No,5,3,Wallet
ORD-100295,11-10-2024 07:00,CUST-11518,Consumer,Books,Fiction Novel,North,Marketplace,6,1434.32,10,No,5,1,UPI
ORD-100285,27-05-2025 02:00,CUST-10246,Small Business,Fashion,Hoodie,North,Website,2,1610.53,10,No,4.4,3,Debit Card
ORD-100105,05-03-2025 16:00,CUST-11805,Consumer,Fashion,Sports Cap,South,Website,3,4048.72,10,No,4.4,3,Debit Card
ORD-104353,13-08-2024 17:00,CUST-11348,Consumer,Fashion,Backpack,East,Website,5,5410.26,20,No,3.4,3,Net Banking
ORD-104209,27-11-2024 04:00,CUST-11641,Small Business,Fashion,Sports Cap,South,Website,4,500.28,20,No,3.9,3,UPI
ORD-100743,27-05-2024 17:00,CUST-11761,Small Business,Fashion,Running Shoes,North,Mobile App,6,3695.27,10,No,3.6,1,Debit Card
ORD-105255,06-07-2024 01:00,CUST-10137,Small Business,Electronics,Power Bank,East,Marketplace,3,10903.55,15,No,4.7,3,Debit Card
ORD-100076,29-06-2024 07:00,CUST-10043,Consumer,Home & Kitchen,Water Bottle,North,Marketplace,2,5443.68,15,No,3.3,3,Debit Card
ORD-104065,07-07-2024 07:00,CUST-11215,Consumer,Beauty,Perfume,North,Website,2,4754.08,20,No,5,3,Debit Card
ORD-105140,24-07-2024 23:00,CUST-10538,Enterprise,Home & Kitchen,Coffee Maker,South,Mobile App,3,10556.08,30,No,5,3,UPI
ORD-102538,16-10-2024 20:00,CUST-10023,Consumer,Home & Kitchen,Storage Set,West,Mobile App,2,11461.74,15,No,5,2,Wallet
ORD-105604,28-11-2024 09:00,CUST-10548,Consumer,Fashion,Sports Cap,East,Marketplace,2,884.75,5,Yes,3.3,3,Wallet
ORD-104498,13-05-2024 11:00,CUST-11581,Consumer,Fashion,Sports Cap,North,Mobile App,2,5922.27,0,Yes,3.3,2,Credit Card
ORD-104253,04-07-2024 02:00,CUST-11809,Consumer,Fashion,Hoodie,South,Marketplace,4,888.88,5,No,4.2,2,Credit Card
ORD-101207,28-01-2025 12:00,CUST-11899,Consumer,Electronics,Bluetooth Speaker,North,Mobile App,4,19752.56,20,No,3.8,3,Debit Card
ORD-103406,13-07-2024 03:00,CUST-11460,Consumer,Books,Data Analytics Guide,Central,Website,2,623.36,10,No,3.5,1,UPI
ORD-103161,30-04-2025 22:00,CUST-10519,Consumer,Fashion,Casual Shirt,South,Marketplace,2,1873.93,0,No,2.9,1,Debit Card
ORD-101295,08-10-2024 00:00,CUST-10986,Small Business,Home & Kitchen,Storage Set,North,Mobile App,1,3453.08,10,Yes,4.7,4,Wallet
ORD-105017,17-10-2024 17:00,CUST-11836,Small Business,Fashion,Sports Cap,West,Website,2,3167.24,25,No,4.2,3,UPI
ORD-102150,28-06-2024 04:00,CUST-11130,Enterprise,Fashion,Casual Shirt,West,Website,2,2001.42,5,No,4.2,4,Credit Card
ORD-103497,16-09-2024 23:00,CUST-10593,Consumer,Home & Kitchen,Storage Set,West,Website,1,3987.38,15,No,4.4,3,Credit Card
ORD-102301,19-03-2024 13:00,CUST-11909,Consumer,Fashion,Backpack,North,Website,3,4113.24,0,No,3.1,1,Debit Card
ORD-100221,05-09-2024 20:00,CUST-10470,Consumer,Beauty,Perfume,West,Website,4,2700.18,15,No,3.4,2,UPI
ORD-101970,28-03-2025 12:00,CUST-11907,Enterprise,Fashion,Casual Shirt,West,Marketplace,5,5009.59,5,No,4.3,4,Credit Card
ORD-105717,12-02-2025 07:00,CUST-10619,Small Business,Electronics,Smart Watch,West,Website,5,12905.83,10,Yes,4.2,4,Debit Card
ORD-104751,22-03-2024 20:00,CUST-11068,Consumer,Electronics,Wireless Earbuds,Central,Mobile App,3,11927.95,15,No,3.9,1,UPI
ORD-100547,18-11-2024 18:00,CUST-11270,Enterprise,Books,Leadership Book,West,Mobile App,4,559.41,5,No,4.7,2,UPI
ORD-100909,20-02-2024 02:00,CUST-10676,Consumer,Beauty,Hair Dryer,South,Website,2,355.42,0,No,4.1,1,Credit Card
ORD-104916,27-02-2024 02:00,CUST-11260,Consumer,Books,Business Strategy,North,Website,5,664.81,0,No,4.3,4,Credit Card
ORD-101528,12-01-2024 05:00,CUST-10172,Small Business,Electronics,Power Bank,North,Mobile App,2,13800.9,5,No,3.8,1,UPI
ORD-101442,25-05-2025 08:00,CUST-10436,Consumer,Books,SQL Handbook,North,Website,1,867.39,15,No,4,3,Credit Card
ORD-103742,27-05-2025 13:00,CUST-11054,Consumer,Electronics,Power Bank,south,Website,1,16964.13,0,No,4,1,UPI
ORD-101464,10-04-2025 05:00,,Enterprise,Electronics,Smart Watch,East,Website,1,15293.88,0,No,4.7,2,Credit Card
ORD-102778,31-07-2024 06:00,CUST-10578,Consumer,Beauty,Perfume,Central,Marketplace,1,4610.59,5,No,4,2,UPI
ORD-103033,01-03-2024 11:00,CUST-10476,Consumer,Electronics,Wireless Earbuds,Central,Mobile App,4,5663.31,30,No,4.2,4,Net Banking
ORD-100296,09-04-2025 00:00,CUST-11932,Consumer,Beauty,Face Wash,East,Website,1,4999.75,15,No,3.8,5,Credit Card
ORD-103646,16-12-2024 13:00,CUST-11761,Small Business,Electronics,USB-C Hub,East,Mobile App,4,11619.81,15,No,3.7,5,Net Banking
ORD-100821,29-12-2024 11:00,CUST-11236,Consumer,Fashion,Hoodie,Central,Mobile App,3,2025.89,5,No,5,3,Net Banking
ORD-103117,17-12-2024 02:00,CUST-11789,Consumer,Electronics,Power Bank,West,Website,1,20417.22,20,No,4.5,3,Credit Card
ORD-103922,19-09-2024 15:00,CUST-11414,Consumer,Home & Kitchen,Water Bottle,West,Marketplace,4,1503.13,20,No,3.6,2,Net Banking
ORD-100108,14-09-2024 11:00,CUST-10190,Small Business,Electronics,Bluetooth Speaker,West,Mobile App,2,7542.38,15,No,3.4,3,Credit Card
ORD-105901,24-03-2024 20:00,CUST-10240,Small Business,Books,SQL Handbook,West,Website,1,1022.97,15,No,3.1,4,Wallet
ORD-105208,24-09-2024 21:00,,Consumer,Fashion,Casual Shirt,West,Website,6,5306.58,15,No,4.3,3,Wallet
ORD-101362,10-07-2024 14:00,CUST-10449,Consumer,Fashion,Hoodie,North,Mobile App,2,2151.13,0,Yes,3.2,3,UPI
ORD-105362,14-11-2024 06:00,CUST-10738,Consumer,Home & Kitchen,Water Bottle,South,Mobile App,4,2857.43,10,No,3.9,4,UPI
ORD-101837,15-06-2024 06:00,CUST-11745,Consumer,Electronics,Wireless Earbuds,Central,Mobile App,2,8936.35,10,No,4.4,5,Credit Card
ORD-103689,01-04-2024 09:00,CUST-10696,Consumer,Home & Kitchen,Coffee Maker,West,Mobile App,2,11693.76,10,No,3.4,6,Wallet
ORD-104568,17-06-2024 22:00,CUST-10143,Small Business,Books,Leadership Book,South,Website,6,1647.67,0,No,3.3,4,UPI
ORD-101878,31-01-2025 19:00,CUST-11256,Consumer,Home & Kitchen,Coffee Maker,West,Mobile App,1,9477.22,15,No,4.3,3,Net Banking
ORD-100115,06-11-2024 13:00,CUST-11051,Consumer,Fashion,Sports Cap,North,Marketplace,1,2186.82,20,No,4.1,2,Credit Card
ORD-104061,12-01-2024 22:00,CUST-10221,Consumer,Electronics,Bluetooth Speaker,North,Marketplace,1,5184.18,15,No,3.5,3,Wallet
ORD-102203,02-07-2024 12:00,CUST-11264,Small Business,Home & Kitchen,Desk Lamp,North,Mobile App,5,8866.21,0,No,3.6,5,Credit Card
ORD-103466,21-10-2024 05:00,CUST-11836,Enterprise,Electronics,Power Bank,East,Mobile App,4,19524.26,0,No,4.5,6,UPI
ORD-102605,16-02-2025 13:00,CUST-11383,Consumer,Fashion,Casual Shirt,North,Mobile App,2,5169.82,20,Yes,4.4,2,Debit Card
ORD-103380,30-03-2025 09:00,CUST-10239,Consumer,Fashion,Casual Shirt,North,Mobile App,3,2007.31,5,No,3.9,4,Credit Card
ORD-100664,22-11-2024 05:00,CUST-11112,Small Business,Electronics,Power Bank,South,Mobile App,1,5344.79,20,No,4.1,3,UPI
ORD-103714,31-01-2025 04:00,CUST-11066,Small Business,Fashion,Running Shoes,West,Mobile App,4,3824.12,5,No,3.9,4,Debit Card
ORD-100217,22-02-2024 15:00,CUST-11051,Enterprise,Electronics,Power Bank,North,Mobile App,1,8339.11,10,No,3.8,3,Credit Card
ORD-100975,03-05-2024 04:00,CUST-10771,Small Business,Electronics,USB-C Hub,East,Mobile App,1,2646.34,25,No,4.5,6,Credit Card
ORD-102534,13-03-2025 13:00,CUST-10669,Small Business,Beauty,Skin Serum,North,Marketplace,2,4586.35,20,No,3.7,5,Credit Card
ORD-100465,11-06-2025 14:00,CUST-10684,Small Business,Beauty,Hair Dryer,West,Website,2,3948.42,10,No,3.6,1,UPI
ORD-102140,17-01-2025 16:00,CUST-10273,Consumer,Fashion,Casual Shirt,East,Website,1,3284.28,5,No,3.6,5,Debit Card
ORD-104618,11-12-2024 16:00,CUST-11875,Consumer,Beauty,Face Wash,South,Marketplace,1,3207.17,20,No,4.6,2,UPI
ORD-102829,10-03-2024 07:00,CUST-11927,Consumer,Beauty,Skin Serum,South,Mobile App,6,4495.16,15,No,4.1,3,Credit Card
ORD-102336,05-09-2024 08:00,CUST-11093,Consumer,Fashion,Sports Cap,West,Mobile App,2,2860.58,20,No,4.4,5,Debit Card
ORD-103757,25-10-2024 20:00,CUST-11445,Small Business,Books,Data Analytics Guide,West,Mobile App,2,348.43,30,No,5,4,UPI
ORD-101873,29-05-2025 02:00,CUST-10909,Small Business,Fashion,Hoodie,North,Website,1,5429.63,25,No,4,4,Wallet
ORD-100722,06-04-2025 10:00,CUST-10954,Consumer,Books,Business Strategy,South,Mobile App,4,288.98,5,No,3.4,5,Credit Card
ORD-102627,03-01-2024 12:00,CUST-11015,Small Business,Beauty,Perfume,West,Marketplace,8,2870.28,5,No,3.7,6,Credit Card
ORD-105010,06-04-2025 11:00,CUST-11399,Consumer,Books,Data Analytics Guide,North,Marketplace,1,339.75,20,No,4.5,3,Wallet
ORD-103874,05-12-2024 00:00,CUST-11431,Consumer,Electronics,Smart Watch,South,Website,1,21286.26,10,No,3.8,4,UPI
ORD-101885,08-04-2024 00:00,CUST-10721,Consumer,Beauty,Body Lotion,West,Website,1,2957.24,5,No,3.1,4,UPI
ORD-104008,13-04-2024 13:00,CUST-10174,Consumer,Electronics,Smart Watch,South,Mobile App,2,12206.26,15,No,4.1,2,Net Banking
ORD-101713,04-02-2025 12:00,CUST-11123,Small Business,Books,Leadership Book,North,Mobile App,1,848.05,15,No,3.4,1,Net Banking
ORD-104403,26-05-2025 16:00,CUST-11183,Consumer,Fashion,Running Shoes,Central,Mobile App,3,3569,10,No,4.5,2,UPI
ORD-102780,18-06-2024 19:00,CUST-10124,Consumer,Books,Fiction Novel,West,Mobile App,3,1112.83,5,No,5,1,Debit Card
ORD-103283,23-02-2024 09:00,CUST-11366,Consumer,Electronics,Power Bank,South,Mobile App,1,18151.83,5,No,4.1,2,Credit Card
ORD-104110,02-01-2024 17:00,CUST-10998,Consumer,Books,SQL Handbook,North,Mobile App,2,1554.2,5,No,5,2,Wallet
ORD-105732,05-04-2025 03:00,CUST-11434,Consumer,Home & Kitchen,Water Bottle,South,Mobile App,4,9449.51,10,No,3.5,3,Debit Card
ORD-104651,22-06-2025 09:00,CUST-11476,Consumer,Electronics,Bluetooth Speaker,South,Website,1,17521.52,15,No,3.6,4,Credit Card
ORD-104724,07-06-2024 15:00,,Consumer,Books,Leadership Book,Central,Mobile App,6,1503.65,0,No,4.4,5,Credit Card
ORD-105210,25-02-2024 14:00,CUST-10208,Consumer,Home & Kitchen,Desk Lamp,West,Website,2,9420.67,0,No,3.9,2,Debit Card
ORD-101842,21-03-2025 20:00,CUST-11684,Small Business,Electronics,Smart Watch,west,Mobile App,8,16179.74,20,No,4.5,4,UPI
ORD-103257,16-04-2024 17:00,CUST-11441,Small Business,Electronics,Power Bank,North,Marketplace,10,5073.04,10,No,4.3,2,Net Banking
ORD-104154,03-05-2024 19:00,CUST-11183,Enterprise,Beauty,Perfume,Central,Website,1,2412.6,10,No,3.6,4,Net Banking
ORD-104496,29-06-2024 01:00,CUST-10483,Consumer,Home & Kitchen,Storage Set,North,Mobile App,2,8793.62,15,No,4.2,3,Debit Card
ORD-100808,01-08-2024 11:00,CUST-10642,Consumer,Books,Leadership Book,Central,Website,4,1720.42,5,No,4.2,4,Wallet
ORD-103609,03-01-2025 10:00,CUST-10405,Consumer,Electronics,USB-C Hub,North,Website,2,12937.89,0,No,3.8,4,UPI
ORD-102332,26-05-2024 13:00,CUST-11022,Enterprise,Electronics,Power Bank,West,Mobile App,2,2809.26,10,No,4.3,4,Debit Card
ORD-102411,28-01-2024 00:00,CUST-11791,Consumer,Beauty,Hair Dryer,North,Website,1,256.26,5,No,4.2,4,Credit Card
ORD-101128,30-10-2024 16:00,CUST-10685,Consumer,Beauty,Perfume,North,Marketplace,1,2922.04,10,No,4.4,2,Debit Card
ORD-102455,16-09-2024 23:00,CUST-11315,Consumer,Fashion,Running Shoes,East,Website,3,1693.18,5,No,4.8,3,Credit Card
ORD-104759,13-01-2025 21:00,CUST-10551,Consumer,Fashion,Hoodie,East,Mobile App,2,5181.96,15,No,5,6,Debit Card
ORD-101863,21-07-2024 17:00,CUST-10442,Consumer,Beauty,Body Lotion,South,Website,8,2341.15,10,No,3,1,Credit Card
ORD-101380,19-06-2025 09:00,CUST-11899,Consumer,Fashion,Running Shoes,North,Mobile App,1,1927.79,30,No,3.9,4,Credit Card
ORD-100786,18-01-2024 16:00,CUST-10788,Consumer,Books,Business Strategy,North,Marketplace,3,1351.03,5,No,2.9,1,Credit Card
ORD-105138,13-02-2024 21:00,CUST-11615,Consumer,Beauty,Body Lotion,Central,Mobile App,1,3062.44,5,No,5,3,UPI
ORD-103062,27-07-2024 19:00,CUST-10822,Consumer,Electronics,Power Bank,South,Mobile App,2,12531.34,10,No,3.7,3,Credit Card
ORD-101712,25-04-2025 12:00,CUST-11691,Consumer,Fashion,Sports Cap,Central,Website,2,5889.2,10,No,4.3,2,Credit Card
ORD-104616,08-06-2024 20:00,CUST-10265,Consumer,Home & Kitchen,Storage Set,North,Marketplace,2,7752.11,5,No,5,1,Wallet
ORD-100072,09-09-2024 18:00,CUST-11841,Enterprise,Beauty,Hair Dryer,North,Marketplace,1,1985.29,5,No,5,2,Debit Card
ORD-105147,27-03-2025 10:00,CUST-10596,Consumer,Electronics,Power Bank,West,Mobile App,3,8931.94,0,No,5,4,Wallet
ORD-100427,15-03-2025 02:00,CUST-10380,Consumer,Books,Business Strategy,East,Website,6,1628.4,10,Yes,3.7,2,Debit Card
ORD-104681,03-04-2024 00:00,CUST-10396,Consumer,Fashion,Casual Shirt,East,Mobile App,2,3854.41,10,No,4.3,3,Wallet
ORD-104896,09-04-2025 09:00,CUST-10324,Consumer,Fashion,Backpack,East,Mobile App,1,4864.95,10,No,4.8,3,Wallet
ORD-102701,09-03-2025 23:00,CUST-10685,Consumer,Electronics,Bluetooth Speaker,East,Mobile App,8,14857.81,0,No,4.2,3,Credit Card
ORD-103892,26-08-2024 01:00,CUST-10363,Consumer,Electronics,Smart Watch,West,Website,2,8302.71,10,No,3.9,4,Credit Card
ORD-105736,12-06-2024 16:00,CUST-11774,Consumer,Fashion,Sports Cap,North,Marketplace,6,1173.25,25,Yes,4.4,4,Debit Card
ORD-105701,26-07-2024 14:00,CUST-10563,Consumer,Fashion,Running Shoes,Central,Marketplace,1,5811.78,10,No,3.4,5,
ORD-104782,06-07-2024 10:00,CUST-10129,Consumer,Fashion,Backpack,Central,Website,8,515.36,15,No,3.9,4,Credit Card
ORD-105245,04-05-2024 16:00,CUST-11837,Consumer,Electronics,USB-C Hub,South,Marketplace,6,7818.11,0,No,4.4,6,
ORD-102528,17-02-2024 03:00,,Small Business,Books,SQL Handbook,North,Website,2,587.79,15,No,3.6,4,Net Banking
ORD-101322,27-10-2024 03:00,CUST-11946,Consumer,Fashion,Hoodie,South,Mobile App,2,4780.65,15,No,4.1,3,Debit Card
ORD-105182,13-12-2024 23:00,CUST-10560,Consumer,Fashion,Hoodie,West,Marketplace,1,5112.53,0,Yes,2.9,3,Credit Card
ORD-104423,05-09-2024 15:00,CUST-10270,Consumer,Home & Kitchen,Desk Lamp,Central,Website,2,6036.34,10,No,4.6,4,Debit Card
ORD-103536,17-01-2024 10:00,CUST-11198,Consumer,Electronics,USB-C Hub,East,Mobile App,1,12001.97,5,No,4,2,Credit Card
ORD-101460,07-03-2025 10:00,CUST-10624,Small Business,Home & Kitchen,Desk Lamp,South,Mobile App,1,1128.67,5,No,3.4,4,Net Banking
ORD-105638,29-02-2024 05:00,CUST-11390,Consumer,Fashion,Sports Cap,North,Marketplace,2,5776.78,5,Yes,5,1,UPI
ORD-101182,12-01-2025 04:00,CUST-10584,Consumer,Fashion,Backpack,West,Website,1,1402,0,No,3.8,2,Net Banking
ORD-101345,28-06-2025 17:00,CUST-10490,Consumer,Books,SQL Handbook,North,Mobile App,2,1564.2,0,No,3.5,3,Wallet
ORD-101586,25-03-2025 13:00,CUST-10538,Consumer,Fashion,Sports Cap,Central,Website,1,3097.51,0,Yes,4.1,5,Debit Card
ORD-100455,30-10-2024 03:00,CUST-11440,Consumer,Beauty,Body Lotion,South,Mobile App,6,4410.9,20,No,4.9,3,Debit Card
ORD-105612,15-12-2024 10:00,CUST-10543,Consumer,Fashion,Casual Shirt,South,Marketplace,5,1886.05,5,No,4,3,Debit Card
ORD-101354,29-04-2024 20:00,CUST-11120,Consumer,Books,Data Analytics Guide,Central,Mobile App,10,1496.33,10,No,3.8,4,Debit Card
ORD-100212,06-03-2025 19:00,CUST-11757,Small Business,Beauty,Skin Serum,West,Website,1,3454.75,5,No,3.3,2,UPI
ORD-103580,26-04-2025 08:00,CUST-10736,Consumer,Beauty,Face Wash,West,Mobile App,2,613.5,30,No,4,3,Credit Card
ORD-105076,29-06-2024 02:00,CUST-11640,Consumer,Electronics,Smart Watch,South,Website,4,2626.17,0,No,3.8,2,Credit Card
ORD-104657,09-11-2024 05:00,CUST-11898,Small Business,Beauty,Perfume,Central,Marketplace,1,1238.34,10,No,3.3,3,UPI
ORD-103816,03-09-2024 17:00,CUST-10891,Consumer,Fashion,Casual Shirt,Central,Website,1,3144.82,10,No,4.3,2,Credit Card
ORD-105018,02-03-2025 05:00,CUST-11045,Consumer,Home & Kitchen,Desk Lamp,West,Mobile App,3,8151.04,0,No,3.4,5,Credit Card
ORD-104300,31-05-2024 00:00,CUST-10089,Consumer,Home & Kitchen,Desk Lamp,North,Website,4,2687.35,15,No,4.9,3,UPI
ORD-102131,17-06-2025 00:00,CUST-10750,Small Business,Electronics,Power Bank,South,Website,3,21117.15,30,No,4.9,4,UPI
ORD-105461,02-01-2024 11:00,CUST-11422,Consumer,Fashion,Sports Cap,North,Marketplace,8,1875.59,30,No,4.7,4,Debit Card
ORD-101411,02-11-2024 14:00,CUST-11870,Consumer,Electronics,Wireless Earbuds,North,Website,1,6091.47,25,No,4.6,4,Debit Card
ORD-102110,02-06-2024 11:00,CUST-11657,Consumer,Electronics,USB-C Hub,North,Website,5,21353.15,5,No,4.5,5,Credit Card
ORD-100027,25-03-2025 06:00,CUST-11864,Consumer,Books,Data Analytics Guide,West,Mobile App,1,989.12,15,No,4.7,4,Debit Card
ORD-102987,02-03-2025 20:00,CUST-11045,Consumer,Home & Kitchen,Storage Set,East,Marketplace,1,4457.15,20,No,4.3,2,Net Banking
ORD-105114,10-05-2024 02:00,CUST-11282,Consumer,Electronics,Bluetooth Speaker,North,Mobile App,1,7089.95,25,No,4.5,4,Credit Card
ORD-102046,04-09-2024 06:00,CUST-10112,Consumer,Electronics,Wireless Earbuds,North,Mobile App,4,21853.08,0,No,3.9,3,Credit Card
ORD-102961,18-08-2024 07:00,CUST-11263,Small Business,Electronics,Power Bank,North,Mobile App,1,3975.14,5,No,3.4,4,Debit Card
ORD-100886,29-01-2024 22:00,CUST-10124,Small Business,Books,Data Analytics Guide,Central,Marketplace,2,749.65,15,No,4.9,3,Debit Card
ORD-105668,18-02-2025 01:00,CUST-10958,Consumer,Fashion,Backpack,East,Marketplace,2,3325.42,15,No,3.7,4,Wallet
ORD-105915,07-01-2024 10:00,CUST-10825,Small Business,Electronics,Wireless Earbuds,South,Mobile App,10,9882.96,10,Yes,5,3,UPI
ORD-102776,12-10-2024 01:00,CUST-10424,Consumer,Fashion,Casual Shirt,West,Website,2,4714.98,10,No,4.1,3,Credit Card
ORD-101909,28-05-2025 06:00,CUST-10757,Consumer,Electronics,Smart Watch,South,Website,1,8792.58,30,No,4,3,UPI
ORD-102427,29-07-2024 10:00,CUST-11258,Consumer,Beauty,Hair Dryer,North,Marketplace,4,843.18,5,No,3.9,3,UPI
ORD-101160,14-11-2024 07:00,CUST-10057,Small Business,Fashion,Hoodie,East,Mobile App,2,625.46,25,No,3.1,4,Credit Card
ORD-104078,14-05-2024 22:00,CUST-11021,Consumer,Electronics,USB-C Hub,South,Website,10,3320.82,20,No,4.5,2,UPI
ORD-102143,29-11-2024 05:00,CUST-10990,Consumer,Books,SQL Handbook,East,Mobile App,4,1478.26,10,No,4.1,1,Wallet
ORD-104673,19-04-2025 02:00,CUST-11103,Small Business,Home & Kitchen,Coffee Maker,West,Website,3,4740.65,20,No,4.3,2,Debit Card
ORD-105288,24-05-2024 14:00,CUST-10496,Small Business,Home & Kitchen,Air Fryer,North,Marketplace,1,4629.18,5,Yes,4.3,3,Debit Card
ORD-102995,10-12-2024 14:00,CUST-11471,Consumer,Home & Kitchen,Desk Lamp,East,Mobile App,3,10562.28,25,No,3.6,2,Net Banking
ORD-103174,27-06-2025 01:00,CUST-11680,Consumer,Home & Kitchen,Air Fryer,South,Website,1,1138.9,0,No,3.6,3,Credit Card
ORD-105207,15-02-2025 10:00,CUST-11534,Consumer,Home & Kitchen,Water Bottle,North,Marketplace,4,1450.96,5,No,3,5,UPI
ORD-101266,31-01-2024 01:00,CUST-11709,Small Business,Home & Kitchen,Desk Lamp,South,Website,6,7778.71,30,No,4.7,5,Credit Card
ORD-105435,25-06-2025 01:00,CUST-11315,Consumer,Beauty,Body Lotion,West,Mobile App,1,4223.02,30,No,4.3,1,UPI
ORD-105756,29-06-2024 10:00,CUST-10175,Small Business,Electronics,Wireless Earbuds,Central,Mobile App,2,8778.31,5,No,3.8,2,Wallet
ORD-100712,01-02-2025 09:00,CUST-10879,Consumer,Books,Leadership Book,West,Website,1,1267.56,10,No,4.2,3,Credit Card
ORD-104755,24-11-2024 18:00,CUST-10554,Small Business,Books,Data Analytics Guide,South,Website,2,1023.93,15,No,3.3,4,Net Banking
ORD-103055,18-09-2024 05:00,CUST-11290,Consumer,Electronics,Smart Watch,North,Mobile App,1,19288.21,0,No,3.7,4,UPI
ORD-101534,21-03-2025 20:00,CUST-10681,Consumer,Fashion,Sports Cap,North,Mobile App,6,3647.3,5,No,4.4,4,Credit Card
ORD-103140,25-09-2024 14:00,CUST-11866,Consumer,Electronics,USB-C Hub,East,Marketplace,2,12858.75,20,No,4.6,3,UPI
ORD-104876,13-08-2024 07:00,CUST-10982,Consumer,Fashion,Hoodie,East,Mobile App,1,4185.26,15,No,4.1,5,UPI
ORD-103843,12-06-2024 23:00,CUST-10640,Small Business,Home & Kitchen,Desk Lamp,East,Marketplace,3,1461.2,30,No,5,2,Debit Card
ORD-100615,15-12-2024 05:00,CUST-11856,Small Business,Fashion,Sports Cap,North,Mobile App,1,4868.81,10,No,4.7,1,UPI
ORD-103762,10-11-2024 08:00,CUST-10420,Consumer,Books,Data Analytics Guide,South,Website,1,848.01,25,No,4.8,3,Debit Card
ORD-101187,22-11-2024 19:00,CUST-10065,Small Business,Electronics,Smart Watch,East,Mobile App,4,3169.46,15,No,3.9,4,UPI
ORD-104352,27-10-2024 23:00,CUST-10145,Consumer,Books,Leadership Book,East,Mobile App,1,678.23,10,No,5,2,Wallet
ORD-104369,14-10-2024 11:00,,Consumer,Books,Business Strategy,West,Marketplace,5,680.06,5,No,3.9,1,UPI
ORD-105503,30-01-2025 08:00,CUST-10189,Consumer,Fashion,Running Shoes,Central,Marketplace,2,3623.85,10,No,4.2,3,UPI
ORD-104131,22-05-2025 21:00,CUST-10163,Consumer,Fashion,Hoodie,West,Marketplace,2,5251.83,0,No,4.1,1,UPI
ORD-103087,06-04-2024 07:00,CUST-10442,Small Business,Electronics,Smart Watch,Central,Mobile App,1,17203.37,0,No,2.5,1,Credit Card
ORD-105680,13-04-2024 20:00,CUST-10545,Consumer,Electronics,Smart Watch,North,Mobile App,6,20513.97,5,No,3,4,Credit Card
ORD-103814,27-07-2024 22:00,CUST-11296,Consumer,Fashion,Casual Shirt,Central,Mobile App,2,1012.09,5,No,4.2,1,Net Banking
ORD-102652,23-06-2025 16:00,CUST-10562,Consumer,Fashion,Casual Shirt,South,Website,6,2899.22,30,No,4.6,3,Net Banking
ORD-104590,14-01-2025 00:00,CUST-11892,Consumer,Home & Kitchen,Storage Set,East,Marketplace,1,10675.46,10,No,4.1,2,Credit Card
ORD-104284,07-03-2024 12:00,CUST-10394,Consumer,Books,Data Analytics Guide,East,Website,1,1376.19,5,No,3.4,5,UPI
ORD-104819,23-05-2025 21:00,CUST-10430,Consumer,Home & Kitchen,Air Fryer,East,Website,2,8108.29,30,No,3.7,7,Debit Card
ORD-104834,17-06-2025 07:00,CUST-11800,Small Business,Fashion,Casual Shirt,Central,Website,8,5264.24,25,No,2.6,1,Debit Card
ORD-102531,16-03-2025 05:00,CUST-10819,Small Business,Beauty,Hair Dryer,North,Website,1,706.99,5,No,4.2,3,Wallet
ORD-104388,02-07-2024 23:00,CUST-11254,Consumer,Electronics,Bluetooth Speaker,West,Website,1,14746.58,15,No,3.9,4,Wallet
ORD-103940,24-10-2024 10:00,CUST-10861,Consumer,Fashion,Running Shoes,South,Website,2,2725.33,20,No,3.7,3,
ORD-105442,18-05-2025 18:00,CUST-11251,Consumer,Home & Kitchen,Air Fryer,Central,Mobile App,8,7646.93,15,No,5,4,Debit Card
ORD-102026,01-12-2024 05:00,CUST-11313,Consumer,Home & Kitchen,Air Fryer,North,Marketplace,1,6498.74,10,No,3.8,3,Credit Card
ORD-100219,07-05-2025 20:00,CUST-11612,Enterprise,Home & Kitchen,Coffee Maker,South,Mobile App,1,8449.55,15,No,3.7,2,Debit Card
ORD-105462,21-01-2025 08:00,CUST-11089,Consumer,Fashion,Sports Cap,North,Website,1,5759.18,20,Yes,3.5,2,Credit Card
ORD-100181,24-03-2024 04:00,CUST-10631,Consumer,Electronics,Smart Watch,South,Marketplace,1,18038.25,15,No,4.1,2,Debit Card
ORD-102546,09-03-2025 23:00,CUST-10181,Consumer,Books,Data Analytics Guide,North,Mobile App,2,1028.9,5,No,4.2,1,Net Banking
ORD-102834,30-07-2024 21:00,CUST-10102,Consumer,Fashion,Casual Shirt,East,Marketplace,1,5420.2,5,Yes,3.2,2,Debit Card
ORD-102086,04-02-2025 06:00,CUST-11619,Consumer,Beauty,Skin Serum,North,Website,8,287.79,0,No,4,1,Net Banking
ORD-105885,20-03-2025 22:00,CUST-10562,Small Business,Electronics,Bluetooth Speaker,South,Marketplace,2,11170.36,25,No,4.5,5,Net Banking
ORD-104144,11-03-2024 09:00,CUST-10896,Consumer,Books,Business Strategy,Central,Website,5,1364.74,0,No,4.5,1,Debit Card
ORD-105470,20-11-2024 00:00,CUST-10199,Consumer,Home & Kitchen,Water Bottle,East,Website,1,11572.86,30,No,3.5,1,Credit Card
ORD-102805,12-06-2025 23:00,CUST-10613,Small Business,Beauty,Hair Dryer,South,Marketplace,10,3727.99,0,No,3.4,5,Credit Card
ORD-102006,25-08-2024 00:00,CUST-11793,Consumer,Beauty,Hair Dryer,Central,Mobile App,3,4393.49,25,No,4.9,2,Debit Card
ORD-104465,21-02-2024 08:00,CUST-11524,Consumer,Electronics,Wireless Earbuds,South,Mobile App,4,17014.24,5,No,3.1,1,UPI
ORD-101580,10-06-2024 20:00,CUST-11376,Consumer,Fashion,Casual Shirt,North,Website,1,2540.76,15,No,4.2,5,Credit Card
ORD-102533,03-04-2024 00:00,CUST-10695,Enterprise,Home & Kitchen,Storage Set,South,Website,1,3750.48,10,No,5,3,Credit Card
ORD-104180,22-12-2024 14:00,CUST-11510,Consumer,Electronics,Smart Watch,East,Mobile App,6,20393.75,15,No,3.5,6,Debit Card
ORD-104867,25-06-2024 01:00,CUST-10329,Consumer,Electronics,Power Bank,Central,Marketplace,3,13124.51,10,No,3.4,2,Credit Card
ORD-105696,11-02-2024 04:00,CUST-10453,Consumer,Electronics,Bluetooth Speaker,North,Marketplace,2,8515.1,0,No,4.7,3,UPI
ORD-102408,10-09-2024 10:00,CUST-10601,Consumer,Electronics,Smart Watch,South,Marketplace,3,9076.87,15,No,4.1,2,Wallet
ORD-105778,21-01-2025 02:00,CUST-11627,Consumer,Books,Business Strategy,East,Website,1,354.47,10,No,5,6,Wallet
ORD-103377,14-11-2024 03:00,CUST-10997,Consumer,Books,Fiction Novel,East,Marketplace,1,306.53,15,No,3.8,4,Wallet
ORD-102356,12-08-2024 17:00,CUST-11484,Consumer,Fashion,Backpack,North,Website,1,1299.13,20,Yes,4.1,5,UPI
ORD-104223,18-10-2024 04:00,CUST-11597,Small Business,Electronics,USB-C Hub,South,Website,1,18331.36,15,No,3.7,4,UPI
ORD-102837,05-05-2025 20:00,CUST-10903,Small Business,Fashion,Running Shoes,East,Website,2,2304.22,20,No,4.8,4,UPI
ORD-104168,03-10-2024 19:00,CUST-10191,Small Business,Fashion,Running Shoes,North,Marketplace,10,1923.87,5,No,4.9,7,Credit Card
ORD-101683,10-03-2025 15:00,CUST-11348,Small Business,Beauty,Skin Serum,North,Mobile App,1,3680.51,10,No,4.7,3,Wallet
ORD-105887,02-04-2024 02:00,CUST-11740,Consumer,Fashion,Hoodie,North,Mobile App,1,4355.3,5,Yes,4.8,2,Wallet
ORD-104003,31-08-2024 17:00,CUST-11660,Consumer,Fashion,Running Shoes,West,Website,1,959.89,10,No,5,3,Debit Card
ORD-104084,30-09-2024 22:00,CUST-11393,Consumer,Fashion,Running Shoes,North,Website,2,4660.31,25,Yes,4.5,3,Net Banking
ORD-105111,13-01-2025 06:00,CUST-11198,Consumer,Electronics,USB-C Hub,East,Website,1,16441.67,10,No,4.8,4,UPI
ORD-103972,08-03-2024 18:00,CUST-10981,Consumer,Electronics,Bluetooth Speaker,North,Mobile App,1,15775.12,25,No,4,5,UPI
ORD-104372,03-05-2024 19:00,CUST-10574,Consumer,Fashion,Hoodie,South,Marketplace,2,5402.04,10,No,3.3,4,UPI
ORD-100802,08-10-2024 12:00,CUST-11175,Consumer,Home & Kitchen,Desk Lamp,North,Mobile App,1,1684.88,15,No,2.9,2,UPI
ORD-101755,23-06-2024 06:00,CUST-10130,Small Business,Fashion,Sports Cap,Central,Mobile App,3,5261.84,20,No,4,3,Debit Card
ORD-104106,26-02-2024 04:00,CUST-11405,Small Business,Fashion,Hoodie,North,Mobile App,2,1335.71,10,No,4.7,2,Wallet
ORD-103144,20-02-2025 21:00,CUST-11143,Consumer,Fashion,Casual Shirt,Central,Website,4,2487.01,25,No,3.8,3,Wallet
ORD-104535,04-10-2024 05:00,CUST-10562,Small Business,Books,Leadership Book,North,Mobile App,2,504.92,10,No,4.8,4,Debit Card
ORD-100698,28-01-2024 09:00,CUST-11563,Small Business,Electronics,Smart Watch,South,Marketplace,1,17269.44,0,No,4.1,1,Credit Card
ORD-104744,15-01-2025 04:00,CUST-11949,Consumer,Beauty,Perfume,Central,Website,6,607.62,15,No,3.1,3,Credit Card
ORD-104240,02-07-2024 06:00,CUST-11431,Consumer,Fashion,Casual Shirt,Central,Marketplace,2,3520.77,0,No,4.3,7,UPI
ORD-101454,08-11-2024 09:00,CUST-11805,Consumer,Fashion,Hoodie,West,Mobile App,2,1622.01,0,No,3.2,5,Debit Card
ORD-102626,18-06-2025 12:00,CUST-10384,Consumer,Beauty,Hair Dryer,Central,Website,1,3867.58,0,No,4.1,5,Credit Card
ORD-100746,17-10-2024 14:00,CUST-11352,Consumer,Electronics,Wireless Earbuds,South,Website,2,18898.32,0,No,3.1,3,Credit Card
ORD-100721,23-05-2025 11:00,CUST-11126,Consumer,Fashion,Hoodie,North,Marketplace,4,1023.14,0,No,4.9,1,UPI
ORD-105855,17-11-2024 03:00,CUST-11212,Small Business,Electronics,Smart Watch,North,Mobile App,2,7268.72,20,No,3.4,4,Credit Card
ORD-103399,29-01-2025 03:00,CUST-10812,Consumer,Beauty,Perfume,North,Website,1,1521.76,30,No,2.8,2,Debit Card
ORD-103675,23-08-2024 20:00,CUST-10160,Consumer,Electronics,Smart Watch,East,Website,5,4634.53,10,No,4.1,3,Net Banking
ORD-101844,09-02-2025 16:00,CUST-10982,Consumer,Home & Kitchen,Storage Set,South,Website,6,9078.61,20,No,5,4,UPI
ORD-103806,26-02-2024 00:00,CUST-10460,Consumer,Fashion,Hoodie,South,Website,1,5039.62,15,No,4.4,2,Debit Card
ORD-103411,22-06-2025 17:00,CUST-10631,Consumer,Beauty,Hair Dryer,South,Website,4,3657.87,5,No,4.4,4,Credit Card
ORD-101718,13-08-2024 12:00,CUST-11173,Consumer,Fashion,Running Shoes,West,Mobile App,8,3873.08,0,No,4.4,1,UPI
ORD-104711,10-03-2025 09:00,CUST-10082,Consumer,Beauty,Face Wash,Central,Website,8,2583.62,0,No,4.7,3,Credit Card
ORD-100915,07-09-2024 09:00,CUST-10511,Small Business,Home & Kitchen,Air Fryer,Central,Website,1,11243.67,15,No,4.2,6,Wallet
ORD-104242,26-03-2025 05:00,CUST-10532,Consumer,Fashion,Running Shoes,East,Website,1,5280.09,5,No,3.6,6,UPI
ORD-104165,06-01-2025 07:00,CUST-11259,Consumer,Home & Kitchen,Air Fryer,South,Mobile App,1,1347.52,0,No,3.3,6,Debit Card
ORD-100835,28-02-2025 03:00,CUST-11926,Consumer,Home & Kitchen,Desk Lamp,West,Mobile App,3,1966.74,15,No,3.1,1,UPI
ORD-102722,03-03-2024 00:00,CUST-11290,Consumer,Electronics,USB-C Hub,West,Website,1,16235.79,10,No,4.4,3,UPI
ORD-103256,04-04-2024 08:00,CUST-11215,Consumer,Fashion, Hoodie ,West,Mobile App,1,4412.51,10,No,4.7,3,Wallet
ORD-103393,12-04-2024 22:00,CUST-10311,Consumer,Electronics,USB-C Hub,South,Mobile App,1,12733.48,30,No,4.4,3,UPI
ORD-104607,22-09-2024 09:00,CUST-10193,Consumer,Electronics,Power Bank,North,Mobile App,5,7006.01,15,No,4.2,1,Debit Card
ORD-105569,28-04-2024 06:00,CUST-10771,Consumer,Beauty,Body Lotion,Central,Mobile App,1,3443.07,15,No,4,3,UPI
ORD-101256,01-05-2024 04:00,CUST-10244,Consumer,Electronics,Bluetooth Speaker,West,Mobile App,1,10869.96,0,No,3.6,4,Wallet
ORD-100267,08-07-2024 09:00,CUST-10818,Small Business,Beauty,Hair Dryer,Central,Website,2,1057.29,15,No,3.6,3,Credit Card
ORD-104740,24-05-2024 14:00,CUST-11415,Consumer,Fashion,Hoodie,Central,Website,2,4490.98,10,Yes,4.7,5,Credit Card
ORD-105282,27-03-2025 02:00,CUST-11888,Small Business,Home & Kitchen,Storage Set,West,Website,3,11718.27,5,No,5,1,Net Banking
ORD-103216,03-01-2024 22:00,CUST-11468,Small Business,Fashion,Casual Shirt,South,Marketplace,1,2896.78,15,Yes,4.1,3,Debit Card
ORD-101121,15-02-2024 22:00,CUST-10339,Small Business,Beauty,Body Lotion,Central,Mobile App,1,2817.76,20,No,3.8,3,UPI
ORD-101143,06-04-2025 02:00,CUST-11542,Consumer,Home & Kitchen,Desk Lamp,North,Mobile App,4,9126.74,15,Yes,4.1,5,Net Banking
ORD-105217,29-12-2024 16:00,CUST-10722,Consumer,Fashion,Running Shoes,South,Website,5,5023.37,0,No,4.5,4,Debit Card
ORD-100014,26-01-2025 18:00,CUST-10323,Enterprise,Electronics,Power Bank,East,Website,1,9335.52,15,No,3.5,3,Wallet
ORD-103568,16-02-2025 09:00,CUST-10950,Consumer,Fashion,Sports Cap,North,Mobile App,3,2498.28,5,No,4.7,4,Debit Card
ORD-101486,29-03-2024 18:00,CUST-10843,Consumer,Beauty,Perfume,South,Mobile App,3,1898.53,20,No,3.2,6,UPI
ORD-102474,27-02-2024 03:00,CUST-10305,Consumer,Fashion,Running Shoes,West,Mobile App,4,2715.62,10,No,4.9,3,Credit Card
ORD-101648,17-06-2025 07:00,CUST-11498,Consumer,Home & Kitchen,Air Fryer,West,Mobile App,2,1624.39,10,No,3.8,1,Wallet
ORD-103677,24-02-2025 00:00,CUST-11531,Consumer,Books,Business Strategy,South,Marketplace,1,273.94,25,No,5,4,Debit Card
ORD-101258,22-10-2024 02:00,CUST-10264,Consumer,Books,Fiction Novel,South,Marketplace,6,322.39,15,No,2.6,3,Credit Card
ORD-100103,05-01-2024 00:00,CUST-11008,Consumer,Beauty,Hair Dryer,Central,Mobile App,2,3102.95,10,No,3.7,5,Debit Card
ORD-100733,26-02-2025 19:00,CUST-10982,Small Business,Fashion,Casual Shirt,South,Website,6,5231.65,15,No,5,2,Debit Card
ORD-105167,16-04-2024 06:00,CUST-10106,Consumer,Books,Data Analytics Guide,West,Mobile App,3,606.61,25,No,4.1,2,Wallet
ORD-103522,28-03-2025 01:00,CUST-10992,Consumer,Electronics,Power Bank,North,Mobile App,2,10054.54,0,No,4.3,3,Net Banking
ORD-100424,15-08-2024 17:00,CUST-11070,Small Business,Electronics,Smart Watch,North,Website,3,6104.57,5,No,3.6,4,Credit Card
ORD-100990,06-07-2024 03:00,CUST-11520,Consumer,Books,Business Strategy,South,Mobile App,2,984.91,30,Yes,4,1,Credit Card
ORD-102079,09-03-2024 16:00,CUST-11312,Consumer,Fashion,Backpack,Central,Mobile App,1,3686.59,0,No,4.1,4,Credit Card
ORD-104486,23-10-2024 17:00,CUST-10659,Consumer,Electronics,Bluetooth Speaker,South,Mobile App,1,14092.27,5,No,2.9,1,Debit Card
ORD-104026,24-04-2024 15:00,CUST-10613,Consumer,Fashion,Casual Shirt,South,Marketplace,1,4908.93,10,No,4.3,4,Net Banking
ORD-103635,15-09-2024 00:00,CUST-11537,Enterprise,Electronics,Smart Watch,West,Website,1,20370.41,25,No,5,1,Credit Card
ORD-103058,31-07-2024 10:00,CUST-11539,Small Business,Beauty,Body Lotion,North,Website,3,4428.24,20,Yes,4.1,2,UPI
ORD-102326,05-07-2024 20:00,CUST-10595,Consumer,Fashion,Backpack,North,Mobile App,1,2228.19,0,No,3.8,1,Debit Card
ORD-105568,20-06-2024 14:00,CUST-11875,Consumer,Fashion,Backpack,Central,Mobile App,1,1235.44,20,No,4.2,3,Credit Card
ORD-105338,31-07-2024 14:00,CUST-11293,Consumer,Home & Kitchen,Storage Set,South,Mobile App,3,7691.53,0,No,5,3,UPI
ORD-102509,07-03-2024 14:00,CUST-11810,Consumer,Fashion,Casual Shirt,South,Marketplace,1,5581.65,20,No,4.7,1,Wallet
ORD-103296,25-04-2024 15:00,CUST-11043,Consumer,Beauty,Skin Serum,North,Mobile App,2,769.44,15,No,3.6,5,Debit Card
ORD-102448,28-02-2025 21:00,CUST-10128,Consumer,Fashion,Casual Shirt,East,Website,4,3918.99,10,No,4.7,3,Credit Card
ORD-102651,24-04-2025 20:00,CUST-11557,Small Business,Home & Kitchen,Air Fryer,East,Mobile App,1,1754.05,5,No,3.4,5,Debit Card
ORD-105102,12-05-2024 09:00,,Consumer,Beauty,Face Wash,East,Mobile App,3,4336.17,15,No,4.3,3,UPI
ORD-105713,26-12-2024 20:00,CUST-10337,Consumer,Fashion,Hoodie,South,Mobile App,6,3309.7,10,No,4.3,1,Credit Card
ORD-101018,23-01-2024 18:00,CUST-11301,Small Business,Electronics,Wireless Earbuds,West,Website,1,9283.01,5,No,5,3,UPI
ORD-101652,29-01-2024 08:00,CUST-10365,Enterprise,Electronics,Power Bank,West,Mobile App,2,4719.13,5,No,4.9,4,UPI
ORD-100809,28-06-2025 10:00,CUST-10124,Enterprise,Beauty,Body Lotion,East,Marketplace,2,1641.52,0,No,3.8,3,Credit Card
ORD-102997,08-07-2024 20:00,CUST-11695,Consumer,Beauty,Body Lotion,North,Mobile App,4,788.02,15,No,3.8,4,Debit Card
ORD-100847,29-01-2024 04:00,CUST-11836,Consumer,Fashion,Hoodie,North,Website,5,4883.42,0,No,4.5,3,UPI
ORD-101147,23-02-2025 16:00,CUST-10445,Consumer,Fashion,Casual Shirt,North,Mobile App,4,1331.78,10,Yes,3.5,5,Net Banking
ORD-102058,03-08-2024 06:00,CUST-11568,Consumer,Fashion,Hoodie,East,Mobile App,3,1176.35,25,No,4.8,1,Wallet
ORD-102603,03-11-2024 05:00,CUST-11925,Enterprise,Books,Fiction Novel,East,Mobile App,5,1685.83,0,No,4.3,3,UPI
ORD-102043,13-02-2025 07:00,CUST-10030,Consumer,Home & Kitchen,Coffee Maker,Central,Marketplace,1,10423,25,No,4,5,Credit Card
ORD-105234,24-07-2024 12:00,CUST-11389,Consumer,Books,Data Analytics Guide,South,Website,4,1051.2,0,Yes,4,5,Net Banking
ORD-105888,28-12-2024 12:00,CUST-10607,Consumer,Beauty,Skin Serum,South,Website,3,4286.37,20,No,3.8,4,Credit Card
ORD-102503,28-02-2024 15:00,CUST-11667,Consumer,Fashion,Sports Cap,West,Marketplace,8,5411.72,0,No,3.8,6,Net Banking
ORD-103943,13-06-2025 08:00,CUST-10519,Small Business,Fashion,Sports Cap,East,Website,2,4358.24,5,No,3.4,3,Credit Card
ORD-104575,21-02-2025 06:00,CUST-10335,Small Business,Books,SQL Handbook,West,Marketplace,2,749.52,15,No,3.4,2,Net Banking
ORD-102508,10-08-2024 09:00,CUST-11820,Small Business,Beauty,Hair Dryer,South,Website,4,3231.9,15,No,3.8,5,Debit Card
ORD-103614,14-02-2025 05:00,CUST-11828,Consumer,Books,Data Analytics Guide,West,Mobile App,2,1196.61,20,No,4,3,UPI
ORD-103610,01-11-2024 13:00,CUST-10467,Consumer,Fashion,Backpack,West,Marketplace,1,1319.36,5,No,4.4,5,Wallet
ORD-105824,09-10-2024 03:00,CUST-10137,Enterprise,Books,Data Analytics Guide,South,Mobile App,5,1096.99,15,No,5,3,Wallet
ORD-104864,25-04-2025 02:00,CUST-10128,Small Business,Beauty,Hair Dryer,South,Marketplace,1,4395.58,25,No,3.5,3,Credit Card
ORD-102885,24-03-2024 20:00,CUST-10061,Small Business,Electronics,Power Bank,North,Marketplace,1,15542.05,20,No,3,5,
ORD-100262,12-06-2024 19:00,CUST-11806,Consumer,Electronics,Wireless Earbuds,Central,Mobile App,2,10743.02,15,No,3.4,4,UPI
ORD-103881,02-05-2024 02:00,CUST-11276,Small Business,Fashion,Casual Shirt,West,Website,1,2850.21,5,No,4,1,UPI
ORD-101335,29-06-2025 08:00,CUST-11815,Consumer,Electronics,Power Bank,East,Website,1,9107.16,20,No,3.3,7,UPI
ORD-102097,14-04-2025 22:00,CUST-11479,Consumer,Fashion,Sports Cap,North,Marketplace,1,1933.09,5,No,4,4,UPI
ORD-101587,12-02-2024 15:00,CUST-10234,Enterprise,Books,Business Strategy,South,Marketplace,1,1464.77,20,No,3.8,1,Debit Card
ORD-104626,02-01-2024 15:00,CUST-10720,Small Business,Books,Fiction Novel,Central,Mobile App,2,656.35,10,No,4,2,Debit Card
ORD-104219,29-03-2024 22:00,CUST-11425,Consumer,Electronics,Bluetooth Speaker,North,Website,1,13083.76,20,No,3.6,4,Credit Card
ORD-104511,12-10-2024 00:00,CUST-10063,Consumer,Fashion,Running Shoes,West,Website,8,1414.3,0,No,5,5,Credit Card
ORD-104560,23-09-2024 16:00,CUST-10677,Consumer,Books,Leadership Book,West,Mobile App,3,1419.93,10,No,4.5,5,Debit Card
ORD-105506,29-02-2024 03:00,CUST-11680,Consumer,Fashion,Sports Cap,South,Mobile App,3,4067.89,10,No,4.2,4,Debit Card
ORD-104053,18-03-2025 11:00,CUST-10914,Consumer,Home & Kitchen,Air Fryer,Central,Marketplace,1,8665.81,15,No,4.3,5,Debit Card
ORD-102702,30-04-2024 18:00,CUST-10132,Consumer,Electronics,Bluetooth Speaker,East,Mobile App,2,13442.11,20,No,4.5,4,Wallet
ORD-104491,17-04-2024 13:00,CUST-10895,Small Business,Books,Fiction Novel,South,Website,1,321.16,5,No,4.8,4,Net Banking
ORD-103844,17-05-2025 21:00,CUST-10720,Consumer,Fashion,Running Shoes,West,Website,3,5608.64,10,Yes,3.6,3,Credit Card
ORD-105921,11-03-2025 08:00,CUST-11566,Consumer,Beauty,Hair Dryer,North,Mobile App,4,4657.98,15,No,4.3,2,Debit Card
ORD-101555,29-03-2024 20:00,CUST-10138,Consumer,Beauty,Body Lotion,Central,Website,1,812.59,15,No,4.9,6,UPI
ORD-103823,07-04-2024 12:00,CUST-10427,Consumer,Electronics,USB-C Hub,East,Website,2,13814,30,No,3.9,7,Debit Card
ORD-105524,30-11-2024 20:00,CUST-11119,Consumer,Electronics,USB-C Hub,West,Website,8,19235.2,10,No,3.8,3,UPI
ORD-105507,14-02-2024 02:00,CUST-10070,Consumer,Electronics,USB-C Hub,South,Website,1,6204.3,5,No,3.8,4,UPI
ORD-104554,22-01-2025 03:00,CUST-10822,Consumer,Fashion,Backpack,East,Website,1,5134.14,5,No,4.4,3,
ORD-102237,27-05-2024 18:00,CUST-11437,Consumer,Electronics,USB-C Hub,Central,Website,10,13377.46,10,No,3.9,4,UPI
ORD-105367,14-11-2024 04:00,CUST-11004,Small Business,Beauty,Perfume,West,Website,2,347.64,0,No,5,4,Debit Card
ORD-101467,28-07-2024 22:00,CUST-10124,Consumer,Fashion,Running Shoes,Central,Mobile App,8,4556.52,15,No,4.1,4,Debit Card
ORD-104856,06-04-2025 22:00,CUST-10081,Consumer,Electronics,Bluetooth Speaker,North,Website,1,6296.26,10,No,3.3,2,Credit Card
ORD-104440,27-06-2024 03:00,CUST-10136,Consumer,Books,Fiction Novel,West,Marketplace,1,706.58,15,No,3.8,3,Credit Card
ORD-103366,12-05-2024 01:00,CUST-10497,Consumer,Home & Kitchen,Water Bottle,East,Website,1,9792.75,20,No,4.6,4,Debit Card
ORD-100223,20-04-2024 11:00,CUST-11823,Consumer,Fashion,Hoodie,East,Marketplace,5,4474.14,20,No,4.8,6,UPI
ORD-102462,15-09-2024 21:00,CUST-10963,Consumer,Electronics,Power Bank,South,Marketplace,3,14867.93,5,No,3.7,5,Credit Card
ORD-105939,10-04-2024 02:00,CUST-11533,Consumer,Books,Data Analytics Guide,Central,Website,1,1439.88,5,No,4.5,1,UPI
ORD-105966,27-01-2025 02:00,CUST-10261,Consumer,Fashion,Running Shoes,West,Marketplace,2,5536.43,10,Yes,3.6,2,UPI
ORD-103890,05-11-2024 20:00,CUST-11289,Small Business,Fashion,Hoodie,North,Mobile App,1,2408.6,10,No,4,4,UPI
ORD-101569,21-06-2025 15:00,CUST-11109,Consumer,Fashion,Backpack,Central,Website,5,5290.77,5,Yes,4.2,3,Wallet
ORD-100375,21-02-2024 13:00,CUST-10100,Consumer,Home & Kitchen,Desk Lamp,south,Mobile App,2,2682.27,5,No,4.2,1,UPI
ORD-105760,09-03-2024 04:00,CUST-10831,Consumer,Fashion,Backpack,East,Website,2,3958.13,0,Yes,4.3,2,Debit Card
ORD-101247,10-09-2024 21:00,CUST-10817,Consumer,Electronics,Smart Watch,South,Website,2,5959.94,25,No,4.1,4,UPI
ORD-100828,16-04-2025 11:00,CUST-10623,Consumer,Books,Fiction Novel,North,MARKETPLACE,3,1401.71,0,No,4.5,4,Debit Card
ORD-100645,28-06-2024 07:00,CUST-11796,Consumer,Beauty,Face Wash,Central,Mobile App,2,4500.82,30,No,3.7,3,UPI
ORD-100461,17-03-2024 15:00,CUST-10994,Small Business,Beauty,Face Wash,Central,Website,2,1924.83,0,No,4.6,2,Debit Card
ORD-105474,01-02-2024 04:00,CUST-11189,Consumer,Home & Kitchen,Air Fryer,South,Website,1,5913.95,10,No,5,5,Credit Card
ORD-101828,01-12-2024 05:00,CUST-10091,Consumer,Beauty,Perfume,Central,Mobile App,1,2208.18,25,No,4.7,6,UPI
ORD-101419,17-09-2024 01:00,CUST-10398,Consumer,Fashion,Casual Shirt,South,Mobile App,4,3451.52,15,No,4.6,4,Credit Card
ORD-101706,21-06-2025 01:00,CUST-11336,Consumer,Electronics,Smart Watch,East,Website,3,2480.82,0,No,4,2,Debit Card
ORD-104142,30-03-2024 04:00,CUST-11478,Consumer,Beauty,Hair Dryer,East,Mobile App,6,1196.77,15,No,4.5,5,Debit Card
ORD-105415,05-05-2024 13:00,CUST-11310,Small Business,Beauty,Face Wash,South,Website,1,2331.79,15,No,3.1,4,Credit Card
ORD-100028,24-10-2024 19:00,CUST-10078,Consumer,Fashion,Hoodie,south,Website,2,2395.9,10,No,4.3,5,UPI
ORD-102970,29-11-2024 17:00,CUST-11916,Consumer,Home & Kitchen,Water Bottle,Central,Mobile App,6,9030.26,20,No,3.9,2,Credit Card
ORD-105038,27-06-2025 05:00,CUST-11589,Small Business,Electronics,USB-C Hub,South,Website,1,4220.66,0,No,3.8,2,UPI
ORD-101158,28-07-2024 19:00,CUST-11863,Consumer,Home & Kitchen,Desk Lamp,East,Website,1,10699.1,0,No,4,3,Credit Card
ORD-105179,07-08-2024 17:00,CUST-10971,Small Business,Home & Kitchen,Coffee Maker,North,Website,4,844.91,10,Yes,3.7,5,Credit Card
ORD-102877,26-05-2025 04:00,CUST-10365,Consumer,Electronics,Power Bank,West,Marketplace,6,11382.58,5,No,5,1,Net Banking
ORD-101869,25-02-2025 17:00,CUST-10921,Enterprise,Fashion,Sports Cap,West,Website,2,5505.52,15,No,3.4,1,Net Banking
ORD-102259,25-06-2025 16:00,CUST-10247,Consumer,Electronics,Bluetooth Speaker,Central,Website,6,18711.17,10,No,4.6,2,Wallet
ORD-102351,13-02-2025 16:00,CUST-10703,Consumer,Beauty,Body Lotion,East,Website,2,3816.71,5,No,4.1,4,UPI
ORD-103981,18-02-2024 06:00,CUST-11380,Consumer,Books,Leadership Book,South,Website,2,572.55,10,No,5,4,Net Banking
ORD-104364,11-11-2024 18:00,CUST-10207,Consumer,Electronics,USB-C Hub,East,Website,3,7812.09,25,No,4.8,2,UPI
ORD-105029,07-05-2024 01:00,CUST-11266,Consumer,Fashion,Hoodie,North,Website,1,5114.04,5,No,5,4,Net Banking
ORD-103732,07-08-2024 11:00,CUST-10335,Small Business,Books,Data Analytics Guide,South,Marketplace,5,514.35,10,No,3.2,1,Net Banking
ORD-101628,30-07-2024 23:00,CUST-11477,Consumer,Electronics,Bluetooth Speaker,North,Marketplace,1,19771.52,0,No,4.7,4,Net Banking
ORD-102587,24-06-2024 02:00,CUST-10826,Consumer,Home & Kitchen,Coffee Maker,South,Marketplace,2,3789.78,0,No,3.2,4,Credit Card
ORD-101829,20-06-2025 09:00,CUST-10499,Consumer,Books,Data Analytics Guide,West,Website,5,264,15,No,4.1,2,Debit Card
ORD-105914,13-10-2024 08:00,CUST-11550,Enterprise,Home & Kitchen,Air Fryer,North,Marketplace,1,5886.7,15,No,3.7,2,Credit Card
ORD-103885,14-08-2024 00:00,,Small Business,Books,Fiction Novel,Central,Mobile App,1,1202.34,15,No,4,1,Credit Card
ORD-100986,02-12-2024 17:00,CUST-11326,Consumer,Electronics,USB-C Hub,East,Website,1,20156.72,15,No,4.6,4,Wallet
ORD-103717,16-05-2024 17:00,CUST-10371,Small Business,Beauty,Body Lotion,Central,Mobile App,2,4179.97,15,No,3.8,4,UPI
ORD-101021,09-02-2024 08:00,CUST-11676,Consumer,Electronics,USB-C Hub,West,Website,2,10418,10,No,4.1,5,UPI
ORD-104933,27-03-2025 19:00,CUST-11233,Enterprise,Electronics,USB-C Hub,West,Marketplace,2,12231.21,15,No,3.5,4,Debit Card
ORD-102517,14-10-2024 06:00,CUST-10464,Consumer,Electronics,Bluetooth Speaker,Central,Website,8,2082.09,5,Yes,4.1,2,Credit Card
ORD-104516,11-07-2024 00:00,CUST-10387,Consumer,Books,Business Strategy,Central,Mobile App,2,1156.39,30,No,3.5,2,UPI
ORD-104674,30-03-2025 13:00,CUST-11477,Small Business,Home & Kitchen,Storage Set,North,Website,1,6442.87,10,No,4.1,2,UPI
ORD-101491,24-09-2024 06:00,CUST-10488,Consumer,Books,Leadership Book,Central,Mobile App,4,1455.71,15,No,5,3,Debit Card
ORD-105554,29-10-2024 21:00,CUST-11626,Consumer,Beauty,Body Lotion,Central,Website,2,782.52,20,No,3.6,1,Wallet
ORD-103403,21-06-2025 09:00,CUST-11738,Small Business,Fashion,Backpack,West,Mobile App,2,4278.59,15,No,2.8,3,UPI
ORD-104405,03-05-2025 13:00,CUST-11750,Consumer,Electronics,Smart Watch,West,Marketplace,3,7427.8,5,No,4,3,UPI
ORD-102832,12-06-2024 22:00,CUST-11474,Small Business,Home & Kitchen,Water Bottle,East,Mobile App,1,10540.7,0,No,3.6,4,Debit Card
ORD-105106,18-02-2025 01:00,CUST-10083,Consumer,Electronics,Power Bank,West,Mobile App,1,19372.25,0,No,4.1,2,UPI
ORD-101911,29-04-2025 21:00,CUST-11226,Consumer,Home & Kitchen,Storage Set,East,Mobile App,2,660.05,10,No,3.6,2,Net Banking
ORD-102318,09-04-2025 12:00,CUST-11637,Consumer,Home & Kitchen,Water Bottle,Central,Website,2,7643.61,0,No,3.8,3,Debit Card
ORD-101422,17-11-2024 15:00,CUST-10795,Consumer,Fashion,Backpack,West,Website,5,5947.45,10,No,4,4,Net Banking
ORD-101663,29-10-2024 06:00,CUST-10508,Consumer,Electronics,Bluetooth Speaker,South,Mobile App,2,9776.19,20,Yes,3.7,5,Net Banking
ORD-102174,07-05-2024 07:00,CUST-10179,Consumer,Electronics,Power Bank,South,Mobile App,2,5928.2,15,No,3.6,2,Credit Card
ORD-103460,15-08-2024 08:00,CUST-10421,Small Business,Electronics,USB-C Hub,Central,Website,-3,15215.03,15,Yes,4.6,4,Debit Card
ORD-100371,27-12-2024 07:00,CUST-10291,Consumer,Electronics,Power Bank,North,Marketplace,1,5176,5,No,3.5,3,UPI
ORD-100045,14-06-2025 00:00,CUST-10514,Consumer,Books,SQL Handbook,Central,Marketplace,1,1338.06,0,No,4.6,3,Credit Card
ORD-101729,27-02-2024 02:00,CUST-10883,Consumer,Home & Kitchen,Air Fryer,South,Mobile App,3,10908.5,20,No,4.5,4,Wallet
ORD-104522,21-10-2024 02:00,CUST-10884,Consumer,Home & Kitchen,Desk Lamp,North,Mobile App,3,9862.51,0,No,3.1,1,UPI
ORD-102709,22-04-2025 10:00,CUST-10705,Consumer,Fashion,Backpack,North,Mobile App,3,4293.73,20,No,5,3,Debit Card
ORD-101763,24-11-2024 14:00,CUST-10788,Small Business,Fashion,Running Shoes,West,Marketplace,4,2219.45,5,No,3.4,4,Credit Card
ORD-103469,18-04-2025 04:00,CUST-10384,Small Business,Books,Data Analytics Guide,West,Website,1,529.29,15,No,3.3,1,Debit Card
ORD-100717,25-09-2024 17:00,CUST-10469,Consumer,Beauty,Body Lotion,West,Marketplace,1,3732.25,10,No,3.4,2,UPI
ORD-104859,17-02-2025 13:00,CUST-11668,Consumer,Beauty,Perfume,North,Website,1,4124.06,15,No,5,3,Debit Card
ORD-101196,24-01-2025 14:00,CUST-11699,Consumer,Electronics,Smart Watch,West,Website,1,19309.23,5,No,4.7,4,Credit Card
ORD-101090,01-10-2024 14:00,CUST-10921,Consumer,Electronics,Wireless Earbuds,East,Website,4,8500.8,10,No,4.2,4,UPI
ORD-103867,18-03-2025 13:00,CUST-11489,Consumer,Electronics,USB-C Hub,West,Mobile App,3,2234.36,25,No,4,2,UPI
ORD-105562,05-03-2025 20:00,CUST-11898,Enterprise,Books,Business Strategy,Central,Mobile App,1,1613.32,25,No,4.6,7,Debit Card
ORD-101561,18-05-2024 20:00,CUST-11896,Consumer,Electronics,Wireless Earbuds,Central,Marketplace,4,2622.25,5,No,3.2,3,Wallet
ORD-104838,09-04-2025 12:00,CUST-11875,Consumer,Beauty,Skin Serum,North,Mobile App,1,1890.34,0,No,2.8,4,Debit Card
ORD-104034,20-08-2024 11:00,CUST-10251,Small Business,Electronics,Power Bank,South,Mobile App,2,6621.42,0,No,3.6,3,UPI
ORD-100501,21-12-2024 23:00,CUST-10334,Consumer,Fashion,Hoodie,North,Mobile App,4,941.98,10,No,4.3,5,Credit Card
ORD-102818,10-03-2024 14:00,CUST-10943,Small Business,Home & Kitchen,Storage Set,South,Marketplace,3,6492.59,5,No,3.4,4,Wallet
ORD-101484,14-08-2024 11:00,CUST-11943,Consumer,Books,Business Strategy,Central,Website,1,861.08,0,No,4.1,4,UPI
ORD-103508,01-02-2024 17:00,,Enterprise,Fashion,Sports Cap,West,Marketplace,3,1101.29,10,No,4.8,4,Debit Card
ORD-102071,19-12-2024 07:00,CUST-10694,Small Business,Home & Kitchen,Water Bottle,Central,Mobile App,10,8437.87,15,Yes,5,1,UPI
ORD-101684,14-07-2024 17:00,CUST-10445,Small Business,Books,SQL Handbook,South,Mobile App,2,754.49,5,No,4,4,Credit Card
ORD-103250,03-07-2024 18:00,CUST-11823,Consumer,Beauty,Face Wash,East,Mobile App,1,3832.29,10,No,4.1,5,Credit Card
ORD-103279,02-02-2025 12:00,CUST-10851,Consumer,Electronics,Bluetooth Speaker,East,Mobile App,4,21510.87,15,No,3.7,2,Wallet
ORD-105062,02-12-2024 14:00,CUST-10699,Small Business,Fashion,Casual Shirt,North,Mobile App,4,4947.41,0,Yes,3.4,4,UPI
ORD-100527,19-03-2024 13:00,CUST-11601,Small Business,Electronics,Power Bank,Central,Website,1,1435.89,10,No,4.3,4,UPI
ORD-104509,11-06-2025 14:00,CUST-10298,Small Business,Fashion,Backpack,North,Mobile App,3,1134.21,0,No,4,2,UPI
ORD-101027,02-06-2024 05:00,CUST-11012,Consumer,Fashion,Sports Cap,South,Marketplace,1,3100.88,20,No,3.5,3,Wallet
ORD-102441,01-01-2024 13:00,CUST-10965,Consumer,Beauty,Perfume,West,Mobile App,4,3313.71,15,No,4.3,3,Debit Card
ORD-101181,21-05-2025 10:00,CUST-10906,Consumer,Electronics,Smart Watch,West,Mobile App,2,20519.27,5,No,3.9,1,UPI
ORD-102760,14-03-2024 00:00,CUST-10413,Small Business,Electronics,USB-C Hub,North,Mobile App,1,9054.68,15,No,4,3,Net Banking
ORD-103097,20-06-2024 08:00,CUST-11389,Consumer,Fashion,Backpack,West,Website,2,3840.68,15,No,4.6,3,Credit Card
ORD-104832,31-07-2024 19:00,CUST-10213,Consumer,Electronics,Smart Watch,North,Mobile App,1,3922.74,110,No,3.8,5,Wallet
ORD-104871,06-06-2025 13:00,CUST-11718,Enterprise,Electronics,USB-C Hub,West,Marketplace,2,15254.97,10,No,5,3,Debit Card
ORD-104805,15-02-2025 05:00,CUST-10874,Enterprise,Fashion,Running Shoes,Central,Website,1,5497.91,25,No,3.7,1,Net Banking
ORD-100602,07-02-2025 13:00,CUST-11530,Consumer,Fashion,Sports Cap,Central,Mobile App,1,5555.74,15,No,4.2,2,Credit Card
ORD-100705,04-11-2024 11:00,CUST-11765,Consumer,Electronics,Bluetooth Speaker,Central,Website,2,18433.69,0,Yes,5,4,Wallet
ORD-105133,23-01-2024 12:00,CUST-10336,Consumer,Beauty,Hair Dryer,East,Mobile App,3,740.71,15,No,4.1,4,Net Banking
ORD-103960,01-06-2025 00:00,CUST-11528,Consumer,Home & Kitchen,Air Fryer,North,Mobile App,1,9158.91,5,No,3.5,1,UPI
ORD-101523,23-03-2024 03:00,CUST-10724,Enterprise,Books,Business Strategy,East,Mobile App,2,596.75,10,No,3.8,4,Net Banking
ORD-100149,01-02-2024 20:00,CUST-11784,Consumer,Electronics,Smart Watch,East,Website,5,12471.25,15,No,3.7,5,Debit Card
ORD-101937,29-10-2024 17:00,CUST-10634,Consumer,Beauty,Face Wash,West,Website,1,1803.46,15,No,3.9,1,Credit Card
ORD-102632,13-05-2025 18:00,CUST-11449,Small Business,Home & Kitchen,Coffee Maker,South,Mobile App,1,10140.31,25,No,3.9,3,Debit Card
ORD-101750,23-05-2025 12:00,CUST-11728,Consumer,Electronics,Bluetooth Speaker,Central,Mobile App,1,14111.38,0,No,4.9,5,UPI
ORD-102604,17-02-2025 23:00,CUST-10153,Consumer,Fashion,Backpack,Central,Marketplace,2,5383.39,0,No,4.5,5,Credit Card
ORD-102999,27-12-2024 18:00,,Consumer,Beauty,Body Lotion,Central,Website,1,4320.86,25,No,3.5,3,Debit Card
ORD-105978,22-04-2024 08:00,CUST-10592,Consumer,Fashion,Sports Cap,North,Website,1,5311.43,0,No,4.5,5,Debit Card
ORD-105439,30-10-2024 20:00,CUST-10601,Consumer,Electronics,Power Bank,West,Marketplace,2,19418.53,10,No,4.1,1,Credit Card
ORD-105374,09-02-2025 08:00,CUST-11686,Consumer,Fashion,Hoodie,North,Mobile App,2,2816.71,5,No,3.8,1,Debit Card
ORD-103950,24-07-2024 20:00,CUST-10302,Consumer,Fashion,Backpack,North,Mobile App,1,3633.4,10,No,3.9,2,Wallet
ORD-104686,01-06-2025 20:00,CUST-11186,Consumer,Home & Kitchen,Coffee Maker,East,Website,2,11474.58,10,No,4.3,3,UPI
ORD-104927,19-11-2024 09:00,CUST-10641,Consumer,Home & Kitchen,Coffee Maker,West,Website,3,3591.74,15,No,4.5,5,Debit Card
ORD-102190,16-07-2024 23:00,CUST-11002,Enterprise,Fashion,Hoodie,Central,Website,1,822.08,10,No,5,3,Wallet
ORD-100616,16-05-2024 09:00,CUST-10878,Consumer,Home & Kitchen,Storage Set,Central,Mobile App,1,6906.59,15,No,4.5,3,UPI
ORD-103362,26-01-2024 06:00,CUST-11291,Consumer,Fashion,Backpack,North,MARKETPLACE,3,4180.42,25,No,5,4,Debit Card
ORD-100592,10-05-2024 23:00,CUST-11521,Consumer,Beauty,Body Lotion,South,Mobile App,2,3969.17,15,No,3.9,1,Debit Card
ORD-105605,03-02-2024 11:00,CUST-10792,Small Business,Home & Kitchen,Desk Lamp,Central,Mobile App,1,6343.46,15,No,4.5,3,UPI
ORD-104114,07-06-2024 22:00,CUST-10129,Consumer,Beauty,Face Wash,Central,Website,3,360.97,5,No,5,5,Credit Card
ORD-100182,28-09-2024 13:00,CUST-10376,Consumer,Home & Kitchen,Air Fryer,East,Website,2,11199.45,5,No,4.3,5,Credit Card
ORD-102691,27-11-2024 13:00,CUST-10263,Consumer,Electronics,Power Bank,Central,Website,1,2967.49,5,No,3.9,2,Credit Card
ORD-102478,12-02-2024 11:00,CUST-10732,Consumer,Fashion,Casual Shirt,North,Marketplace,2,761.41,20,No,5,3,Net Banking
ORD-103105,14-06-2024 10:00,CUST-11206,Consumer,Books,SQL Handbook,West,Website,1,1260.14,10,No,4.5,3,Debit Card
ORD-101119,26-09-2024 08:00,CUST-11425,Consumer,Home & Kitchen,Desk Lamp,East,Mobile App,1,7730.18,5,No,4.2,4,Wallet
ORD-101469,03-02-2024 01:00,CUST-11045,Small Business,Electronics,Wireless Earbuds,West,Website,1,6307.42,20,Yes,5,3,Net Banking
ORD-105105,17-12-2024 12:00,CUST-10333,Small Business,Electronics,USB-C Hub,South,Website,2,11675.34,15,No,4.5,2,Credit Card
ORD-103766,05-01-2025 12:00,CUST-11823,Consumer,Beauty,Body Lotion,North,Mobile App,1,277.79,5,No,4.6,3,Wallet
ORD-100920,21-04-2025 12:00,CUST-11880,Consumer,Electronics,Bluetooth Speaker,South,Website,6,12777.04,0,No,5,1,Wallet
ORD-104368,20-05-2025 22:00,CUST-11417,Consumer,Books,Fiction Novel,West,Mobile App,2,879.82,15,No,3.9,3,Credit Card
ORD-102069,16-08-2024 22:00,CUST-11673,Small Business,Fashion,Sports Cap,West,Marketplace,1,4591.08,20,No,4.6,5,Credit Card
ORD-100979,04-11-2024 22:00,CUST-11595,Small Business,Fashion,Sports Cap,South,Website,3,4930.41,20,No,3.3,1,UPI
ORD-101655,06-05-2024 06:00,CUST-11147,Consumer,Books,Fiction Novel,North,Website,3,537.48,20,No,4.2,4,Credit Card
ORD-102277,29-01-2024 01:00,CUST-11497,Consumer,Fashion,Hoodie,West,Website,1,1457.78,10,No,3.5,4,Credit Card
ORD-100583,29-01-2024 08:00,CUST-11579,Consumer,Beauty,Perfume,West,Website,10,3817.32,15,No,4.5,6,Debit Card
ORD-104361,04-03-2025 11:00,CUST-11116,Consumer,Beauty,Skin Serum,South,Website,5,1737.03,10,No,3.5,5,Wallet
ORD-100789,07-01-2024 17:00,CUST-10683,Consumer,Fashion,Casual Shirt,West,Mobile App,4,1982.03,20,No,3.4,1,Debit Card
ORD-102102,04-04-2024 00:00,CUST-11416,Consumer,Electronics,Smart Watch,East,Website,1,20051.02,5,No,4.2,2,Debit Card
ORD-105150,27-03-2024 13:00,CUST-11366,Consumer,Fashion,Sports Cap,East,Mobile App,1,5304.93,30,No,4.3,3,Debit Card
ORD-102746,02-05-2024 15:00,CUST-11350,Consumer,Electronics,Wireless Earbuds,East,Website,1,8650.3,10,No,5,3,Debit Card
ORD-105337,09-11-2024 21:00,CUST-11112,Consumer,Electronics,USB-C Hub,North,Website,1,14306.31,10,No,5,4,Wallet
ORD-103552,27-05-2025 14:00,CUST-11331,Consumer,Beauty,Body Lotion,West,Mobile App,8,3096.58,10,No,4.9,1,Debit Card
ORD-101811,22-12-2024 07:00,CUST-10105,Consumer,Fashion,Casual Shirt,West,Mobile App,8,4367.4,0,No,3.1,2,Credit Card
ORD-102412,23-05-2025 08:00,CUST-11566,Small Business,Home & Kitchen,Air Fryer,West,Website,2,1580.29,25,No,3.3,4,Debit Card
ORD-102321,20-01-2024 00:00,CUST-10377,Consumer,Fashion,Running Shoes,North,Mobile App,5,4292.52,5,No,4.3,6,UPI
ORD-100012,05-02-2025 18:00,CUST-11645,Consumer,Beauty,Perfume,Central,Mobile App,2,4494.93,30,No,4.8,2,Net Banking
ORD-105134,31-01-2025 10:00,CUST-10758,Consumer,Electronics,Smart Watch,East,Marketplace,2,6752.51,15,No,4.9,4,Debit Card
ORD-101476,24-09-2024 20:00,CUST-11270,Consumer,Fashion,Hoodie,South,Marketplace,3,2995.8,5,No,4.8,3,UPI
ORD-103751,11-03-2025 23:00,CUST-10013,Consumer,Electronics,USB-C Hub,North,Website,2,17546.32,10,No,2.9,2,Debit Card
ORD-104519,22-08-2024 07:00,CUST-10314,Small Business,Electronics,Bluetooth Speaker,North,Website,2,15008.3,5,No,4.2,3,UPI
ORD-101897,22-04-2025 13:00,CUST-11038,Consumer,Fashion,Casual Shirt,East,Website,2,2395.13,25,No,3.6,3,Wallet
ORD-101267,22-07-2024 12:00,CUST-11467,Small Business,Beauty,Skin Serum,Central,Website,2,2308.79,15,No,3.8,7,Debit Card
ORD-102606,17-10-2024 17:00,CUST-10732,Consumer,Electronics,Power Bank,South,Marketplace,2,5974.02,5,Yes,4.2,6,Debit Card
ORD-100420,21-05-2025 10:00,CUST-11672,Small Business,Books,Business Strategy,East,Website,5,707.55,25,No,3.8,4,Debit Card
ORD-102514,26-02-2024 11:00,CUST-10553,Enterprise,Electronics,Bluetooth Speaker,South,Website,5,12691.27,25,No,4.6,5,Debit Card
ORD-102864,17-02-2024 09:00,CUST-11901,Consumer,Fashion,Casual Shirt,West,Website,1,1333.88,10,No,4.2,4,Credit Card
ORD-105925,25-02-2024 00:00,CUST-11717,Consumer,Home & Kitchen,Desk Lamp,South,Mobile App,2,5280.75,15,No,4.9,1,Credit Card
ORD-100887,15-04-2024 09:00,CUST-10261,Consumer,Beauty,Skin Serum,North,Website,1,1373.77,20,No,3.2,2,UPI
ORD-100169,13-01-2024 09:00,CUST-10767,Consumer,Fashion,Running Shoes,West,Website,4,3868.9,10,No,4.4,3,Debit Card
ORD-103045,27-04-2025 01:00,CUST-10750,Consumer,Home & Kitchen,Air Fryer,Central,Website,4,10744.99,10,No,3,4,Debit Card
ORD-101413,08-03-2025 10:00,CUST-11789,Small Business,Electronics,Smart Watch,North,Mobile App,2,6879.7,20,No,4.4,3,Credit Card
ORD-100521,20-03-2024 19:00,CUST-10001,Consumer,Books,SQL Handbook,West,Mobile App,1,1104.75,5,Yes,4.9,6,Net Banking
ORD-101624,29-10-2024 03:00,CUST-10612,Consumer,Electronics,Smart Watch,West,Website,1,2175.23,10,No,4.3,2,Debit Card
ORD-105498,24-06-2025 14:00,CUST-10949,Consumer,Fashion,Casual Shirt,East,Mobile App,2,1091.5,0,No,3.6,4,Wallet
ORD-102056,05-02-2025 04:00,CUST-11594,Consumer,Fashion,Sports Cap,South,Mobile App,5,3346.71,20,No,3.7,4,UPI
ORD-105347,14-09-2024 15:00,CUST-10506,Consumer,Electronics,Smart Watch,West,Mobile App,8,10664.84,5,No,4.6,1,UPI
ORD-101841,22-02-2024 22:00,CUST-10151,Consumer,Home & Kitchen,Coffee Maker,North,Website,10,7378.63,20,Yes,3.7,3,Credit Card
ORD-104542,20-05-2025 22:00,CUST-11894,Consumer,Fashion,Casual Shirt,Central,Mobile App,2,2383.04,25,No,3.8,1,Credit Card
ORD-100304,23-10-2024 09:00,CUST-10587,Consumer,Fashion,Casual Shirt,South,Website,3,4176.64,0,No,3.5,4,Net Banking
ORD-105886,24-06-2025 16:00,,Consumer,Electronics,USB-C Hub,West,Website,2,17908.73,0,No,4.1,4,Wallet
ORD-104703,11-04-2025 02:00,CUST-11296,Small Business,Fashion,Backpack,South,Website,3,4099.63,15,No,4.5,7,UPI
ORD-104912,14-01-2024 17:00,CUST-11368,Consumer,Home & Kitchen,Water Bottle,East,Marketplace,1,5570.49,5,No,2.7,1,Wallet
ORD-103850,04-02-2025 16:00,CUST-10960,Consumer,Books,Leadership Book,Central,Website,5,791.62,5,No,2.8,2,UPI
ORD-103548,16-06-2024 22:00,CUST-11812,Consumer,Beauty,Body Lotion,North,Website,2,3802.39,10,No,4.2,5,Debit Card
ORD-103857,11-01-2024 01:00,CUST-10527,Small Business,Home & Kitchen,Water Bottle,South,Mobile App,1,1534.13,10,No,4.5,2,Debit Card
ORD-104205,16-03-2025 15:00,CUST-11569,Consumer,Home & Kitchen,Desk Lamp,South,Website,4,6621.03,10,No,3.1,1,Net Banking
ORD-102575,28-06-2024 18:00,CUST-10648,Consumer,Electronics,Power Bank,West,Mobile App,1,5854.34,20,No,4.2,6,Debit Card
ORD-104445,15-08-2024 05:00,CUST-10864,Enterprise,Fashion,Running Shoes,West,Website,1,4038.68,20,No,4.1,4,Debit Card
ORD-105270,10-04-2024 22:00,CUST-10083,Consumer,Home & Kitchen,Desk Lamp,North,Mobile App,1,619.72,20,No,4.2,5,Credit Card
ORD-105448,21-08-2024 22:00,CUST-10048,Small Business,Electronics,USB-C Hub,South,Mobile App,2,13016.37,10,No,3.5,5,UPI
ORD-100669,13-03-2024 03:00,CUST-11309,Small Business,Fashion,Casual Shirt,East,Mobile App,2,5404.04,0,No,4.5,4,Net Banking
ORD-102839,14-06-2025 15:00,CUST-11651,Consumer,Electronics,Smart Watch,West,Marketplace,6,2225.14,10,No,4.4,1,UPI
ORD-104218,14-10-2024 15:00,CUST-11338,Small Business,Electronics,Wireless Earbuds,Central,Mobile App,1,14497.38,10,No,4.9,5,Debit Card
ORD-101818,14-03-2024 22:00,CUST-11448,Consumer,Fashion,Sports Cap,Central,Mobile App,4,1943.86,0,No,4.4,5,UPI
ORD-105090,29-04-2025 11:00,CUST-10136,Consumer,Home & Kitchen,Desk Lamp,North,Mobile App,3,1565.68,25,No,3.5,2,Wallet
ORD-105233,17-04-2024 20:00,CUST-10236,Small Business,Fashion,Hoodie,North,MOBILE APP,2,4598.73,0,No,4,2,UPI
ORD-100730,01-02-2025 23:00,CUST-10932,Small Business,Books,Business Strategy,East,Website,5,1699.23,20,No,4.1,1,Debit Card
ORD-102846,15-04-2025 23:00,CUST-10307,Consumer,Books,Fiction Novel,South,Marketplace,3,574.87,5,No,4.9,5,Debit Card
ORD-105986,13-05-2025 23:00,CUST-11534,Consumer,Home & Kitchen,Desk Lamp,East,Mobile App,4,810.85,5,No,4.7,3,Net Banking
ORD-102507,04-12-2024 07:00,CUST-10966,Consumer,Home & Kitchen,Coffee Maker,West,Website,2,1272.07,10,No,4.7,4,UPI
ORD-103180,02-05-2024 01:00,CUST-11921,Consumer,Electronics,Smart Watch,North,Website,2,10751.42,0,No,3.7,1,UPI
ORD-104247,15-04-2024 08:00,CUST-11734,Small Business,Electronics,Wireless Earbuds,East,Marketplace,1,2694.81,5,No,4.1,5,Debit Card
ORD-103303,29-05-2024 16:00,CUST-11868,Consumer,Electronics,USB-C Hub,Central,Website,8,6332.49,10,No,4.2,4,Wallet
ORD-105985,18-06-2024 00:00,CUST-11578,Consumer,Beauty,Perfume,South,Website,1,1801.69,0,No,4.4,3,Debit Card
ORD-105748,18-05-2025 13:00,CUST-11231,Consumer,Beauty,Body Lotion,West,Marketplace,1,2819.03,25,Yes,5,3,Debit Card
ORD-105844,22-04-2025 00:00,CUST-11757,Consumer,Beauty,Perfume,North,Website,1,3811.77,10,No,5,3,UPI
ORD-102520,29-08-2024 16:00,CUST-11549,Small Business,Home & Kitchen,Storage Set,Central,Mobile App,6,4113.49,15,No,2.8,1,Wallet
ORD-103824,20-11-2024 08:00,CUST-11270,Enterprise,Fashion,Hoodie,East,Marketplace,1,2522.05,30,No,3.9,4,Wallet
ORD-104994,16-12-2024 19:00,CUST-11577,Consumer,Electronics,USB-C Hub,East,Website,4,6824.91,0,No,4.9,3,UPI
ORD-103268,14-03-2024 07:00,CUST-10623,Consumer,Electronics,Wireless Earbuds,Central,Website,6,1761.85,25,No,4.6,4,Net Banking
ORD-105272,11-05-2024 21:00,CUST-10809,Consumer,Books,Business Strategy,East,Website,4,927.84,0,No,4.6,2,UPI
ORD-100403,14-06-2025 15:00,CUST-11247,Consumer,Books,SQL Handbook,West,Mobile App,1,864.39,15,No,4.2,3,Debit Card
ORD-105998,15-02-2025 02:00,CUST-10100,Consumer,Books,Data Analytics Guide,Central,Mobile App,1,1580.85,30,No,4.6,7,UPI
ORD-104420,28-01-2025 23:00,CUST-11843,Consumer,Electronics,Bluetooth Speaker,East,Website,2,21723.01,20,No,3.1,3,Credit Card
ORD-105334,27-11-2024 15:00,CUST-11695,Consumer,Electronics,Smart Watch,East,Website,1,1759.14,10,No,4.5,4,Credit Card
ORD-102573,01-08-2024 18:00,CUST-11034,Small Business,Books,SQL Handbook,Central,Mobile App,4,605.75,5,No,4.3,3,Credit Card
ORD-100074,09-01-2025 20:00,CUST-11144,Consumer,Books,Data Analytics Guide,East,Website,2,1112.74,0,No,3.3,2,Credit Card
ORD-102657,27-05-2024 14:00,CUST-11748,Enterprise,Beauty,Skin Serum,East,Website,1,1828.11,30,No,3.9,3,Credit Card
ORD-102552,28-04-2024 09:00,CUST-10981,Small Business,Home & Kitchen,Air Fryer,South,Mobile App,2,5366.34,25,No,3.4,1,Debit Card
ORD-105570,19-02-2025 23:00,CUST-11767,Consumer,Fashion,Hoodie,Central,Website,10,3085.48,10,No,3.8,4,Wallet
ORD-104482,01-04-2025 07:00,CUST-11012,Small Business,Fashion,Sports Cap,East,Website,3,3614.13,15,No,4.5,5,Credit Card
ORD-104778,28-02-2024 05:00,CUST-10520,Consumer,Electronics,USB-C Hub,South,Mobile App,1,11947.24,0,No,4.6,7,UPI
ORD-101037,09-01-2024 00:00,CUST-11528,Small Business,Beauty,Skin Serum,North,Mobile App,1,3202.34,20,No,4,2,Debit Card
ORD-102589,07-07-2024 18:00,CUST-11775,Consumer,Fashion,Running Shoes,North,Mobile App,1,2979.84,25,No,5,2,UPI
ORD-103801,13-11-2024 15:00,CUST-11403,Small Business,Fashion,Running Shoes,South,Marketplace,3,3610.25,15,No,4.4,2,Credit Card
ORD-101565,05-09-2024 03:00,CUST-11847,Small Business,Fashion,Casual Shirt,Central,Mobile App,2,4565.5,10,Yes,4.8,6,Net Banking
ORD-100244,09-12-2024 07:00,CUST-10505,Consumer,Electronics,Smart Watch,Central,Mobile App,1,19093.41,10,No,3.6,4,Debit Card
ORD-105943,21-12-2024 08:00,CUST-11788,Small Business,Beauty,Skin Serum,East,Marketplace,1,1259.13,5,Yes,2.8,3,Wallet
ORD-105212,09-09-2024 07:00,CUST-11854,Consumer,Fashion,Hoodie,East,Marketplace,2,3289.78,5,No,3.9,4,Credit Card
ORD-101984,14-12-2024 00:00,CUST-11387,Consumer,Home & Kitchen,Desk Lamp,South,Website,3,11737.44,5,No,4.1,3,Credit Card
ORD-105161,15-01-2024 04:00,CUST-11083,Consumer,Fashion,Backpack,Central,Mobile App,2,3991.22,20,No,2.9,5,UPI
ORD-100877,10-02-2025 21:00,CUST-10759,Consumer,Books,Fiction Novel,East,Website,1,528.9,10,No,4.9,3,Credit Card
ORD-100132,19-02-2024 10:00,CUST-10190,Small Business,Electronics,Bluetooth Speaker,South,Mobile App,1,8010.26,25,No,4.6,5,Credit Card
ORD-103099,28-05-2024 23:00,CUST-11507,Consumer,Electronics,USB-C Hub,North,Mobile App,3,5769.4,5,Yes,3.6,2,UPI
ORD-103249,03-08-2024 19:00,CUST-11116,Consumer,Home & Kitchen,Storage Set,Central,Mobile App,4,1881.87,15,No,3.4,1,Net Banking
ORD-102311,06-02-2024 20:00,CUST-11140,Enterprise,Electronics,Bluetooth Speaker,Central,Marketplace,1,4908.54,0,No,4.3,4,Credit Card
ORD-100685,13-03-2025 07:00,CUST-10603,Consumer,Electronics,Power Bank,South,Marketplace,1,10836.3,10,No,3.9,6,Debit Card
ORD-100982,25-10-2024 16:00,CUST-10375,Consumer,Fashion,Backpack,West,Website,1,4622.29,15,No,4.5,4,Wallet
ORD-103789,21-06-2024 17:00,CUST-10556,Small Business,Beauty,Body Lotion,West,Mobile App,6,3977.7,10,No,3.9,5,Debit Card
ORD-103054,06-03-2025 01:00,CUST-10191,Small Business,Electronics,Power Bank,West,Mobile App,1,19058.47,5,No,4.6,4,UPI
ORD-103035,06-06-2025 00:00,CUST-10980,Consumer,Books,Leadership Book,West,Website,1,263.52,0,No,3.1,5,Credit Card
ORD-103558,01-04-2024 15:00,CUST-11450,Consumer,Books, Data Analytics Guide ,East,Mobile App,3,336.5,15,No,3.9,5,UPI
ORD-100050,18-02-2025 22:00,CUST-11412,Enterprise,Books,Data Analytics Guide,East,Website,6,1031.94,5,No,4.4,4,Debit Card
ORD-104898,17-02-2025 06:00,CUST-11891,Enterprise,Books,Fiction Novel,South,Website,1,1698.64,5,No,5,2,Wallet
ORD-104563,12-04-2024 17:00,CUST-11141,Consumer,Home & Kitchen,Desk Lamp,North,Mobile App,1,6351.62,0,No,4.2,3,Debit Card
ORD-104493,23-05-2024 00:00,CUST-11017,Consumer,Electronics,Bluetooth Speaker,North,Mobile App,2,15057.63,20,No,4.6,4,Credit Card
ORD-101802,05-09-2024 06:00,CUST-10460,Enterprise,Electronics,Bluetooth Speaker,Central,Mobile App,2,3583.56,20,Yes,5,4,UPI
ORD-104537,30-01-2025 00:00,CUST-10997,Consumer,Beauty,Face Wash,Central,Mobile App,1,4437.46,30,No,4.2,3,UPI
ORD-102522,24-04-2024 15:00,CUST-11826,Small Business,Home & Kitchen,Air Fryer,Central,Mobile App,2,2724.57,20,No,3.6,1,Debit Card
ORD-102129,24-06-2024 00:00,CUST-10258,Small Business,Books,Fiction Novel,East,Marketplace,1,699.86,10,No,5,5,Net Banking
ORD-101739,21-04-2024 14:00,,Consumer,Fashion,Sports Cap,West,Mobile App,1,3988.1,0,No,4.2,2,UPI
ORD-104094,08-06-2025 02:00,CUST-10227,Small Business,Fashion,Casual Shirt,East,Marketplace,4,5721.65,10,No,4.5,4,Wallet
ORD-102395,24-12-2024 05:00,CUST-10199,Consumer,Home & Kitchen,Desk Lamp,East,Mobile App,10,3023.6,10,Yes,3.2,1,Debit Card
ORD-103488,29-08-2024 15:00,CUST-10617,Small Business,Electronics,Power Bank,North,Marketplace,1,8521.83,0,No,,4,Credit Card
ORD-105984,17-03-2024 13:00,CUST-10579,Consumer,Fashion,Backpack,Central,Website,4,4061.62,15,No,4.9,4,UPI
ORD-103804,13-01-2024 03:00,CUST-10180,Consumer,Books,Leadership Book,North,Mobile App,1,1391.59,10,No,4,1,UPI
ORD-103889,26-03-2025 03:00,CUST-10266,Consumer,Fashion,Sports Cap,North,Website,5,1054.21,10,No,3.6,3,Net Banking
ORD-101577,12-03-2025 09:00,CUST-11404,Consumer,Electronics,Bluetooth Speaker,North,Mobile App,2,21690.41,15,No,5,4,Debit Card
ORD-103827,27-10-2024 01:00,CUST-10470,Consumer,Books,Leadership Book,West,Website,1,1611.01,5,No,2.9,4,Credit Card
ORD-104022,23-10-2024 03:00,CUST-11572,Consumer,Home & Kitchen,Storage Set,West,Mobile App,5,11401.63,0,No,3.2,4,Debit Card
ORD-103624,30-03-2025 13:00,CUST-10658,Consumer,Electronics,Smart Watch,North,Marketplace,6,1990.2,5,No,3.9,4,UPI
ORD-103524,07-06-2024 21:00,CUST-10850,Consumer,Home & Kitchen,Coffee Maker,North,Mobile App,4,7795.42,30,No,3.2,2,Credit Card
ORD-105504,17-10-2024 18:00,CUST-10270,Consumer,Fashion,Casual Shirt,South,Mobile App,6,2377.08,0,No,4.6,2,Credit Card
ORD-104487,18-05-2024 23:00,CUST-11748,Consumer,Electronics,Smart Watch,East,Mobile App,2,21664.72,20,No,3.8,5,Debit Card
ORD-104820,21-10-2024 12:00,CUST-11038,Consumer,Fashion,Running Shoes,North,Mobile App,1,2168.01,10,No,3.9,2,Credit Card
ORD-102108,02-06-2024 04:00,CUST-11646,Consumer,Fashion,Sports Cap,West,Mobile App,3,2614.87,15,No,3.2,2,Wallet
ORD-100500,03-03-2024 02:00,CUST-10837,Consumer,Home & Kitchen,Coffee Maker,East,Mobile App,1,8965.26,15,No,4.6,2,Debit Card
ORD-102132,10-10-2024 15:00,CUST-10339,Consumer,Electronics,Wireless Earbuds,North,Mobile App,4,18827.87,20,No,3.8,1,Debit Card
ORD-102428,16-02-2025 00:00,CUST-10890,Consumer,Books,Business Strategy,South,Mobile App,2,867.82,10,No,4.4,3,Credit Card
ORD-104355,25-03-2025 21:00,CUST-10931,Consumer,Home & Kitchen,Desk Lamp,South,Website,1,5149.72,5,No,3.4,3,Debit Card
ORD-102449,03-04-2024 21:00,CUST-11011,Consumer,Home & Kitchen,Desk Lamp,North,Marketplace,1,8901.22,20,No,4.5,5,UPI
ORD-101369,12-12-2024 11:00,CUST-10056,Small Business,Home & Kitchen,Air Fryer,North,Mobile App,2,7796.37,30,No,3.2,2,Credit Card
ORD-101784,01-02-2025 02:00,CUST-11928,Consumer,Books,Business Strategy,Central,Mobile App,1,1551.18,15,No,4.3,2,Debit Card
ORD-104911,20-10-2024 12:00,CUST-11830,Consumer,Electronics,Wireless Earbuds,South,Website,1,8957.54,0,Yes,3.7,4,Credit Card
ORD-103196,03-05-2024 05:00,CUST-10361,Consumer,Beauty,Face Wash,East,Mobile App,1,4704.39,10,No,4.2,2,Credit Card
ORD-103206,29-06-2025 14:00,CUST-11263,Small Business,Home & Kitchen,Coffee Maker,South,Website,1,7927.5,0,No,4.3,1,UPI
ORD-101315,12-06-2024 05:00,CUST-10757,Consumer,Fashion,Running Shoes,North,Mobile App,1,2130.67,10,No,5,2,UPI
ORD-104581,14-06-2025 18:00,CUST-10415,Enterprise,Beauty,Perfume,Central,Mobile App,5,4362.66,10,No,4,3,UPI
ORD-100266,01-09-2024 02:00,CUST-10080,Small Business,Electronics,Wireless Earbuds,South,Mobile App,1,11750.82,10,No,3.7,2,Credit Card
ORD-100174,15-01-2025 11:00,CUST-11013,Small Business,Fashion,Backpack,South,Marketplace,1,5728.43,5,No,4,4,Credit Card
ORD-100844,03-01-2024 23:00,CUST-10805,Small Business,Books,Data Analytics Guide,Central,Mobile App,1,528.23,20,No,3.9,2,Debit Card
ORD-100337,22-06-2024 04:00,CUST-11884,Consumer,Books,Business Strategy,West,Marketplace,3,1048.62,15,No,4.1,3,Credit Card
ORD-103183,01-02-2024 15:00,CUST-11088,Consumer,Fashion,Sports Cap,West,Website,1,3802.12,25,No,5,4,Net Banking
ORD-100563,09-04-2024 02:00,CUST-10318,Consumer,Electronics,Power Bank,East,Website,1,20754.77,20,No,4.4,4,Debit Card
ORD-104960,27-07-2024 10:00,CUST-10552,Small Business,Electronics,USB-C Hub,South,Website,2,20242.76,5,No,3.3,4,Credit Card
ORD-104215,26-06-2025 02:00,CUST-10248,Consumer,Electronics,USB-C Hub,North,Website,3,14984.17,10,No,4.7,2,Debit Card
ORD-104593,01-02-2025 18:00,CUST-10913,Consumer,Beauty,Body Lotion,West,Marketplace,3,1315.52,15,No,3.8,5,Credit Card
ORD-101884,03-12-2024 07:00,CUST-11007,Consumer,Books,Fiction Novel,Central,Mobile App,1,1030.6,20,No,3.6,2,Credit Card
ORD-100484,09-09-2024 19:00,CUST-10329,Small Business,Fashion,Backpack,South,Marketplace,4,3714.14,5,No,3.7,2,Net Banking
ORD-104108,06-10-2024 19:00,CUST-10493,Consumer,Home & Kitchen,Storage Set,South,Mobile App,4,10498.9,15,No,4.7,3,Credit Card
ORD-100060,18-05-2025 17:00,CUST-10897,Small Business,Fashion,Hoodie,East,Website,3,1140.75,0,No,4.4,3,Wallet
ORD-101777,29-03-2024 22:00,CUST-11304,Small Business,Electronics,Wireless Earbuds,West,Website,1,18730.12,5,No,3,2,Wallet
ORD-104097,21-03-2024 03:00,CUST-11424,Consumer,Home & Kitchen,Coffee Maker,Central,Mobile App,8,1430.75,5,No,4.2,3,Credit Card
ORD-102397,06-06-2024 20:00,CUST-11163,Consumer,Home & Kitchen,Desk Lamp, North ,Mobile App,8,2020.94,20,No,2.1,2,Wallet
ORD-103232,04-01-2025 10:00,CUST-11776,Small Business,Beauty,Skin Serum,Central,Website,1,1485.69,30,No,5,4,Wallet
ORD-101974,01-11-2024 07:00,CUST-11823,Consumer,Fashion,Backpack,North,Website,1,1435,0,No,3.5,2,Credit Card
ORD-103718,07-01-2025 12:00,CUST-11565,Consumer,Fashion,Running Shoes,Central,Website,2,3158.57,0,No,4.5,3,Wallet
ORD-100454,21-11-2024 22:00,CUST-10888,Consumer,Books,Business Strategy,Central,Mobile App,5,1068.53,15,No,4.2,3,Net Banking
ORD-105694,16-11-2024 17:00,CUST-11281,Small Business,Beauty,Skin Serum,South,Mobile App,3,2572.87,0,No,3.6,5,Net Banking
ORD-104378,31-03-2024 15:00,CUST-11588,Consumer,Home & Kitchen,Storage Set,North,Website,2,1081.8,5,No,4.1,3,Debit Card
ORD-101100,18-09-2024 22:00,CUST-11918,Consumer,Home & Kitchen,Water Bottle,Central,Marketplace,1,903.71,10,No,4.8,3,Credit Card
ORD-104309,24-11-2024 22:00,CUST-10128,Consumer,Home & Kitchen,Coffee Maker,North,Mobile App,3,11499.31,20,No,4.4,4,Debit Card
ORD-103222,27-02-2025 12:00,CUST-10146,Small Business,Fashion,Sports Cap,North,Mobile App,1,4242.03,15,No,5,1,UPI
ORD-104442,07-01-2025 20:00,CUST-11320,Consumer,Fashion,Hoodie,North,Mobile App,3,1743.99,20,No,3.7,3,UPI
ORD-104171,23-05-2024 20:00,CUST-11071,Consumer,Fashion,Sports Cap,West,Website,2,926.03,10,Yes,3.4,5,Credit Card
ORD-100288,23-10-2024 02:00,CUST-11797,Small Business,Electronics,USB-C Hub,North,Mobile App,1,20748.29,25,No,4.1,4,Net Banking
ORD-105116,19-05-2024 10:00,CUST-10493,Consumer,Fashion,Hoodie,North,Mobile App,5,2807.18,15,Yes,4,2,Debit Card
ORD-101373,17-08-2024 13:00,CUST-11905,Consumer,Electronics,Power Bank,North,Marketplace,3,15289.16,5,No,4.3,3,Net Banking
ORD-104675,20-07-2024 19:00,CUST-10951,Consumer,Fashion,Backpack,west,Marketplace,1,5559.87,25,Yes,3.7,4,UPI
ORD-104524,13-03-2025 02:00,CUST-11711,Consumer,Electronics,USB-C Hub,West,Marketplace,3,11228.19,5,No,3.7,4,Debit Card
ORD-100487,16-10-2024 19:00,CUST-10450,Consumer,Beauty,Skin Serum,Central,Mobile App,1,2328.08,15,No,3.8,3,Credit Card
ORD-105131,04-08-2024 06:00,CUST-10619,Small Business,Books,Fiction Novel,West,Mobile App,3,504.09,10,No,4.6,3,Credit Card
ORD-102698,11-03-2024 07:00,CUST-11280,Consumer,Books,Data Analytics Guide,West,Website,6,965.77,5,No,4.4,1,Credit Card
ORD-102064,17-11-2024 22:00,CUST-11822,Consumer,Books,SQL Handbook,East,Mobile App,2,927.25,5,No,4.6,4,Debit Card
ORD-101431,11-04-2024 02:00,CUST-10853,Consumer,Books,Fiction Novel,East,Website,5,925.37,5,No,5,3,Credit Card
ORD-101621,03-01-2024 04:00,CUST-11803,Consumer,Books,Data Analytics Guide,North,Mobile App,3,1106.45,15,No,3.5,4,UPI
ORD-101156,06-03-2024 14:00,CUST-11840,Consumer,Books,Fiction Novel,South,Mobile App,3,893.09,5,No,4.2,5,UPI
ORD-101944,26-07-2024 13:00,CUST-11115,Small Business,Fashion,Sports Cap,East,Marketplace,1,819.91,15,No,3.8,1,Wallet
ORD-101879,24-02-2024 19:00,CUST-11852,Consumer,Home & Kitchen,Desk Lamp,West,Website,3,4232.79,20,No,4,4,UPI
ORD-103138,12-09-2024 22:00,CUST-11202,Consumer,Electronics,Bluetooth Speaker,East,Marketplace,1,16910.19,0,No,4.8,4,Credit Card
ORD-100553,22-06-2024 15:00,CUST-11806,Small Business,Fashion,Sports Cap,South,Mobile App,3,3281.08,0,No,4.1,5,Wallet
ORD-105248,06-05-2025 18:00,CUST-10776,Small Business,Home & Kitchen,Air Fryer,North,Marketplace,1,4615.95,20,No,4.5,2,Credit Card
ORD-100643,19-09-2024 14:00,CUST-11704,Consumer,Electronics,Bluetooth Speaker,West,Mobile App,1,7055.39,15,No,4.2,3,Credit Card
ORD-103670,19-03-2024 15:00,CUST-11626,Small Business,Home & Kitchen,Air Fryer,East,Mobile App,1,9947.15,10,No,4.8,3,Credit Card
ORD-101796,16-06-2025 17:00,CUST-10468,Enterprise,Electronics,USB-C Hub,North,Marketplace,3,2205.57,5,No,3.5,5,UPI
ORD-100665,14-01-2025 09:00,CUST-10978,Consumer,Home & Kitchen,Coffee Maker,West,Website,2,5614.79,0,No,3.6,4,Credit Card
ORD-103109,08-05-2024 20:00,CUST-10062,Consumer,Fashion,Casual Shirt,North,Mobile App,1,5173.59,10,No,4.1,1,Debit Card
ORD-101047,24-11-2024 02:00,CUST-11307,Small Business,Electronics,USB-C Hub,East,Website,1,13905.3,5,No,3.3,3,Wallet
ORD-104052,21-02-2025 14:00,CUST-11028,Small Business,Home & Kitchen,Storage Set,North,Mobile App,2,11783.34,0,No,4,2,Credit Card
ORD-101371,06-07-2024 10:00,CUST-11302,Small Business,Electronics,Wireless Earbuds,East,Mobile App,6,11835.52,0,No,3.2,2,Debit Card
ORD-102535,18-06-2025 09:00,CUST-11197,Consumer,Beauty,Skin Serum,West,Mobile App,2,3163.69,0,No,3.3,1,Wallet
ORD-100188,10-05-2024 09:00,CUST-11441,Consumer,Electronics,Wireless Earbuds,West,Marketplace,2,4266.72,25,No,2.5,4,Wallet
ORD-101872,25-11-2024 11:00,CUST-11920,Consumer,Fashion,Running Shoes,South,Mobile App,4,5419.49,5,No,5,5,Net Banking
ORD-103660,31-10-2024 08:00,CUST-11403,Consumer,Home & Kitchen,Air Fryer,Central,Marketplace,2,11626.61,20,No,4.3,5,UPI
ORD-102996,13-06-2024 17:00,CUST-10270,Small Business,Fashion,Sports Cap,East,Marketplace,5,3691.32,15,No,4.6,4,Debit Card
ORD-105375,01-01-2025 14:00,CUST-11182,Consumer,Fashion,Hoodie,East,Website,2,4516.52,5,No,2.9,2,Debit Card
ORD-103786,06-04-2024 13:00,CUST-11561,Consumer,Home & Kitchen,Air Fryer,East,Website,1,11993.99,10,No,4.1,3,Net Banking
ORD-100797,07-09-2024 09:00,CUST-11782,Consumer,Beauty,Body Lotion,Central,Marketplace,1,482.88,15,No,3.4,2,UPI
ORD-100117,17-03-2024 08:00,CUST-10694,Small Business,Fashion,Running Shoes,North,Website,1,4456.08,15,No,3.3,2,UPI
ORD-104133,01-10-2024 08:00,CUST-10093,Consumer,Home & Kitchen,Water Bottle,East,Marketplace,1,2791.7,5,No,3.8,4,Wallet
ORD-100282,01-01-2025 11:00,CUST-10460,Consumer,Electronics,Wireless Earbuds,Central,Website,6,21093.74,20,No,4.2,1,Debit Card
ORD-100679,26-05-2025 01:00,CUST-11053,Small Business,Electronics,Bluetooth Speaker,East,Website,3,13114.54,25,No,5,5,Wallet
ORD-105596,18-10-2024 13:00,CUST-10336,Consumer,Fashion,Casual Shirt,West,Mobile App,2,779.43,20,No,5,5,UPI
ORD-103226,12-11-2024 01:00,CUST-11096,Consumer,Home & Kitchen,Air Fryer,Central,Mobile App,2,4103.21,5,No,3.8,5,UPI
ORD-102339,20-02-2024 15:00,CUST-11121,Small Business,Electronics,Wireless Earbuds,North,Website,1,10092.65,10,No,4.8,2,Credit Card
ORD-102671,12-04-2025 05:00,CUST-10922,Consumer,Books,SQL Handbook,South,Marketplace,1,552.54,10,No,3.9,2,Credit Card
ORD-100687,20-11-2024 04:00,CUST-10647,Consumer,Books,Data Analytics Guide,West,Mobile App,3,709.49,5,No,4.7,3,UPI
ORD-101642,01-09-2024 04:00,CUST-11121,Consumer,Home & Kitchen,Water Bottle,Central,Mobile App,1,5173.14,0,No,3.8,6,Debit Card
ORD-105965,24-02-2024 08:00,CUST-11680,Small Business,Electronics,USB-C Hub,East,Mobile App,3,16936.14,15,No,4.6,4,
ORD-105089,15-10-2024 01:00,CUST-11255,Small Business,Electronics,Bluetooth Speaker,Central,Mobile App,1,15383.68,30,No,3.9,3,Credit Card
ORD-100745,17-07-2024 20:00,CUST-10458,Consumer,Fashion,Casual Shirt,South,Website,5,934.22,20,No,4.4,2,Credit Card
ORD-103019,10-02-2025 21:00,CUST-11150,Consumer,Books,Leadership Book,West,Mobile App,1,788.21,15,No,3.4,1,Credit Card
ORD-101527,16-03-2024 11:00,CUST-10891,Small Business,Fashion,Hoodie,West,Website,3,1082.68,15,Yes,5,5,Net Banking
ORD-104869,15-01-2025 17:00,CUST-10025,Small Business,Fashion,Backpack,North,Mobile App,3,4040.44,0,No,4.5,5,UPI
ORD-102773,20-01-2025 09:00,CUST-11388,Consumer,Fashion,Casual Shirt,East,Mobile App,5,2146.93,5,Yes,4,3,UPI
ORD-103602,25-03-2024 16:00,CUST-10515,Consumer,Electronics,Power Bank,East,Marketplace,5,15409.01,15,No,3.3,2,Credit Card
ORD-103255,13-04-2024 02:00,CUST-11196,Consumer,Books,Business Strategy,Central,Website,1,359.9,20,No,4.8,3,Credit Card
ORD-103432,23-04-2024 07:00,CUST-10851,Small Business,Electronics,Wireless Earbuds,West,Website,1,20529.37,10,No,4.6,2,Credit Card
ORD-101451,23-01-2024 10:00,CUST-11909,Enterprise,Books,SQL Handbook,West,Marketplace,1,1229.17,0,No,3.5,4,Net Banking
ORD-105706,12-08-2024 18:00,CUST-10139,Consumer,Electronics,Smart Watch,West,Website,1,12523.57,25,No,3.8,3,UPI
ORD-101584,13-12-2024 02:00,CUST-11047,Consumer,Fashion,Hoodie,South,Website,1,3373.78,10,No,5,1,Wallet
ORD-103165,07-08-2024 07:00,CUST-11475,Consumer,Fashion,Backpack,North,Mobile App,2,1574.98,0,No,4.7,1,Wallet
ORD-104987,19-05-2025 03:00,CUST-10926,Consumer,Books,Business Strategy,North,Mobile App,1,970.48,0,No,3.9,3,Credit Card
ORD-105295,03-12-2025 03:00,CUST-10475,Enterprise,Home & Kitchen,Coffee Maker,North,Website,3,11359.27,0,No,3,3,UPI
ORD-105160,26-07-2024 22:00,CUST-11065,Consumer,Home & Kitchen,Coffee Maker,South,Website,1,9656.09,10,Yes,3.8,3,Wallet
ORD-102942,20-02-2025 15:00,CUST-10677,Small Business,Electronics,bluetooth speaker,South,Mobile App,6,14704.59,5,No,4.3,3,Credit Card
ORD-101529,16-05-2025 17:00,CUST-10002,Consumer,Fashion,Backpack,Central,Marketplace,3,3783.21,5,No,3.6,5,Debit Card
ORD-104246,29-05-2024 01:00,CUST-10103,Small Business,Books,SQL Handbook,South,Mobile App,1,1079.04,20,No,4.1,1,Debit Card
ORD-104136,15-06-2025 19:00,CUST-11927,Consumer,Electronics,Bluetooth Speaker,West,Website,8,19315.04,5,No,2.9,1,Credit Card
ORD-103272,22-12-2024 08:00,CUST-11453,Enterprise,Fashion,Casual Shirt,South,Website,4,868.42,10,Yes,4.9,2,Debit Card
ORD-104547,05-04-2025 00:00,CUST-11025,Small Business,Electronics,Bluetooth Speaker,Central,Website,1,11238.78,10,No,4.9,4,Credit Card
ORD-100384,18-01-2024 10:00,CUST-11843,Consumer,Electronics,Power Bank,Central,Marketplace,2,12944.81,15,No,4.9,2,Credit Card
ORD-103193,14-04-2024 19:00,CUST-10429,Consumer,Home & Kitchen,Coffee Maker,North,Website,2,3981.87,5,No,5,5,UPI
ORD-101626,11-11-2024 12:00,CUST-10548,Consumer,Beauty,Body Lotion,Central,Mobile App,3,3654.69,10,No,3.7,4,Credit Card
ORD-102563,11-08-2024 03:00,,Consumer,Electronics,Power Bank,South,Mobile App,10,17479.34,5,Yes,3.3,2,Wallet
ORD-105033,20-03-2024 15:00,CUST-11629,Consumer,Home & Kitchen,Water Bottle,West,Website,1,6730.68,10,No,3.6,3,UPI
ORD-101375,07-06-2025 18:00,CUST-10842,Small Business,Electronics,Power Bank,Central,Website,2,20075.75,10,No,4,5,Wallet
ORD-102581,09-09-2024 04:00,CUST-10267,Consumer,Home & Kitchen,Coffee Maker,East,Website,2,4217.83,10,No,4.4,6,Wallet
ORD-105030,22-06-2024 04:00,CUST-10900,Consumer,Fashion,Casual Shirt,North,Website,8,4602.49,10,No,3.9,4,UPI
ORD-101804,10-03-2024 21:00,CUST-11718,Consumer,Beauty,Hair Dryer,East,Website,1,3069.97,10,No,4,4,UPI
ORD-104411,16-11-2024 20:00,CUST-10034,Consumer,Beauty,Face Wash,East,Website,4,3859.35,10,No,4.1,4,UPI
ORD-103057,21-03-2024 12:00,CUST-10104,Consumer,Fashion,Running Shoes,East,Website,1,5002.14,0,No,2.9,1,UPI
ORD-104477,20-07-2024 03:00,CUST-11795,Consumer,Electronics,Smart Watch,West,Mobile App,2,11159.35,0,No,4.1,4,UPI
ORD-104841,08-03-2024 14:00,CUST-11421,Consumer,Electronics,Smart Watch,Central,Marketplace,5,9579.28,10,No,3.7,3,Wallet
ORD-105759,01-01-2024 12:00,CUST-11845,Consumer,Electronics,Smart Watch,East,Mobile App,4,1851.97,30,No,3.6,3,Credit Card
ORD-103477,17-10-2024 02:00,CUST-10493,Consumer,Home & Kitchen,Desk Lamp,North,Marketplace,1,9707.82,10,No,3.9,2,UPI
ORD-101504,22-11-2024 05:00,CUST-10595,Consumer,Electronics,Bluetooth Speaker,North,Mobile App,6,3851.18,10,No,2.7,2,Credit Card
ORD-102889,16-04-2024 13:00,CUST-10118,Consumer,Electronics,USB-C Hub,Central,Marketplace,3,10716.25,15,No,4.1,4,UPI
ORD-101358,26-02-2024 06:00,CUST-10687,Consumer,Home & Kitchen,Air Fryer,North,Website,4,5319,15,Yes,3.7,2,Debit Card
ORD-105546,25-03-2024 04:00,CUST-11859,Consumer,Beauty,Perfume,West,Marketplace,1,1168.79,15,No,2.7,3,UPI
ORD-104042,18-02-2025 20:00,CUST-11652,Small Business,Electronics,USB-C Hub,East,Mobile App,1,5161.02,15,No,3.7,5,UPI
ORD-105368,29-12-2024 05:00,CUST-11101,Consumer,Home & Kitchen,Air Fryer,South,Marketplace,5,7429.29,10,No,4.9,1,Debit Card
ORD-101030,23-09-2024 05:00,CUST-10212,Consumer,Fashion,Backpack,Central,Website,3,534.43,20,No,5,4,Debit Card
ORD-103290,08-08-2024 08:00,CUST-10652,Consumer,Fashion,Running Shoes,East,Marketplace,5,4480.93,10,No,3.5,3,Debit Card
ORD-102161,13-05-2024 08:00,CUST-10552,Consumer,Books,Fiction Novel,South,Marketplace,1,1217.65,10,No,4.3,5,Net Banking
ORD-100088,23-02-2025 06:00,CUST-10305,Consumer,Fashion,Running Shoes,North,Website,2,901.51,5,No,4.1,4,Wallet
ORD-105895,11-03-2025 22:00,CUST-11715,Consumer,Electronics,USB-C Hub,North,Marketplace,2,20842.22,5,No,4.1,5,UPI
ORD-101609,09-03-2024 19:00,CUST-11103,Enterprise,Books,Data Analytics Guide,South,Website,1,713.15,10,No,3.8,2,Debit Card
ORD-102769,07-06-2025 11:00,CUST-11284,Small Business,Beauty,Body Lotion,South,Mobile App,4,1767.94,25,No,4.1,2,Wallet
ORD-102739,06-07-2024 21:00,CUST-11231,Consumer,Home & Kitchen,Water Bottle,Central,Marketplace,1,9549.26,0,No,5,5,Wallet
ORD-100021,21-07-2024 11:00,CUST-10189,Consumer,Beauty,Hair Dryer,North,Mobile App,4,2385.33,5,No,4,3,Credit Card
ORD-102146,06-04-2024 08:00,CUST-10966,Consumer,Books,Data Analytics Guide,Central,Marketplace,3,817.1,0,No,4.8,6,Wallet
ORD-101952,09-02-2024 04:00,CUST-11428,Consumer,Electronics,USB-C Hub,North,Marketplace,2,19933.59,20,No,4.4,3,Credit Card
ORD-105000,18-04-2024 01:00,CUST-10841,Consumer,Fashion,Casual Shirt,North,Marketplace,5,3772.21,15,No,4.8,3,Credit Card
ORD-103422,23-11-2024 23:00,CUST-11792,Enterprise,Fashion,Sports Cap,South,Marketplace,1,3485.59,10,No,3.9,4,Net Banking
ORD-105910,17-04-2024 06:00,CUST-10763,Consumer,Home & Kitchen,Desk Lamp,South,Website,10,9169.1,5,No,3.9,1,Net Banking
ORD-105573,10-01-2025 01:00,CUST-11060,Consumer,Home & Kitchen,Desk Lamp,South,Marketplace,3,9646.27,10,No,4.5,5,Credit Card
ORD-102272,11-06-2024 03:00,CUST-11726,Consumer,Beauty,Skin Serum,Central,Mobile App,1,4441.52,5,No,4.8,2,Net Banking
ORD-104323,24-05-2024 19:00,CUST-11153,Small Business,Books,Leadership Book,West,Website,1,1195.36,20,No,4.2,2,UPI
ORD-101631,04-05-2025 23:00,CUST-11792,Consumer,Home & Kitchen,Air Fryer,North,Mobile App,8,10325.69,20,No,4.3,4,UPI
ORD-100514,07-06-2025 17:00,CUST-10347,Enterprise,Books,Data Analytics Guide,west,Mobile App,2,1039.44,20,No,5,3,UPI
ORD-104481,11-06-2024 02:00,CUST-10541,Small Business,Books,Leadership Book,West,Mobile App,2,1527.05,20,No,3.3,4,
ORD-101585,22-06-2024 10:00,CUST-10421,Consumer,Beauty,Face Wash,North,Mobile App,2,4837.74,25,No,3.9,1,UPI
ORD-105872,06-02-2025 20:00,CUST-11635,Consumer,Electronics,Wireless Earbuds,North,Mobile App,10,8257.03,10,No,4.9,5,UPI
ORD-102491,24-05-2024 14:00,CUST-10878,Small Business,Fashion,Casual Shirt,North,Marketplace,2,4377.6,10,No,3.4,2,Wallet
ORD-102952,26-05-2025 12:00,CUST-11341,Consumer,Home & Kitchen,Storage Set,West,Mobile App,6,5754.49,20,No,3,4,Credit Card
ORD-103985,04-07-2024 12:00,CUST-11900,Consumer,Fashion,Backpack,South,Marketplace,1,1346.87,30,No,4.6,4,UPI
ORD-102331,15-04-2025 00:00,CUST-11355,Consumer,Beauty,Perfume,East,Mobile App,1,3188.76,20,Yes,3.9,5,Wallet
ORD-104658,17-08-2024 14:00,CUST-10530,Small Business,Electronics,Power Bank,North,Mobile App,2,14234.32,25,No,3.7,5,Debit Card
ORD-101972,07-01-2025 07:00,CUST-10784,Consumer,Home & Kitchen,Desk Lamp,West,Website,5,777.62,5,No,4.7,2,UPI
ORD-104539,19-04-2025 16:00,CUST-10672,Consumer,Electronics,Wireless Earbuds,North,Marketplace,8,3453.39,5,No,3.9,3,UPI
ORD-102239,28-04-2025 03:00,CUST-11415,Small Business,Fashion,Hoodie,North,Website,2,553.53,15,No,3.3,2,UPI
ORD-100347,26-05-2025 02:00,CUST-10413,Consumer,Fashion,Running Shoes,Central,Marketplace,3,1357.27,25,No,3.1,4,Wallet
ORD-104268,25-01-2024 12:00,,Consumer,Books,Data Analytics Guide,North,Mobile App,2,1517.06,5,No,3.6,3,Debit Card
ORD-100522,15-04-2024 00:00,CUST-11767,Enterprise,Electronics,USB-C Hub,West,Marketplace,6,20723.66,20,No,3.5,3,Credit Card
ORD-103357,23-04-2025 16:00,CUST-11784,Consumer,Books,Business Strategy,Central,Marketplace,3,727.31,20,No,3.7,2,Debit Card
ORD-102946,17-11-2024 12:00,CUST-10648,Consumer,Electronics,Smart Watch,Central,Website,2,1474.08,10,No,3.9,3,Credit Card
ORD-100535,24-03-2024 21:00,CUST-10255,Consumer,Beauty,Perfume,North,Website,1,4778.97,5,Yes,3.5,4,Debit Card
ORD-103790,02-03-2024 03:00,CUST-10370,Consumer,Home & Kitchen,Desk Lamp,South,Website,2,8696.95,30,No,3.8,2,UPI
ORD-102814,19-04-2024 03:00,CUST-10208,Consumer,Fashion,Backpack,South,Marketplace,2,1034.69,25,No,,3,UPI
ORD-105774,25-09-2024 23:00,CUST-11100,Enterprise,Fashion,Sports Cap,North,Mobile App,1,4907.3,5,Yes,3.9,4,UPI
ORD-105495,11-04-2024 22:00,CUST-10354,Consumer,Fashion,Running Shoes,North,Mobile App,1,1939.78,5,No,3.6,3,UPI
ORD-105625,13-01-2025 16:00,CUST-10810,Consumer,Electronics,Power Bank,West,Website,5,15964.41,0,No,3.5,4,Credit Card
ORD-100297,27-08-2024 15:00,CUST-10621,Small Business,Home & Kitchen,Coffee Maker,South,Mobile App,1,962.67,20,No,4,2,UPI
ORD-103791,06-04-2024 15:00,CUST-11905,Consumer,Home & Kitchen,Water Bottle,East,Marketplace,2,10718.43,10,No,3.7,5,Wallet
ORD-103884,29-03-2024 15:00,CUST-10101,Small Business,Books,SQL Handbook,East,Mobile App,1,1300.25,15,No,3.2,3,Net Banking
ORD-101882,07-04-2024 02:00,CUST-10623,Consumer,Fashion,Sports Cap,West,Mobile App,1,3131.77,0,No,4,4,Credit Card
ORD-100596,12-11-2024 08:00,CUST-10193,Consumer,Books,Business Strategy,East,Website,1,1733.16,15,No,4.6,2,Credit Card
ORD-101968,03-04-2025 05:00,CUST-11029,Consumer,Electronics,Power Bank,West,Website,3,5915.73,5,No,4.2,2,Debit Card
ORD-105746,24-08-2024 13:00,CUST-11265,Consumer,Fashion,Backpack,East,Website,1,5569.85,30,No,4,7,UPI
ORD-104346,28-01-2024 03:00,CUST-10303,Consumer,Home & Kitchen,Water Bottle,East,Mobile App,3,5477.12,0,No,4.1,4,Net Banking
ORD-103188,02-02-2024 10:00,CUST-11106,Consumer,Fashion,Hoodie,North,Mobile App,2,1717.12,5,No,3.7,3,Wallet
ORD-101995,02-01-2024 06:00,CUST-11426,Enterprise,Electronics,Wireless Earbuds,East,Mobile App,4,6286.01,0,No,3.4,3,Wallet
ORD-103600,31-08-2024 03:00,CUST-10566,Consumer,Electronics,Wireless Earbuds,West,Website,1,6987.88,5,No,3.6,1,UPI
ORD-103178,27-04-2024 15:00,CUST-11507,Consumer,Home & Kitchen,Water Bottle,North,Mobile App,1,6967.65,15,No,3.5,3,Net Banking
ORD-102897,07-12-2024 19:00,CUST-10553,Consumer,Beauty,Face Wash,South,Marketplace,2,777.5,0,No,4.5,6,Debit Card
ORD-102689,20-06-2025 07:00,CUST-11748,Consumer,Books,Data Analytics Guide,West,Website,2,1602.04,15,No,3.9,1,Net Banking
ORD-100949,31-05-2024 20:00,CUST-10499,Small Business,Home & Kitchen,Coffee Maker,East,Mobile App,4,10201.06,0,No,4.5,2,Debit Card
ORD-100065,26-06-2024 21:00,CUST-10773,Small Business,Home & Kitchen,Coffee Maker,North,Mobile App,3,5514.61,20,No,4.1,5,Credit Card
ORD-105677,21-07-2024 23:00,CUST-11103,Consumer,Fashion,Casual Shirt,West,Mobile App,1,3723.89,15,No,3.7,3,Debit Card
ORD-100864,07-04-2025 00:00,CUST-11447,Consumer,Books,Leadership Book,South,Marketplace,4,1201.4,10,No,3.7,3,Debit Card
ORD-103549,14-12-2024 15:00,CUST-11110,Consumer,Electronics,Wireless Earbuds,Central,Mobile App,2,15802.4,15,No,3.3,1,Net Banking
ORD-101690,25-02-2025 15:00,CUST-10696,Enterprise,Home & Kitchen,Storage Set,South,Website,3,545.81,10,No,4,7,Wallet
ORD-104444,06-02-2025 16:00,CUST-11899,Consumer,Electronics,Power Bank,West,Marketplace,2,5239.1,0,No,3.8,3,Debit Card
ORD-100490,24-05-2025 13:00,CUST-10462,Small Business,Fashion,Running Shoes,East,Mobile App,1,500.69,15,No,3.8,3,Debit Card
ORD-104494,16-06-2024 18:00,CUST-10096,Consumer,Books,SQL Handbook,Central,Website,10,419.76,0,No,5,4,Debit Card
ORD-104851,31-01-2025 06:00,CUST-10008,Small Business,Beauty,Body Lotion,South,Marketplace,2,2822.69,30,No,4,2,Debit Card
ORD-104941,31-08-2024 16:00,CUST-11212,Consumer,Home & Kitchen,Coffee Maker,North,Website,1,7285.04,0,No,4.2,4,Credit Card
ORD-100676,13-11-2024 03:00,CUST-11819,Small Business,Home & Kitchen,Air Fryer,Central,Website,2,1580.28,0,No,4.4,4,Net Banking
ORD-103518,05-01-2025 05:00,CUST-11790,Consumer,Electronics,Bluetooth Speaker,East,Website,1,5980.27,25,No,4.4,8,Debit Card
ORD-100133,01-11-2024 08:00,CUST-10702,Consumer,Electronics,Bluetooth Speaker,West,Mobile App,1,17855.45,0,No,4,4,Debit Card
ORD-104377,23-05-2024 20:00,CUST-10948,Consumer,Books,Data Analytics Guide,North,Mobile App,4,716.7,5,No,3.8,3,Wallet
ORD-100976,22-02-2024 00:00,CUST-11292,Consumer,Electronics,Wireless Earbuds,North,Website,1,15133.24,15,No,4.1,4,Credit Card
ORD-100283,24-09-2024 22:00,CUST-11174,Small Business,Electronics,Power Bank,North,Website,2,6943.71,5,No,4.3,6,Debit Card
ORD-100369,25-02-2025 13:00,CUST-10115,Consumer,Home & Kitchen,Desk Lamp,West,Mobile App,1,3200.56,15,No,4,4,Net Banking
ORD-102033,05-01-2025 06:00,CUST-10063,Consumer,Fashion,Casual Shirt,South,Mobile App,1,3125.86,15,No,4.1,3,Debit Card
ORD-103563,10-03-2025 23:00,CUST-11506,Consumer,Books,Leadership Book,East,Mobile App,1,1674.05,15,No,4.1,2,UPI
ORD-100208,23-05-2024 21:00,CUST-11432,Small Business,Electronics,USB-C Hub,West,Mobile App,1,8099.61,5,No,3.3,4,UPI
ORD-101444,17-03-2024 06:00,CUST-10154,Consumer,Electronics,Wireless Earbuds,North,Mobile App,1,9605.4,10,No,3.5,2,Net Banking
ORD-101660,04-12-2024 08:00,CUST-10528,Consumer,Fashion,Hoodie,North,Website,2,3855.19,0,No,4.8,3,UPI
ORD-100136,25-11-2024 04:00,CUST-10649,Consumer,Beauty,Body Lotion,West,Mobile App,1,2531.48,0,No,4.7,3,Net Banking
ORD-103716,10-07-2024 00:00,CUST-11313,Enterprise,Beauty,Perfume,Central,Website,1,724.89,25,No,3.6,5,Credit Card
ORD-104070,23-02-2024 01:00,CUST-10954,Consumer,Fashion,Hoodie,East,Mobile App,2,722.55,30,No,5,3,Net Banking
ORD-104145,01-06-2024 14:00,CUST-11702,Enterprise,Beauty,Perfume,East,Website,1,1284.96,20,No,3.9,3,Debit Card
ORD-102360,20-12-2024 04:00,CUST-10879,Consumer,Fashion,Backpack,Central,Mobile App,1,1374.37,10,No,3,5,Credit Card
ORD-101637,05-12-2024 12:00,CUST-10956,Consumer,Fashion,Hoodie,Central,Website,5,1933.38,10,No,4.1,3,UPI
ORD-101254,20-12-2024 20:00,CUST-10165,Small Business,Beauty,Face Wash,Central,Marketplace,1,3594.04,5,No,3.8,3,Credit Card
ORD-103658,01-07-2024 20:00,CUST-11717,Consumer,Beauty,Perfume,West,Marketplace,2,3479.44,20,No,3.7,3,UPI
ORD-100156,09-03-2024 22:00,CUST-10432,Consumer,Electronics,Smart Watch,North,Website,3,18780.36,15,No,5,4,Wallet
ORD-102372,03-02-2024 09:00,CUST-10785,Consumer,Electronics,Smart Watch,south,Mobile App,1,20451.81,15,No,2.4,3,Credit Card
ORD-103063,10-03-2024 11:00,CUST-11339,Consumer,Home & Kitchen,Air Fryer,East,Website,2,2529.33,25,No,4.9,4,Debit Card
ORD-104159,17-01-2024 23:00,CUST-10895,Small Business,Electronics,Smart Watch,South,Mobile App,3,21163.83,0,No,3.3,1,Debit Card
ORD-100274,16-08-2024 07:00,CUST-11066,Consumer,Fashion,Sports Cap,South,Mobile App,1,4545.5,10,No,3.4,7,Credit Card
ORD-100351,25-01-2024 12:00,CUST-11656,Consumer,Electronics,Power Bank,East,Mobile App,4,11668.54,10,No,4.8,6,Credit Card
ORD-104731,09-01-2025 03:00,CUST-10061,Consumer,Home & Kitchen,Water Bottle,East,Website,4,6614.34,10,No,4,3,Debit Card
ORD-101851,18-05-2024 06:00,CUST-11480,Consumer,Beauty,Perfume,South,Mobile App,4,2564.51,5,No,3.7,3,UPI
ORD-100317,31-01-2025 23:00,CUST-10312,Consumer,Electronics,Bluetooth Speaker,South,Website,8,12289.39,0,No,3.9,3,UPI
ORD-105357,11-02-2025 03:00,CUST-10854,Consumer,Electronics,USB-C Hub,Central,Website,2,12174.87,15,No,3.1,1,Debit Card
ORD-104056,07-04-2025 10:00,CUST-11677,Consumer,Books,Data Analytics Guide,South,Mobile App,6,1638.37,5,No,5,1,Debit Card
ORD-104075,13-01-2024 03:00,CUST-11597,Consumer,Home & Kitchen,Storage Set,South,Mobile App,2,6081.44,10,No,4,3,Debit Card
ORD-100322,01-12-2024 14:00,CUST-11584,Small Business,Fashion,Sports Cap,North,Website,4,1070.44,15,No,4.6,5,Wallet
ORD-100164,16-08-2024 05:00,CUST-10797,Consumer,Fashion,Sports Cap,North,Marketplace,1,887.23,15,No,4.5,4,Wallet
ORD-102501,24-02-2024 12:00,CUST-10899,Consumer,Fashion,Casual Shirt,Central,Marketplace,1,5605.37,15,Yes,4.3,3,UPI
ORD-101169,15-05-2025 21:00,CUST-10817,Consumer,Home & Kitchen,Water Bottle,East,Website,2,3123.26,5,No,3.2,2,Credit Card
ORD-102030,30-10-2024 11:00,CUST-11929,Consumer,Electronics,Power Bank,North,Marketplace,1,9333.61,15,No,4.1,5,UPI
ORD-101426,01-01-2025 17:00,CUST-10123,Consumer,Electronics,USB-C Hub,Central,Website,4,21445.45,15,No,4.8,5,Credit Card
ORD-100360,06-04-2025 18:00,CUST-11932,Consumer,Home & Kitchen,Storage Set,South,Mobile App,2,1096.93,15,No,4,5,Net Banking
ORD-103004,19-01-2025 21:00,CUST-11495,Consumer,Electronics,Power Bank,Central,Mobile App,3,11464.37,0,No,3.6,1,Credit Card
ORD-103538,15-10-2024 06:00,CUST-10939,Small Business,Fashion,Running Shoes,Central,Website,1,3738.71,10,Yes,5,3,Credit Card
ORD-103307,14-03-2024 17:00,CUST-10178,Consumer,Beauty,Face Wash,West,Website,1,4218.53,0,No,3.9,4,UPI
ORD-103603,06-12-2024 11:00,CUST-10082,Consumer,Electronics,Bluetooth Speaker,South,Website,1,1763.94,5,No,4.2,2,Debit Card
ORD-104400,25-07-2024 23:00,CUST-11455,Consumer,Fashion,Sports Cap,North,Website,2,5429.38,15,No,4.4,2,UPI
ORD-104811,15-05-2024 00:00,CUST-10035,Consumer,Fashion,Backpack,West,Mobile App,3,5648.42,0,Yes,4.1,4,Debit Card
ORD-103142,03-09-2024 10:00,CUST-11054,Small Business,Electronics,USB-C Hub,East,Mobile App,5,2162.45,20,No,3.5,3,
ORD-102869,22-04-2024 09:00,CUST-10254,Consumer,Electronics,Bluetooth Speaker,West,Website,10,7404.7,15,No,2.5,4,Wallet
ORD-104243,18-01-2024 21:00,CUST-11640,Small Business,Beauty,Hair Dryer,Central,Website,1,319.51,15,No,3.7,2,UPI
ORD-103998,03-02-2025 07:00,CUST-10793,Consumer,Books,Business Strategy,Central,Website,2,1410.59,5,No,5,2,Debit Card
ORD-104975,14-03-2025 07:00,CUST-11226,Consumer,Books,SQL Handbook,West,Marketplace,3,481.7,15,No,5,5,Wallet
ORD-101073,13-10-2024 17:00,CUST-11457,Consumer,Electronics,Power Bank,South,Website,10,6258.54,10,No,3.3,5,Debit Card
ORD-104555,28-04-2024 02:00,CUST-10717,Consumer,Books,Business Strategy,North,Website,1,383.51,5,No,3.7,1,Credit Card
ORD-101489,04-10-2024 11:00,CUST-10102,Consumer,Fashion,Sports Cap,Central,Mobile App,5,5955.69,15,No,5,5,Credit Card
ORD-103932,18-01-2025 19:00,CUST-10068,Small Business,Fashion,Backpack,West,Website,3,928.68,5,No,4,3,Debit Card
ORD-104197,08-03-2024 16:00,CUST-11248,Small Business,Books,Business Strategy,North,Mobile App,1,644.26,30,No,3.5,2,UPI
ORD-102251,28-10-2024 12:00,CUST-11854,Consumer,Electronics,Bluetooth Speaker,West,Website,6,6092.98,0,No,4,2,UPI
ORD-105739,20-01-2024 18:00,CUST-11843,Small Business,Fashion,Hoodie,West,Marketplace,1,3476.3,10,Yes,3.2,3,UPI
ORD-103218,22-06-2025 09:00,CUST-10494,Small Business,Electronics,Power Bank,West,Website,3,1214.38,20,No,4.2,1,Wallet
ORD-105241,24-04-2025 03:00,CUST-10400,Consumer,Books,Leadership Book,South,Marketplace,2,1188.82,20,No,3.8,1,Net Banking
ORD-103203,17-03-2024 11:00,CUST-11187,Consumer,Electronics,Smart Watch,West,Website,2,17435.34,5,No,4.2,1,Debit Card
ORD-100889,27-05-2024 20:00,CUST-10172,Consumer,Electronics,Smart Watch,West,Mobile App,4,10621.3,0,No,4.4,1,Debit Card
ORD-102836,11-06-2025 03:00,CUST-11752,Consumer,Books,SQL Handbook,South,Website,4,1169.2,10,No,4.4,4,Credit Card
ORD-100725,04-03-2024 22:00,CUST-10182,Consumer,Beauty,Body Lotion,East,Website,3,843.21,5,No,4.6,3,Debit Card
ORD-104153,17-06-2025 05:00,CUST-10020,Small Business,Fashion,Running Shoes,North,Mobile App,4,3174.07,0,No,3.4,4,UPI
ORD-103849,02-05-2024 12:00,CUST-10426,Consumer,Books,Data Analytics Guide,North,Website,1,1710.97,20,No,3.7,4,Debit Card
ORD-100155,27-12-2024 10:00,CUST-10469,Small Business,Home & Kitchen,Desk Lamp,East,Website,1,1695.04,0,No,4.2,6,Credit Card
ORD-100868,31-08-2024 20:00,CUST-10958,Consumer,Fashion,Sports Cap,North,Mobile App,1,1338.08,5,No,4.7,5,UPI
ORD-104957,22-07-2024 21:00,CUST-10289,Consumer,Electronics,Smart Watch,North,Mobile App,1,11052.95,10,No,4,5,Net Banking
ORD-102433,20-06-2024 20:00,CUST-10544,Consumer,Home & Kitchen,Desk Lamp,East,Website,5,10592.15,20,No,4.1,4,Credit Card
ORD-105360,23-12-2024 05:00,CUST-11714,Consumer,Electronics,Power Bank,East,Mobile App,1,20876.79,15,No,4.5,2,UPI
ORD-101233,13-02-2025 12:00,CUST-11860,Consumer,Beauty,Face Wash,Central,Mobile App,5,3351.14,10,No,4.9,7,Debit Card
ORD-102901,13-03-2025 03:00,CUST-11102,Consumer,Electronics,USB-C Hub,West,Website,2,9575.34,10,No,4,2,UPI
ORD-102275,19-08-2024 22:00,CUST-10328,Small Business,Beauty,Body Lotion,East,Marketplace,1,3655.44,25,No,3,3,Credit Card
ORD-102330,05-02-2024 13:00,,Consumer,Beauty,Body Lotion,North,Website,1,1355.48,30,No,3.9,5,Credit Card
ORD-102148,07-04-2025 16:00,CUST-10376,Consumer,Books,Fiction Novel,East,Website,1,1254.9,15,No,4.6,4,Credit Card
ORD-101088,21-12-2024 10:00,CUST-10051,Consumer,Electronics,Wireless Earbuds,East,Website,1,19138.66,5,No,3.4,5,Net Banking
ORD-103489,22-01-2025 16:00,CUST-10663,Small Business,Books,Leadership Book,West,Website,6,1639.37,25,No,2.3,4,Credit Card
ORD-100292,04-06-2025 19:00,CUST-10147,Small Business,Fashion,Backpack,West,Marketplace,5,1716.32,5,No,4.7,5,Debit Card
ORD-100977,08-11-2024 14:00,CUST-10304,Consumer,Electronics,Power Bank,North,Website,5,11599.97,0,No,3.6,6,Debit Card
ORD-102179,06-09-2024 05:00,CUST-10069,Small Business,Fashion,Backpack,Central,Website,3,945.04,15,No,4.2,5,Credit Card
ORD-103259,11-08-2024 21:00,CUST-11316,Consumer,Electronics,Smart Watch,East,Marketplace,1,4729.69,30,No,4.7,4,Debit Card
ORD-105028,18-01-2025 09:00,CUST-10907,Consumer,Books,SQL Handbook,South,Mobile App,3,1152.69,10,No,3.9,2,UPI
ORD-102438,06-04-2025 00:00,CUST-10429,Small Business,Books,Business Strategy,North,Mobile App,1,826.08,25,No,3.5,4,Wallet
ORD-104266,10-07-2024 18:00,CUST-11537,Consumer,Home & Kitchen,Coffee Maker,East,Marketplace,3,8144.76,0,No,2.8,1,Wallet
ORD-104438,07-07-2024 00:00,CUST-11297,Consumer,Electronics,Power Bank,South,Website,1,11275.88,30,No,3.8,2,Credit Card
ORD-105982,21-05-2025 18:00,CUST-11380,Small Business,Fashion,Casual Shirt,Central,Mobile App,2,5560.2,0,No,4.4,2,Wallet
ORD-105919,14-05-2025 02:00,CUST-11045,Small Business,Beauty,Skin Serum,South,Mobile App,2,1910.72,10,No,3.5,3,UPI
ORD-100933,20-12-2024 12:00,CUST-10989,Consumer,Electronics,Bluetooth Speaker,West,Marketplace,3,16641.07,20,No,4.8,5,Credit Card
ORD-104691,06-02-2024 06:00,CUST-10886,Small Business,Home & Kitchen,Storage Set,Central,Marketplace,3,9652.92,5,No,4.2,2,Net Banking
ORD-105400,09-04-2025 22:00,CUST-10978,Consumer,Fashion,Sports Cap,East,Mobile App,1,5157.57,0,No,2.7,4,UPI
ORD-102607,20-05-2024 13:00,CUST-10590,Small Business,Fashion,Backpack,Central,Website,1,3422.96,15,No,5,6,Credit Card
ORD-102849,16-07-2024 10:00,CUST-11223,Consumer,Beauty,Body Lotion,East,Mobile App,1,903.9,5,No,4.8,1,Credit Card
ORD-100494,07-06-2024 06:00,CUST-10285,Consumer,Electronics,Power Bank,East,Mobile App,1,14580.45,15,No,4.2,4,Wallet
ORD-100134,10-03-2025 01:00,CUST-11908,Consumer,Beauty,Skin Serum,East,Website,8,4383.58,20,No,3.2,2,Debit Card
ORD-105476,20-05-2024 06:00,CUST-11265,Consumer,Beauty,Perfume,North,Website,1,3781.99,5,No,4,2,Credit Card
ORD-103003,08-06-2025 12:00,,Consumer,Electronics,Wireless Earbuds,South,Website,4,17979.49,5,No,4.3,4,Wallet
ORD-100872,03-03-2024 02:00,CUST-11903,Consumer,Electronics,Power Bank,East,Mobile App,3,1706.39,15,Yes,4.9,3,Wallet
ORD-102828,08-12-2024 00:00,CUST-10830,Consumer,Fashion,Hoodie,East,Marketplace,1,2924.65,0,No,5,2,Debit Card
ORD-103179,02-04-2024 17:00,CUST-10763,Consumer,Home & Kitchen,Storage Set,North,Mobile App,4,3080.07,10,No,4.2,2,Wallet
ORD-103611,07-01-2025 17:00,CUST-10301,Consumer,Electronics,USB-C Hub,South,Website,1,9638.41,5,Yes,4.1,1,Credit Card
ORD-103353,01-02-2025 17:00,CUST-10958,Consumer,Home & Kitchen,Storage Set,West,Mobile App,2,8960.89,10,No,4.2,6,Debit Card
ORD-104748,17-04-2025 06:00,CUST-10654,Small Business,Home & Kitchen,Water Bottle,West,Mobile App,1,7936.69,20,No,4.2,2,Credit Card
ORD-103562,17-08-2024 17:00,CUST-11686,Consumer,Electronics,Smart Watch,West,Website,1,13935.53,15,No,4.7,5,UPI
ORD-105205,06-09-2024 09:00,CUST-10552,Consumer,Home & Kitchen,Coffee Maker,North,Website,2,10438.39,0,No,3.2,2,Credit Card
ORD-102063,28-01-2025 00:00,CUST-10082,Consumer,Electronics,Smart Watch,North,WEBSITE,1,9139.43,5,No,4.3,2,Credit Card
ORD-101016,28-07-2024 15:00,CUST-10046,Consumer,Electronics,USB-C Hub,North,Website,2,15540.44,15,No,2.6,1,Wallet
ORD-104566,19-01-2025 17:00,CUST-11104,Consumer,Electronics,Smart Watch,Central,Marketplace,2,4502.34,25,No,3.1,4,Net Banking
ORD-101679,07-10-2024 23:00,CUST-10915,Consumer,Books,SQL Handbook,East,Website,1,349.81,5,No,4,3,Credit Card
ORD-104231,21-05-2025 13:00,CUST-11817,Consumer,Electronics,USB-C Hub,West,Marketplace,2,18950.53,30,No,4,3,Net Banking
ORD-100344,09-05-2025 10:00,CUST-10991,Consumer,Fashion,Backpack,Central,Mobile App,3,4900.71,0,Yes,3.9,2,Wallet
ORD-105624,23-04-2024 12:00,CUST-10617,Consumer,Home & Kitchen,Water Bottle,North,Website,2,11664.59,5,No,4.2,4,Credit Card
ORD-105646,24-04-2025 17:00,CUST-11546,Enterprise,Fashion,Hoodie,East,Website,1,3317.89,15,No,4.2,1,Debit Card
ORD-102927,24-06-2024 03:00,CUST-10299,Consumer,Beauty,Body Lotion,North,Website,2,4094.68,0,No,4.4,2,Credit Card
ORD-101575,22-06-2024 20:00,CUST-10803,Consumer,Electronics,Bluetooth Speaker,Central,Marketplace,1,18445.43,5,Yes,4.8,7,Wallet
ORD-101505,12-05-2024 09:00,CUST-11426,Small Business,Home & Kitchen,Coffee Maker,West,Marketplace,2,8131.61,0,No,5,6,Debit Card
ORD-102155,24-09-2024 11:00,CUST-11321,Consumer,Electronics,Wireless Earbuds,West,Website,4,17430.63,15,No,4.3,1,UPI
ORD-103056,14-03-2025 00:00,CUST-11235,Small Business,Electronics,Wireless Earbuds,Central,Website,4,17887.31,0,No,5,4,Credit Card
ORD-100200,18-07-2024 23:00,CUST-10775,Consumer,Beauty,Skin Serum,West,Marketplace,4,4300.69,25,Yes,5,4,UPI
ORD-102985,19-12-2024 22:00,CUST-10276,Consumer,Home & Kitchen,Water Bottle,South,Mobile App,3,9990.9,5,No,4.3,5,UPI
ORD-102820,22-10-2024 07:00,CUST-11696,Consumer,Fashion,Casual Shirt,East,Mobile App,2,745.05,5,No,5,2,UPI
ORD-105124,04-03-2024 00:00,CUST-10672,Small Business,Books,Business Strategy,South,Website,3,699.76,10,No,5,4,UPI
ORD-100700,11-10-2024 05:00,CUST-11909,Consumer,Books,Business Strategy,East,Marketplace,2,1080.9,5,No,3.2,7,Debit Card
ORD-105143,31-10-2024 11:00,CUST-10809,Enterprise,Home & Kitchen,Water Bottle,South,Marketplace,2,1229.94,5,No,3.7,2,Debit Card
ORD-101892,24-04-2025 23:00,CUST-11759,Small Business,Home & Kitchen,Desk Lamp,South,Website,4,10697.09,25,Yes,4.5,5,Net Banking
ORD-105927,19-11-2024 08:00,CUST-10216,Small Business,Books,Data Analytics Guide,West,Mobile App,5,1671.2,20,No,4,3,UPI
ORD-104500,13-01-2025 06:00,CUST-11759,Small Business,Fashion,Backpack,West,Website,2,5127.92,0,No,3.7,6,Debit Card
ORD-100325,05-05-2024 16:00,CUST-10794,Consumer,Beauty,Body Lotion,South,Website,3,1107.96,15,No,3.7,3,Debit Card
ORD-105906,12-09-2024 19:00,CUST-11458,Consumer,Home & Kitchen,Storage Set,South,Marketplace,3,7729.02,25,No,4.4,5,Wallet
ORD-100911,10-04-2024 05:00,CUST-11898,Enterprise,Home & Kitchen,Air Fryer,South,Mobile App,1,3786.35,10,No,3.9,2,Debit Card
ORD-105812,12-06-2024 10:00,CUST-11318,Consumer,Fashion,Hoodie,East,Website,1,3116.45,30,Yes,4.1,4,UPI
ORD-105890,10-02-2025 11:00,CUST-10176,Consumer,Beauty,Skin Serum,Central,Website,2,919.3,15,No,4.7,4,Wallet
ORD-104546,18-11-2024 14:00,CUST-11122,Consumer,Fashion,Running Shoes,West,Mobile App,1,2186.94,20,No,2.5,4,Credit Card
ORD-101360,15-02-2024 00:00,CUST-11122,Small Business,Electronics,USB-C Hub,North,Website,4,4721.52,15,No,4.7,5,UPI
ORD-104006,17-05-2024 06:00,CUST-11630,Small Business,Beauty,Skin Serum,North,Website,3,3995.17,15,No,4.7,2,Debit Card
ORD-105973,03-02-2024 03:00,CUST-11505,Consumer,Electronics,Wireless Earbuds,South,Website,2,19450.16,20,No,4.2,4,Wallet
ORD-100477,10-01-2024 17:00,CUST-11029,Small Business,Books,Leadership Book,North,Website,2,1131.33,20,No,3.9,2,Credit Card
ORD-104771,20-02-2025 05:00,CUST-11055,Consumer,Electronics,Bluetooth Speaker,East,Website,1,20611.16,25,Yes,4.3,1,Credit Card
ORD-101596,25-12-2024 22:00,CUST-11582,Small Business,Home & Kitchen,Water Bottle,East,Marketplace,2,4227.68,15,No,5,5,Credit Card
ORD-104548,13-10-2024 12:00,CUST-10265,Consumer,Electronics,Bluetooth Speaker,Central,Mobile App,5,5761.06,15,No,3.7,4,Debit Card
ORD-100058,09-02-2025 21:00,CUST-10774,Consumer,Electronics,Smart Watch,North,Mobile App,5,9283.55,10,No,3.1,3,Credit Card
ORD-103831,20-04-2024 17:00,CUST-10735,Small Business,Fashion,Sports Cap,South,Website,6,2356.28,15,Yes,3.6,7,Net Banking
ORD-102195,21-03-2025 14:00,CUST-11546,Consumer,Books,SQL Handbook,North,Mobile App,3,1455.16,5,No,3.8,3,Credit Card
ORD-104458,04-03-2024 14:00,CUST-11007,Consumer,Electronics,USB-C Hub,North,Marketplace,1,19623.52,25,No,4.8,4,UPI
ORD-105242,11-05-2025 13:00,CUST-11344,Consumer,Books,Fiction Novel,South,Mobile App,3,424.08,0,No,3.3,4,Debit Card
ORD-100606,25-06-2024 10:00,CUST-10387,Small Business,Electronics,Power Bank,East,Website,4,14325.01,20,No,3.3,1,UPI
ORD-104986,11-06-2025 16:00,CUST-10188,Consumer,Books,SQL Handbook,East,Marketplace,1,419.39,15,No,3,4,Debit Card
ORD-103457,17-01-2024 20:00,CUST-11235,Consumer,Beauty,Body Lotion,South,Website,8,1893.83,20,No,3.4,2,Credit Card
ORD-103085,16-07-2024 00:00,CUST-10834,Consumer,Beauty,Face Wash,Central,Marketplace,1,4186.25,15,No,3.5,4,UPI
ORD-105047,07-12-2024 21:00,CUST-10166,Small Business,Books,Business Strategy,West,Mobile App,2,1589.72,15,No,4.1,4,Debit Card
ORD-102725,03-12-2024 20:00,CUST-11840,Small Business,Books,Business Strategy,South,Mobile App,3,1399.65,5,No,3.9,3,Credit Card
ORD-101887,13-08-2024 19:00,CUST-10977,Consumer,Fashion,Backpack,East,Website,3,5449.42,10,No,4.9,3,UPI
ORD-100189,13-06-2024 15:00,CUST-11523,Consumer,Home & Kitchen,Coffee Maker,Central,Mobile App,4,1832.64,110,No,3.7,3,UPI
ORD-100916,23-10-2024 12:00,CUST-11691,Consumer,Fashion,Casual Shirt,South,Mobile App,1,3270.94,15,No,3.6,2,Wallet
ORD-105269,11-10-2024 11:00,CUST-10148,Consumer,Home & Kitchen,Storage Set,North,Mobile App,6,9039.3,25,No,3.7,3,Wallet
ORD-102361,14-02-2025 08:00,CUST-10203,Small Business,Electronics,Power Bank,West,Mobile App,1,4323.97,10,No,2.7,3,UPI
ORD-105247,23-05-2025 19:00,CUST-11272,Consumer,Electronics,Smart Watch,Central,Mobile App,5,4105.73,5,No,3.7,3,UPI
ORD-105884,12-03-2024 10:00,CUST-11552,Consumer,Home & Kitchen,Coffee Maker,West,Website,4,4871.72,5,No,5,4,Net Banking
ORD-102863,30-11-2024 07:00,CUST-11023,Consumer,Beauty,Body Lotion,South,Website,1,971.6,10,No,4.8,4,Wallet
ORD-103487,07-06-2025 09:00,CUST-11757,Consumer,Fashion,Sports Cap,South,Mobile App,2,3844.29,15,No,3.8,3,UPI
ORD-100034,29-04-2025 19:00,CUST-10213,Consumer,Books,Business Strategy,North,Mobile App,2,743.49,10,No,4.7,4,Credit Card
ORD-104948,24-05-2024 14:00,CUST-10689,Consumer,Home & Kitchen,Coffee Maker,North,Website,2,3119.76,20,No,4.2,7,Credit Card
ORD-105834,19-05-2024 08:00,CUST-11441,Consumer,Home & Kitchen,Desk Lamp,Central,Website,2,7735.77,20,No,4.5,1,UPI
ORD-102308,17-06-2024 02:00,CUST-11496,Consumer,Electronics,USB-C Hub,Central,Website,5,10000.98,10,No,4.6,7,UPI
ORD-101571,16-07-2024 09:00,CUST-11782,Consumer,Books,Leadership Book,North,Mobile App,3,347.11,5,No,4.6,5,Wallet
ORD-102862,01-04-2025 00:00,CUST-10100,Consumer,Fashion,Sports Cap,West,Mobile App,1,2197.05,15,No,4.4,3,Debit Card
ORD-100324,16-06-2025 11:00,CUST-10478,Consumer,Fashion,Running Shoes,North,Website,1,2683.77,5,No,4.7,2,Debit Card
ORD-104654,07-03-2024 18:00,CUST-10236,Small Business,Electronics,USB-C Hub,East,Mobile App,4,3025.14,20,No,3.7,3,Debit Card
ORD-105129,25-11-2024 18:00,CUST-10749,Consumer,Home & Kitchen,Air Fryer,West,Mobile App,1,1478.1,0,No,3.9,3,
ORD-102492,22-05-2025 10:00,CUST-11143,Consumer,Electronics,Power Bank,West,Marketplace,1,19580.54,5,No,4.8,5,Wallet
ORD-105480,24-06-2025 11:00,CUST-11022,Small Business,Electronics,Wireless Earbuds,Central,Website,1,9560.68,5,No,3.9,2,Credit Card
ORD-105173,01-07-2024 13:00,CUST-11811,Consumer,Fashion,Casual Shirt,Central,Website,2,1920,0,Yes,4.6,5,Debit Card
ORD-105544,29-04-2024 11:00,CUST-10648,Consumer,Home & Kitchen,Storage Set,West,Website,4,7687.24,30,No,4,5,Credit Card
ORD-100355,25-06-2025 21:00,CUST-10774,Consumer,Home & Kitchen,Storage Set,East,Website,1,5426.26,0,No,4.2,3,Debit Card
ORD-102815,21-02-2024 11:00,CUST-10376,Small Business,Beauty,Body Lotion,East,Marketplace,10,2394.19,5,No,2.8,2,UPI
ORD-101821,21-02-2025 14:00,CUST-10785,Consumer,Electronics,Wireless Earbuds,North,Mobile App,1,20129.79,10,No,4.6,1,Credit Card
ORD-103662,12-06-2025 15:00,CUST-10673,Consumer,Electronics,USB-C Hub,West,Website,2,20009.72,30,No,3.7,5,Net Banking
ORD-102443,25-04-2024 21:00,CUST-11912,Consumer,Beauty,Body Lotion,North,Website,2,1056.29,0,No,3.2,3,Debit Card
ORD-101918,03-09-2024 13:00,CUST-11077,Consumer,Books,Business Strategy,East,Marketplace,1,763.53,20,No,2.8,4,Wallet
ORD-104290,07-02-2024 04:00,CUST-10525,Enterprise,Home & Kitchen,Storage Set,South,Website,1,4412.84,0,No,4,4,Credit Card
ORD-100224,29-01-2025 00:00,CUST-11381,Consumer,Electronics,Smart Watch,West,Website,2,2580.26,15,No,3.9,2,Debit Card
ORD-104456,18-11-2024 17:00,CUST-10099,Enterprise,Beauty,Skin Serum,South,Mobile App,1,4018.18,20,No,5,2,Debit Card
ORD-103270,30-03-2024 23:00,CUST-10240,Consumer,Home & Kitchen,Storage Set,Central,Mobile App,1,4163,5,No,3.7,2,Debit Card
ORD-104041,21-12-2024 15:00,CUST-11583,Small Business,Electronics,USB-C Hub,Central,Website,1,11414.11,20,No,4.2,3,Credit Card
ORD-100301,27-03-2025 04:00,CUST-10530,Enterprise,Home & Kitchen,Coffee Maker,West,Mobile App,1,5723.86,0,No,3.9,7,Wallet
ORD-104980,07-05-2025 03:00,CUST-11575,Enterprise,Home & Kitchen,Water Bottle,South,Website,5,9987.23,10,No,3.1,3,UPI
ORD-101520,16-04-2025 18:00,CUST-10500,Enterprise,Electronics,USB-C Hub,East,Website,1,13885.61,0,No,5,5,Credit Card
ORD-104984,15-04-2024 02:00,CUST-11380,Consumer,Beauty,Body Lotion,Central,Website,5,3014.35,15,No,4,4,Credit Card
ORD-101971,17-05-2025 17:00,CUST-11062,Consumer,Electronics,Power Bank,West,Website,4,7341.11,5,No,4.5,3,Credit Card
ORD-101545,18-11-2024 06:00,CUST-11707,Consumer,Electronics,Smart Watch,North,Marketplace,5,17916.47,15,Yes,4,3,Net Banking
ORD-101014,10-10-2024 13:00,CUST-11791,Consumer,Fashion,Casual Shirt,East,Mobile App,1,1775.74,0,No,4.5,2,Net Banking
ORD-101051,18-07-2024 06:00,CUST-11548,Consumer,Fashion,Backpack,West,Website,1,5069.46,30,No,3.6,6,Credit Card
ORD-101479,15-08-2024 11:00,CUST-11621,Consumer,Books,Leadership Book,West,Mobile App,2,1721.79,10,No,3.9,7,Debit Card
ORD-103956,11-10-2024 12:00,CUST-10927,Consumer,Home & Kitchen,Storage Set,South,Website,2,8771.45,0,No,5,2,Debit Card
ORD-103934,10-04-2024 03:00,CUST-11925,Consumer,Fashion,Backpack,East,Mobile App,1,2229.31,20,No,4.1,3,Debit Card
ORD-102934,17-03-2025 04:00,CUST-10247,Small Business,Electronics,Power Bank,West,Website,2,19964.26,0,No,3.6,4,Wallet
ORD-103645,15-10-2024 16:00,CUST-10142,Consumer,Electronics,Wireless Earbuds,Central,Marketplace,2,4192.59,15,No,3.7,1,Debit Card
ORD-102127,07-12-2024 12:00,CUST-10047,Small Business,Electronics,Wireless Earbuds,East,Mobile App,2,13365.04,5,No,4.4,2,Wallet
ORD-102206,14-03-2024 08:00,CUST-10295,Consumer,Electronics,Power Bank,North,Website,8,16956.91,10,No,3.2,4,UPI
ORD-103103,27-08-2024 14:00,CUST-11608,Consumer,Beauty,Skin Serum,South,Marketplace,1,366.23,20,No,4.7,1,Wallet
ORD-103947,20-07-2024 11:00,CUST-10276,Consumer,Fashion,Backpack,North,Mobile App,2,2050.49,10,No,3.3,1,UPI
ORD-102510,18-04-2024 18:00,CUST-11831,Consumer,Electronics,Wireless Earbuds,West,Marketplace,1,21087.37,20,No,4.7,1,UPI
ORD-102244,23-01-2025 04:00,CUST-10271,Consumer,Home & Kitchen,Coffee Maker,West,Website,3,4281.64,10,No,4.4,1,UPI
ORD-104846,02-04-2025 11:00,CUST-11011,Consumer,Fashion,Sports Cap,Central,Website,3,1901.08,10,No,4.4,6,UPI
ORD-105891,16-08-2024 09:00,CUST-11587,Consumer,Fashion,Casual Shirt,West,Website,1,2705.81,30,No,3.3,2,Net Banking
ORD-101518,27-09-2024 03:00,CUST-11070,Consumer,Beauty,Body Lotion,East,Mobile App,8,2226,5,No,3,3,Debit Card
ORD-103254,09-05-2024 04:00,CUST-10066,Enterprise,Books,Leadership Book,East,Website,2,498.64,5,No,3.4,3,Credit Card
ORD-102945,28-02-2024 14:00,CUST-11353,Consumer,Electronics,Smart Watch,North,Mobile App,2,10382.78,20,No,4.9,3,Wallet
ORD-104222,26-03-2025 16:00,CUST-11762,Consumer,Fashion,Casual Shirt,East,Marketplace,1,3330.26,15,No,4.6,3,UPI
ORD-104359,13-06-2025 12:00,CUST-11098,Small Business,Fashion,Backpack,South,Website,2,5575.32,20,No,3.8,6,Debit Card
ORD-104802,30-04-2024 21:00,CUST-10122,Consumer,Home & Kitchen,Water Bottle,West,Marketplace,1,2919.26,0,No,3.8,4,UPI
ORD-104245,01-06-2024 12:00,CUST-10745,Consumer,Books,Leadership Book,North,Mobile App,1,772.23,15,No,3.4,1,Debit Card
ORD-101857,15-11-2024 00:00,CUST-11638,Consumer,Fashion,Casual Shirt,South,Website,3,2241.34,0,No,4.5,2,UPI
ORD-100969,20-01-2024 16:00,CUST-11699,Consumer,Electronics,Smart Watch,South,Mobile App,1,8885.59,5,Yes,3.5,5,UPI
ORD-101307,09-05-2024 18:00,CUST-10610,Consumer,Home & Kitchen,Desk Lamp,North,Mobile App,1,2510.89,15,No,5,4,Debit Card
ORD-105620,12-01-2024 22:00,CUST-10076,Consumer,Books,Fiction Novel,South,Website,1,359.58,5,No,3.9,5,Credit Card
ORD-102704,07-02-2024 14:00,CUST-10872,Small Business,Fashion,Hoodie,East,Marketplace,3,1595.68,15,No,4,2,Wallet
ORD-101471,16-01-2025 05:00,CUST-11883,Consumer,Electronics,USB-C Hub,Central,Website,4,16359.91,10,Yes,4.6,4,Wallet
ORD-102674,23-05-2025 09:00,CUST-11911,Enterprise,Fashion,Casual Shirt,North,Mobile App,2,5738.87,20,Yes,3.8,2,Wallet
ORD-101347,17-01-2025 17:00,CUST-10485,Small Business,Books,Fiction Novel,West,Mobile App,1,1463.88,30,No,3.8,1,Debit Card
ORD-100353,25-08-2024 13:00,CUST-10900,Consumer,Home & Kitchen,Storage Set,South,Mobile App,2,7624.38,15,No,3.4,2,Credit Card
ORD-100071,13-04-2024 11:00,CUST-10303,Consumer,Books,Data Analytics Guide,North,Mobile App,6,494.49,10,No,4.6,5,Credit Card
ORD-103440,01-06-2025 14:00,CUST-11361,Consumer,Home & Kitchen,Air Fryer,East,Mobile App,1,4098.8,15,No,3.3,3,UPI
ORD-100457,12-12-2024 04:00,CUST-11228,Consumer,Books,Leadership Book,East,Marketplace,1,872.62,15,No,4.6,4,Debit Card
ORD-103828,07-01-2025 05:00,CUST-10701,Small Business,Fashion,Sports Cap,West,Website,3,4451.82,0,No,3.4,5,Debit Card
ORD-100635,09-01-2025 10:00,CUST-10353,Consumer,Electronics,Bluetooth Speaker,South,Website,4,15064.17,0,No,3.7,4,Debit Card
ORD-102410,16-10-2024 16:00,CUST-10183,Consumer,Electronics,Wireless Earbuds,Central,MOBILE APP,1,8447.91,5,No,3.7,2,Net Banking
ORD-103992,17-03-2024 14:00,CUST-10646,Small Business,Books,Fiction Novel,West,Website,3,417.27,0,No,4.5,1,UPI
ORD-103905,20-02-2025 15:00,CUST-10293,Small Business,Beauty,Skin Serum,West,Website,2,253.08,0,No,3.9,5,Credit Card
ORD-104039,23-07-2024 01:00,CUST-10023,Enterprise,Books,Leadership Book,East,Marketplace,6,367.99,15,No,4,2,Credit Card
ORD-103833,26-12-2024 09:00,CUST-10735,Consumer,Books,Fiction Novel,North,Mobile App,1,1185.23,15,No,3.7,4,Debit Card
ORD-101612,31-12-2024 23:00,CUST-11177,Small Business,Fashion,Backpack,South,Website,2,3878.79,20,No,5,3,Credit Card
ORD-100557,22-04-2025 18:00,CUST-10476,Consumer,Books,Data Analytics Guide,East,Mobile App,1,718,0,No,4.8,2,Credit Card
ORD-104192,08-02-2025 17:00,CUST-10388,Consumer,Fashion,Hoodie,East,Website,1,5939.76,15,No,4.2,2,Debit Card
ORD-100102,15-03-2025 12:00,CUST-11328,Small Business,Books,Data Analytics Guide,West,Website,1,895.91,10,No,3.3,4,Wallet
ORD-103029,03-05-2025 12:00,CUST-10196,Consumer,Electronics,Power Bank,Central,Marketplace,3,13426.3,15,Yes,4.3,4,Credit Card
ORD-102989,21-08-2024 19:00,CUST-10007,Enterprise,Home & Kitchen,Water Bottle,East,Website,1,10252.39,10,No,4,1,Credit Card
ORD-105121,03-12-2024 06:00,CUST-10614,Consumer,Fashion,Sports Cap,Central,Website,1,1985.15,25,No,4,4,Wallet
ORD-100653,15-03-2025 05:00,CUST-11301,Enterprise,Electronics,USB-C Hub,South,Website,1,15037.45,10,No,4.4,3,Debit Card
ORD-103777,09-04-2025 10:00,CUST-10903,Small Business,Fashion,Hoodie,West,Marketplace,2,5942.87,0,No,5,3,Credit Card
ORD-102175,20-02-2025 09:00,CUST-10602,Small Business,Electronics,Power Bank,West,Website,5,11389.46,5,No,4,1,Debit Card
ORD-103920,27-05-2025 07:00,CUST-11014,Consumer,Beauty,Skin Serum,North,Marketplace,1,258.78,5,No,3,2,Wallet
ORD-104452,17-09-2024 19:00,CUST-10545,Small Business,Home & Kitchen,Air Fryer,North,Mobile App,1,2858.88,0,No,3.5,2,Wallet
ORD-100756,06-02-2025 16:00,CUST-10365,Small Business,Electronics,Wireless Earbuds,North,Website,2,6063.44,25,No,4.6,3,Net Banking
ORD-103124,28-08-2024 20:00,CUST-10681,Consumer,Electronics,Bluetooth Speaker,East,Marketplace,6,11417.18,5,No,3.4,1,UPI
ORD-104503,25-02-2025 11:00,CUST-10318,Consumer,Home & Kitchen,Desk Lamp,South,Mobile App,3,8885.84,20,No,3.8,2,Credit Card
ORD-104080,08-05-2025 13:00,CUST-11662,Consumer,Beauty,Hair Dryer,North,Mobile App,3,1239.46,5,No,4.4,2,UPI
ORD-102929,22-12-2024 16:00,CUST-10085,Consumer,Electronics,Bluetooth Speaker,South,Mobile App,1,9828.06,30,No,4,5,UPI
ORD-100316,02-02-2025 18:00,CUST-10075,Consumer,Beauty,Skin Serum,North,Marketplace,1,4257.98,20,No,5,2,Wallet
ORD-100391,07-04-2024 21:00,CUST-10300,Consumer,Fashion,Running Shoes,West,Mobile App,1,3352.91,0,Yes,4.5,3,Net Banking
ORD-101976,23-05-2025 19:00,CUST-10977,Small Business,Home & Kitchen,Desk Lamp,West,Mobile App,3,3502.62,25,No,3.8,2,Credit Card
ORD-101104,16-06-2024 06:00,CUST-11051,Enterprise,Books,Business Strategy,Central,Mobile App,1,813.4,10,No,3.9,5,UPI
ORD-105614,08-11-2024 00:00,CUST-10508,Consumer,Electronics,Wireless Earbuds,Central,Marketplace,5,8465.92,20,No,5,5,Wallet
ORD-103685,25-03-2024 05:00,CUST-11861,Consumer,Home & Kitchen,Coffee Maker,West,Mobile App,8,3729.06,20,No,4.1,4,UPI
ORD-102550,23-12-2024 10:00,CUST-11380,Consumer,Home & Kitchen,Coffee Maker,East,Mobile App,1,3881.17,10,No,4.3,4,UPI
ORD-104088,20-06-2025 19:00,CUST-11395,Small Business,Electronics,Power Bank,East,Website,1,14660.46,10,No,,5,UPI
ORD-102847,29-07-2024 23:00,CUST-11861,Consumer,Electronics,Bluetooth Speaker,North,Website,2,10362.23,30,No,4.2,5,Credit Card
ORD-100600,02-12-2024 12:00,CUST-10267,Consumer,Home & Kitchen,Coffee Maker,North,Website,6,8985.02,5,No,3.6,5,UPI
ORD-101287,08-05-2024 01:00,CUST-10305,Consumer,Electronics,Wireless Earbuds,South,Marketplace,2,21317.82,20,No,4.8,3,UPI
ORD-100958,14-06-2025 11:00,CUST-11383,Consumer,Electronics,Power Bank,West,Website,3,21329.29,15,No,4.9,1,Credit Card
ORD-105266,23-10-2024 18:00,CUST-11601,Consumer,Books,Leadership Book,North,Mobile App,2,255.66,5,No,5,2,Debit Card
ORD-105854,12-08-2024 20:00,CUST-10345,Consumer,Fashion,Backpack,East,Mobile App,1,4620.1,5,No,4.9,3,Net Banking
ORD-103287,19-04-2024 12:00,CUST-10420,Consumer,Books,SQL Handbook,West,Mobile App,2,491.33,10,No,3.4,2,Credit Card
ORD-102565,23-08-2024 15:00,CUST-11012,Enterprise,Electronics,USB-C Hub,North,Mobile App,1,12175.79,5,No,5,4,UPI
ORD-100556,05-02-2025 21:00,CUST-11384,Consumer,Home & Kitchen,Storage Set,North,Website,2,1448.68,0,No,3.1,4,Debit Card
ORD-103951,29-04-2024 21:00,CUST-10070,Consumer,Books,Data Analytics Guide,East,Marketplace,1,525.63,5,No,4.4,3,Credit Card
ORD-105315,04-11-2024 18:00,CUST-11305,Consumer,Fashion,Casual Shirt,North,Marketplace,2,5397.57,0,No,5,1,UPI
ORD-104093,30-08-2024 22:00,CUST-10709,Small Business,Beauty,Perfume,East,Website,2,404.07,10,No,3.9,3,Credit Card
ORD-100859,13-03-2025 08:00,CUST-10297,Consumer,Electronics,Power Bank,West,Mobile App,4,13003.47,5,No,4.3,1,Credit Card
ORD-102655,11-04-2024 13:00,CUST-10708,Consumer,Electronics,Wireless Earbuds,North,Website,2,3518.41,10,No,4.4,5,Credit Card
ORD-104945,29-01-2025 23:00,CUST-10099,Consumer,Electronics,Wireless Earbuds,West,Mobile App,2,18791.1,0,No,3.9,1,Debit Card
ORD-104497,30-07-2024 22:00,CUST-10506,Small Business,Fashion,Hoodie,North,Mobile App,3,4864.75,20,Yes,4.5,3,Wallet
ORD-104327,20-08-2024 02:00,CUST-10539,Consumer,Home & Kitchen,Water Bottle,North,Mobile App,5,7810.37,25,No,4.3,5,Debit Card
ORD-100111,02-03-2025 07:00,CUST-11349,Small Business,Electronics,Power Bank,Central,Marketplace,6,10132.15,0,No,4.8,2,UPI
ORD-102278,20-07-2024 08:00,CUST-11102,Consumer,Electronics,Power Bank,Central,Mobile App,1,14440.21,20,No,4.1,1,Credit Card
ORD-100927,13-06-2024 13:00,CUST-11597,Consumer,Beauty,Face Wash,East,Mobile App,2,537.68,15,No,3.3,4,Debit Card
ORD-104718,06-08-2024 23:00,CUST-10648,Enterprise,Beauty,Body Lotion,West,Website,1,3237.9,15,Yes,4.8,3,Net Banking
ORD-102579,06-11-2024 02:00,CUST-11329,Consumer,Beauty,Face Wash,West,Mobile App,1,1565.44,20,No,4.8,2,UPI
ORD-101989,19-05-2025 10:00,CUST-10956,Consumer,Electronics,Bluetooth Speaker,South,Marketplace,2,5806.99,5,No,3.8,4,Credit Card
ORD-102924,18-08-2024 23:00,CUST-11849,Consumer,Fashion,Running Shoes,Central,Marketplace,3,1077.68,0,No,4,6,UPI
ORD-100398,02-06-2024 04:00,CUST-11580,Small Business,Fashion,Casual Shirt,North,Website,5,1015.64,20,No,3.9,3,Credit Card
ORD-103591,10-06-2024 02:00,CUST-11333,Consumer,Fashion,Backpack,West,Website,2,515.56,15,No,3.7,4,UPI
ORD-102890,22-03-2024 03:00,CUST-11845,Consumer,Books,Leadership Book,North,Website,2,1794.26,5,No,3.6,1,Credit Card
ORD-103358,12-04-2024 06:00,CUST-10784,Small Business,Fashion,Backpack,East,Website,1,4181.57,5,Yes,4.8,3,Credit Card
ORD-104884,04-01-2024 11:00,CUST-11887,Small Business,Electronics,USB-C Hub,West,Mobile App,1,12285.66,5,No,5,4,Credit Card
ORD-101270,20-07-2024 11:00,CUST-10353,Consumer,Books,Data Analytics Guide,West,Website,1,716.58,30,No,4.8,3,Credit Card
ORD-100738,07-02-2025 02:00,CUST-10570,Consumer,Beauty,Face Wash,North,Marketplace,1,1882.52,10,No,3.1,3,Credit Card
ORD-103242,05-05-2025 02:00,CUST-10703,Consumer,Electronics,Smart Watch,South,Mobile App,1,3078.12,10,No,3.3,5,UPI
ORD-101778,17-06-2024 01:00,CUST-11622,Consumer,Electronics,Wireless Earbuds,West,Marketplace,1,4547.92,20,No,3.9,5,UPI
ORD-101522,14-04-2024 11:00,CUST-10819,Consumer,Beauty,Hair Dryer,Central,Website,1,2821.68,10,No,4.3,3,Debit Card
ORD-103704,30-05-2025 17:00,CUST-10727,Consumer,Home & Kitchen,Air Fryer,West,Website,1,7748.17,5,No,4.2,4,Credit Card
ORD-104576,15-02-2024 11:00,CUST-10149,Consumer,Books,SQL Handbook,South,Website,2,330.2,15,No,2.4,5,UPI
ORD-105601,29-06-2025 01:00,CUST-11162,Consumer,Electronics,Smart Watch,North,Website,3,6131.42,5,No,3.7,7,UPI
ORD-105879,07-01-2024 02:00,CUST-11922,Small Business,Home & Kitchen,Desk Lamp,West,Marketplace,10,6046.75,0,No,4.5,6,Credit Card
ORD-102614,27-02-2024 02:00,CUST-11748,Consumer,Fashion,Backpack,South,Marketplace,1,4995.83,10,Yes,4.2,2,Credit Card
ORD-100696,29-01-2025 03:00,CUST-11721,Consumer,Home & Kitchen,Water Bottle,Central,Mobile App,1,8454.76,30,No,3.7,4,Credit Card
ORD-104894,20-09-2024 05:00,CUST-11619,Enterprise,Home & Kitchen,Water Bottle,North,Mobile App,2,1365.19,15,No,3.3,2,Credit Card
ORD-101226,28-02-2024 13:00,CUST-10861,Consumer,Fashion,Backpack,South,Website,1,4003.67,5,No,4.5,5,Debit Card
ORD-101126,11-04-2025 09:00,CUST-11087,Consumer,Fashion,Backpack,South,Website,1,3910.72,0,No,5,1,Credit Card
ORD-105512,09-05-2025 19:00,CUST-10563,Consumer,Fashion,Hoodie,North,Marketplace,2,3742.69,5,No,3.9,5,Net Banking
ORD-105196,26-05-2025 11:00,CUST-10492,Consumer,Fashion,Casual Shirt,North,Website,1,3632.35,10,No,3.6,6,Wallet
ORD-105997,18-06-2025 16:00,CUST-11948,Consumer,Home & Kitchen,Water Bottle,North,Mobile App,4,7340.89,15,No,4.2,4,Debit Card
ORD-104143,01-09-2024 18:00,CUST-11677,Consumer,Electronics,Wireless Earbuds,West,Mobile App,1,21901.15,0,No,3.6,4,UPI
ORD-102091,27-06-2024 07:00,CUST-11223,Consumer,Beauty,Hair Dryer,West,Mobile App,3,2977.48,20,No,5,2,Debit Card
ORD-100066,09-05-2025 11:00,CUST-11591,Small Business,Home & Kitchen,Air Fryer,South,Mobile App,1,2435.93,10,No,4.5,4,Debit Card
ORD-101526,23-06-2024 04:00,CUST-11535,Small Business,Beauty,Perfume,South,Mobile App,1,3745.64,25,No,4.3,6,Debit Card
ORD-100648,08-06-2025 11:00,CUST-11245,Small Business,Electronics,Power Bank,West,Marketplace,1,5199.85,10,No,3.4,4,Credit Card
ORD-101056,02-09-2024 11:00,CUST-11172,Consumer,Home & Kitchen,Storage Set,North,Website,2,795.8,5,No,3.7,2,Debit Card
ORD-104951,28-01-2024 12:00,CUST-11629,Consumer,Fashion,Running Shoes,Central,Marketplace,4,5046.47,10,No,4,1,UPI
ORD-105227,26-02-2025 00:00,CUST-11635,Consumer,Electronics,Smart Watch,South,Marketplace,1,12549.9,10,No,4.4,4,Credit Card
ORD-102018,27-01-2025 21:00,CUST-10368,Consumer,Fashion,Backpack,Central,Mobile App,3,2518.85,10,No,4.5,3,Net Banking
ORD-104391,21-03-2025 12:00,CUST-10105,Small Business,Electronics,Smart Watch,North,Website,5,20022.89,10,No,3.9,5,Debit Card
ORD-102303,25-04-2025 00:00,CUST-11582,Small Business,Home & Kitchen,Water Bottle,West,Website,6,3698.82,15,No,3.9,2,Debit Card
ORD-101294,03-06-2025 16:00,CUST-10539,Consumer,Beauty,Face Wash,West,Marketplace,1,302.4,20,No,3.5,5,Credit Card
ORD-101866,01-03-2024 14:00,CUST-10813,Small Business,Home & Kitchen,Air Fryer,South,Mobile App,5,7532.21,10,No,4.4,3,Debit Card
ORD-105639,19-05-2025 04:00,CUST-11839,Consumer,Electronics,USB-C Hub,North,Marketplace,4,19324.14,5,No,5,4,Credit Card
ORD-105481,20-02-2024 20:00,CUST-11676,Enterprise,Electronics,USB-C Hub,Central,Website,5,2674.16,30,No,3.6,5,Credit Card
ORD-104985,28-01-2024 19:00,CUST-10457,Consumer,Electronics,Wireless Earbuds,West,Marketplace,5,11334.2,10,No,4.3,3,Debit Card
ORD-104009,04-03-2024 06:00,CUST-10492,Consumer,Fashion,Casual Shirt,South,Website,5,4428.28,10,No,4.5,4,Credit Card
ORD-100774,07-04-2025 03:00,CUST-11526,Consumer,Beauty,Skin Serum,South,Website,2,2477.86,20,No,4.1,4,Credit Card
ORD-102843,20-09-2024 16:00,CUST-11462,Consumer,Fashion,Running Shoes,East,Website,3,3886.85,20,No,4,4,Debit Card
ORD-102873,29-04-2024 10:00,CUST-10572,Consumer,Electronics,Bluetooth Speaker,North,Mobile App,1,13189.74,10,No,5,4,Wallet
ORD-103317,05-08-2024 23:00,CUST-11866,Small Business,Fashion,Backpack,Central,Website,2,832.9,25,No,4.6,2,Credit Card
ORD-102111,03-01-2025 10:00,CUST-11390,Consumer,Fashion,Running Shoes,Central,Mobile App,1,2915.59,15,No,4.1,3,Credit Card
ORD-101243,24-09-2024 09:00,CUST-11573,Consumer,Fashion,Casual Shirt,South,Mobile App,4,1364.93,5,No,4.2,5,Credit Card
ORD-103623,28-08-2024 18:00,CUST-10717,Consumer,Home & Kitchen,Storage Set,North,Marketplace,6,9023.58,5,No,3.9,3,Credit Card
ORD-104913,27-11-2024 00:00,CUST-11745,Consumer,Books,Data Analytics Guide,West,Website,5,1441.02,0,No,3.9,4,Wallet
ORD-100046,31-08-2024 08:00,CUST-10824,Consumer,Home & Kitchen,Storage Set,North,Mobile App,1,7451.45,30,No,3.5,4,Credit Card
ORD-101558,27-06-2025 09:00,CUST-11913,Consumer,Electronics,Bluetooth Speaker,East,Website,4,18934.48,0,No,4.6,1,UPI
ORD-103145,28-10-2024 12:00,CUST-10651,Consumer,Fashion,Backpack,East,Website,1,1085.47,10,No,3.5,2,Credit Card
ORD-104354,20-09-2024 21:00,CUST-11008,Consumer,Home & Kitchen,Water Bottle,Central,Mobile App,5,8682.29,0,No,4.9,4,Credit Card
ORD-105547,27-01-2024 16:00,CUST-10887,Small Business,Fashion,Casual Shirt,Central,Mobile App,3,4792.4,15,No,4.1,4,Credit Card
ORD-104183,10-04-2025 13:00,CUST-10217,Consumer,Home & Kitchen,Coffee Maker,Central,Website,1,1041.83,30,No,4.3,3,Wallet
ORD-102922,08-03-2024 12:00,CUST-11529,Consumer,Beauty,Body Lotion,West,Marketplace,2,2070.64,5,No,4.4,2,Wallet
ORD-101002,31-10-2024 20:00,CUST-10446,Enterprise,Books,Leadership Book,Central,Marketplace,6,1469.31,20,No,4.1,4,Net Banking
ORD-105209,18-01-2024 05:00,,Consumer,Books,Business Strategy,South,Website,4,1379.17,15,No,3.1,4,Debit Card
ORD-105995,24-04-2024 17:00,CUST-10877,Consumer,Books,Fiction Novel,East,Marketplace,1,377,15,No,4.5,5,UPI
ORD-102521,25-01-2024 02:00,CUST-11753,Consumer,Electronics,Power Bank,Central,Marketplace,1,7469.65,15,No,3.9,1,Credit Card
ORD-104299,20-02-2024 22:00,CUST-10708,Consumer,Fashion,Casual Shirt,North,Website,1,2733.6,10,No,5,2,Debit Card
ORD-100211,26-01-2025 10:00,CUST-10672,Consumer,Fashion,Casual Shirt,South,Marketplace,3,804.52,20,No,3.3,3,Debit Card
ORD-105421,14-06-2025 17:00,CUST-11913,Consumer,Beauty,Body Lotion,South,Marketplace,1,3270.82,10,No,3.9,4,UPI
ORD-100766,30-11-2024 13:00,CUST-11605,Small Business,Fashion,Backpack,Central,Website,1,1091.19,10,Yes,4.4,2,Debit Card
ORD-104474,09-04-2025 10:00,CUST-10729,Consumer,Home & Kitchen,Air Fryer,North,Website,3,6394.32,5,No,4.9,4,UPI
ORD-104199,10-05-2024 05:00,CUST-11157,Small Business,Fashion,Backpack,North,Mobile App,4,2133.37,10,No,5,2,Debit Card
ORD-102681,25-02-2024 04:00,CUST-11458,Consumer,Home & Kitchen,Desk Lamp,Central,Mobile App,3,9556.89,5,No,3.7,5,Debit Card
ORD-104917,29-05-2024 03:00,CUST-10634,Consumer,Electronics,Power Bank,South,Marketplace,1,4093.84,5,No,3.3,4,Wallet
ORD-105311,21-05-2025 03:00,CUST-10974,Consumer,Home & Kitchen,Storage Set,East,Website,3,2780.13,0,No,3.5,4,Debit Card
ORD-101850,14-02-2024 16:00,CUST-11763,Consumer,Electronics,Wireless Earbuds,North,Marketplace,3,11433.44,0,No,4.7,3,Wallet
ORD-102504,28-01-2024 18:00,CUST-10481,Small Business,Books,Leadership Book,East,Website,4,1213.13,15,No,2.7,2,UPI
ORD-101516,20-09-2024 12:00,CUST-11885,Consumer,Home & Kitchen,Water Bottle,East,Marketplace,1,4411.76,20,No,2.8,5,Debit Card
ORD-104156,20-01-2025 22:00,CUST-10086,Consumer,Books,Business Strategy,Central,Website,1,643.69,5,No,4.4,2,Wallet
ORD-104382,11-07-2024 21:00,CUST-11715,Consumer,Books,Fiction Novel,North,Website,2,1582.65,15,No,3,5,Debit Card
ORD-100874,15-01-2025 19:00,CUST-10960,Consumer,Books,Fiction Novel,West,Website,1,811.89,30,No,3.4,1,Net Banking
ORD-105589,07-04-2025 06:00,CUST-10220,Consumer,Fashion,Casual Shirt,West,Website,2,1310.71,5,No,3.5,5,UPI
ORD-105674,26-09-2024 21:00,CUST-11438,Consumer,Electronics,Power Bank,Central,Mobile App,2,15966.81,20,No,3.5,6,Debit Card
ORD-101830,12-07-2024 18:00,CUST-11742,Small Business,Fashion,Backpack,West,Mobile App,3,1772.02,30,Yes,4.1,3,
ORD-105135,24-02-2024 13:00,CUST-11623,Enterprise,Home & Kitchen,Desk Lamp,South,Marketplace,1,11090.62,5,No,4.4,4,Net Banking
ORD-103273,08-08-2024 05:00,CUST-10280,Consumer,Electronics,Power Bank,North,Website,1,15316.42,5,No,3.3,3,Net Banking
ORD-102993,12-04-2025 12:00,CUST-10070,Consumer,Books,Data Analytics Guide,Central,Mobile App,4,787.59,20,No,4.7,2,Wallet
ORD-105669,08-01-2025 09:00,CUST-11926,Small Business,Books,Data Analytics Guide,North,Mobile App,1,1280.05,25,No,5,3,Credit Card
ORD-104213,24-01-2025 15:00,CUST-10028,Consumer,Fashion,Casual Shirt,East,Marketplace,4,508.31,5,No,3.6,5,UPI
ORD-100453,14-01-2024 13:00,CUST-10449,Consumer,Electronics,Power Bank,East,Website,4,15899.55,0,No,4.3,5,UPI
ORD-104620,03-12-2024 08:00,CUST-10657,Consumer,Home & Kitchen,Water Bottle,East,Mobile App,2,8510.2,25,Yes,4.1,1,Debit Card
ORD-104238,18-02-2025 16:00,CUST-11019,Consumer,Home & Kitchen,Water Bottle,West,Mobile App,2,1776.4,30,Yes,3.8,4,Wallet
ORD-103261,18-09-2024 18:00,CUST-11932,Consumer,Electronics,Wireless Earbuds,West,Website,1,20777.2,5,No,4.5,4,Credit Card
ORD-105065,12-01-2025 00:00,CUST-10159,Consumer,Electronics,Wireless Earbuds,West,Marketplace,2,7282.51,10,No,4.1,5,UPI
ORD-101604,08-03-2024 19:00,CUST-11290,Consumer,Fashion,Running Shoes,South,Mobile App,1,1597.64,5,No,4.3,2,UPI
ORD-101389,11-05-2025 09:00,CUST-11798,Consumer,Fashion,Backpack,West,Mobile App,1,5970.62,20,No,4,3,UPI
ORD-103204,12-06-2024 11:00,CUST-10345,Consumer,Electronics,Bluetooth Speaker,North,Website,6,5726.07,25,No,3.7,3,Credit Card
ORD-101806,05-01-2024 16:00,CUST-11905,Consumer,Home & Kitchen,Water Bottle,Central,Website,1,913.84,20,No,5,1,UPI
ORD-104727,28-04-2025 23:00,CUST-10482,Consumer,Electronics,Bluetooth Speaker,South,Mobile App,6,5222.74,5,No,4.3,3,UPI
ORD-103038,03-06-2024 08:00,CUST-10268,Small Business,Electronics,USB-C Hub,South,Website,1,9346.5,5,No,4.5,5,Debit Card
ORD-102965,19-11-2024 18:00,CUST-10829,Enterprise,Electronics,Smart Watch,North,Mobile App,2,16376.6,10,No,4.9,4,Debit Card
ORD-105905,21-03-2024 18:00,CUST-11098,Consumer,Electronics,Wireless Earbuds,West,Website,1,1318.02,0,No,4.1,4,Net Banking
ORD-101634,14-08-2024 15:00,CUST-10678,Consumer,Fashion,Casual Shirt,South,Website,3,4634.24,15,No,4.3,2,Wallet
ORD-104140,31-01-2025 10:00,CUST-11693,Small Business,Home & Kitchen,Desk Lamp,South,Marketplace,2,6835.27,0,No,3.9,3,Credit Card
ORD-100229,06-04-2024 12:00,CUST-10922,Small Business,Home & Kitchen,Storage Set,East,Website,3,7509.88,15,No,3.4,1,Debit Card
ORD-100729,25-12-2024 05:00,CUST-11156,Consumer,Beauty,Body Lotion,South,Mobile App,3,3332.86,10,No,4.8,3,Net Banking
ORD-101771,24-07-2024 23:00,CUST-10807,Enterprise,Home & Kitchen,Water Bottle,North,Website,1,5045.32,20,No,3.7,3,Debit Card
ORD-103741,14-06-2024 13:00,CUST-11790,Small Business,Home & Kitchen,Storage Set,North,Website,3,6669.91,10,No,4.2,3,Debit Card
ORD-102184,12-12-2024 01:00,CUST-11685,Consumer,Electronics,Wireless Earbuds,East,Website,1,20356.2,5,No,4.6,3,Credit Card
ORD-100832,04-09-2024 12:00,CUST-10595,Small Business,Home & Kitchen,Water Bottle,West,Marketplace,4,1068.9,20,No,3.9,3,UPI
ORD-100341,07-06-2024 20:00,CUST-10202,Consumer,Beauty,Face Wash,East,Mobile App,3,4742.83,0,No,3.4,2,UPI
ORD-105366,17-02-2024 04:00,CUST-11570,Consumer,Electronics,Power Bank,South,Mobile App,8,19974.81,15,No,3.4,2,Debit Card
ORD-100825,19-02-2024 09:00,CUST-10506,Consumer,Fashion,Hoodie,West,Marketplace,2,5111.76,10,No,3.9,4,Net Banking
ORD-103350,27-03-2024 20:00,CUST-11622,Small Business,Beauty,Face Wash,North,Website,1,1018.47,15,No,5,2,Debit Card
ORD-102092,15-03-2025 13:00,CUST-11463,Consumer,Home & Kitchen,Desk Lamp,Central,Website,2,11234.54,20,No,3.6,4,Net Banking
ORD-104584,16-11-2024 09:00,CUST-10691,Consumer,Fashion,Sports Cap,South,Website,1,5896.64,15,No,4,5,Credit Card
ORD-101737,24-02-2024 12:00,CUST-11227,Consumer,Electronics,Wireless Earbuds,East,Mobile App,6,8919.85,10,No,4.8,5,UPI
ORD-103542,16-02-2024 10:00,CUST-11724,Consumer,Books,Fiction Novel,North,Marketplace,1,602.72,15,No,3.9,4,Debit Card
ORD-105377,19-05-2024 07:00,CUST-11862,Consumer,Beauty,Hair Dryer,South,Website,1,4021.13,15,No,4.5,3,Credit Card
ORD-101785,13-05-2024 00:00,CUST-11903,Consumer,Books,Business Strategy,South,Mobile App,1,1339.93,15,No,4.8,4,Credit Card
ORD-100989,05-03-2025 23:00,CUST-10668,Consumer,Books,Business Strategy,West,Marketplace,1,588.16,0,No,4.3,5,Net Banking
ORD-103368,19-08-2024 07:00,CUST-10263,Consumer,Fashion,Sports Cap,South,Mobile App,2,2134.78,10,No,4.9,4,Credit Card
ORD-103146,16-12-2024 20:00,CUST-10746,Consumer,Beauty,Skin Serum,South,Website,1,4766.27,30,No,3.5,4,Debit Card
ORD-102059,08-08-2024 03:00,CUST-11917,Consumer,Electronics,Smart Watch,South,Mobile App,8,3401.75,10,No,4.1,1,UPI
ORD-104326,09-04-2025 09:00,CUST-11288,Consumer,Books,SQL Handbook,Central,Mobile App,5,1154.36,30,No,3.9,6,UPI
ORD-100775,03-06-2025 09:00,CUST-10311,Consumer,Home & Kitchen,Water Bottle,East,Website,2,1101.04,0,Yes,4.6,4,Credit Card
ORD-103446,23-06-2024 20:00,CUST-11761,Consumer,Fashion,Sports Cap,East,Website,1,3339.16,10,No,4.9,1,Credit Card
ORD-103473,28-04-2025 15:00,CUST-10385,Consumer,Fashion,Hoodie,West,Website,1,5409.32,0,Yes,4.5,2,Debit Card
ORD-103236,17-07-2024 11:00,CUST-10695,Small Business,Home & Kitchen,Storage Set,North,Mobile App,1,8267,10,No,4.1,2,UPI
ORD-104360,05-01-2024 03:00,CUST-11817,Small Business,Home & Kitchen,Air Fryer,Central,Website,2,2801.81,5,No,5,3,UPI
ORD-103746,02-09-2024 03:00,CUST-10126,Consumer,Fashion,Backpack,Central,Mobile App,2,3427.31,5,No,3.5,1,Wallet
ORD-105753,29-05-2024 22:00,CUST-10910,Small Business,Beauty,Body Lotion,Central,Mobile App,2,1451.07,20,No,4.1,2,Credit Card
ORD-103280,17-02-2024 11:00,CUST-11133,Consumer,Beauty,Body Lotion,North,Mobile App,2,4090.61,5,No,4.1,3,UPI
ORD-100861,21-05-2025 14:00,CUST-10239,Consumer,Electronics,USB-C Hub,East,Mobile App,1,19501.21,5,No,4.2,4,Wallet
ORD-100335,17-03-2025 08:00,CUST-11574,Consumer,Home & Kitchen,Air Fryer,Central,Website,2,6128.7,20,No,4.3,4,
ORD-102386,04-06-2025 08:00,CUST-11496,Consumer,Electronics,Wireless Earbuds,East,Website,6,12325.47,15,No,4.1,3,Debit Card
ORD-102176,27-02-2024 11:00,CUST-10107,Consumer,Electronics,Smart Watch,Central,Mobile App,3,12610.22,20,No,4.1,2,Credit Card
ORD-101276,24-12-2024 18:00,CUST-11252,Consumer,Home & Kitchen,Desk Lamp,East,Marketplace,1,6592.65,20,No,4,5,Debit Card
ORD-101463,28-01-2024 19:00,CUST-10922,Small Business,Books,Data Analytics Guide,North,Marketplace,1,661.78,25,No,2.5,2,Wallet
ORD-105519,13-10-2024 17:00,CUST-11417,Enterprise,Electronics,USB-C Hub,North,Website,2,18388.9,25,No,3.6,4,Credit Card
ORD-105849,02-02-2024 18:00,CUST-11783,Consumer,Books,Business Strategy,Central,Marketplace,1,1069.15,5,No,3.8,5,UPI
ORD-102619,31-05-2025 07:00,CUST-11748,Consumer,Electronics,Wireless Earbuds,East,Mobile App,2,4196.52,15,No,4.3,5,Debit Card
ORD-104787,06-01-2024 23:00,CUST-11683,Consumer,Beauty,Hair Dryer,East,Website,2,382.69,10,No,3.7,3,UPI
ORD-104208,03-05-2024 13:00,CUST-10747,Consumer,Electronics,Power Bank,South,Website,1,14413.61,30,No,5,4,Wallet
ORD-101689,21-02-2024 08:00,CUST-10843,Consumer,Beauty,Skin Serum,West,Marketplace,2,1748.78,30,No,4.3,5,UPI
ORD-102139,06-08-2024 10:00,CUST-11688,Consumer,Beauty,Face Wash,South,Website,2,4014.6,20,No,3.6,1,Debit Card
ORD-103942,21-05-2025 15:00,,Enterprise,Fashion,Hoodie,West,Website,2,1880.31,0,No,3.8,3,Credit Card
ORD-102349,02-10-2024 07:00,CUST-11471,Small Business,Electronics,Bluetooth Speaker,South,Marketplace,1,19139.92,0,No,3.6,4,Credit Card
ORD-102013,18-05-2025 08:00,CUST-11171,Consumer,Beauty,Skin Serum,South,Mobile App,2,4787.84,30,No,2.9,2,Debit Card
ORD-102247,06-04-2024 07:00,CUST-11164,Consumer,Electronics,Wireless Earbuds,North,Marketplace,2,9739.01,10,No,3.5,2,Wallet
ORD-102357,29-04-2024 16:00,CUST-10292,Enterprise,Home & Kitchen,Coffee Maker,East,Marketplace,8,11586.48,5,No,3.4,4,Credit Card
ORD-105328,10-04-2024 00:00,CUST-11769,Small Business,Beauty,Face Wash,North,Mobile App,1,533.08,5,No,4,2,Debit Card
ORD-103373,01-10-2024 14:00,CUST-11768,Consumer,Fashion,Sports Cap,East,Mobile App,1,2298.83,20,No,4.2,5,Credit Card
ORD-100995,07-12-2024 19:00,CUST-10476,Enterprise,Electronics,Wireless Earbuds,East,Website,5,9094.03,0,No,4,1,UPI
ORD-104407,11-04-2024 13:00,CUST-10824,Consumer,Fashion,Running Shoes,West,Marketplace,3,2636.64,25,No,4.2,1,Wallet
ORD-105599,24-02-2025 16:00,CUST-11228,Consumer,Home & Kitchen,Coffee Maker,Central,Website,2,5963.1,15,No,3.6,3,Debit Card
ORD-103968,18-11-2024 01:00,CUST-10879,Consumer,Fashion,Hoodie,East,Marketplace,2,790.89,5,No,4,5,UPI
ORD-101597,30-01-2025 23:00,CUST-10242,Small Business,Electronics,Wireless Earbuds,Central,Mobile App,1,18338.36,25,No,3.7,4,UPI
ORD-103990,15-02-2025 23:00,CUST-11311,Enterprise,Electronics,Wireless Earbuds,East,Marketplace,1,5536.86,10,No,4.7,4,Debit Card
ORD-105057,28-03-2025 17:00,CUST-11167,Consumer,Home & Kitchen,Desk Lamp,South,Website,2,11142.46,0,No,4.5,2,Debit Card
ORD-102208,08-05-2024 01:00,CUST-11003,Consumer,Electronics,Power Bank,North,Website,1,2218.72,10,No,4.3,4,Debit Card
ORD-103014,24-09-2024 11:00,CUST-10619,Small Business,Electronics,Power Bank,North,Website,5,10258.38,20,No,3.4,2,Credit Card
ORD-101167,05-08-2024 15:00,CUST-11332,Consumer,Home & Kitchen,Water Bottle,North,Marketplace,2,3985.84,15,No,3.1,2,Debit Card
ORD-105446,30-12-2024 12:00,CUST-10890,Consumer,Home & Kitchen,Coffee Maker,South,Website,1,4487.51,10,No,4.4,3,Credit Card
ORD-100033,29-10-2024 19:00,CUST-10556,Consumer,Electronics,Smart Watch,East,Marketplace,5,4392,10,No,4.4,1,Credit Card
ORD-103263,15-04-2025 14:00,CUST-10094,Consumer,Fashion,Hoodie,North,Marketplace,1,1934.83,5,No,3.5,7,Net Banking
ORD-105073,02-03-2025 17:00,CUST-10881,Small Business,Home & Kitchen,Storage Set,South,Mobile App,2,3703.21,0,No,3.9,6,UPI
ORD-100768,17-03-2024 09:00,CUST-10465,Consumer,Fashion,Running Shoes,North,Website,3,3815.79,10,No,5,5,Net Banking
ORD-100910,24-02-2025 14:00,CUST-10524,Small Business,Fashion,Running Shoes,East,Mobile App,1,3291.53,10,No,3.8,1,Debit Card
ORD-102363,05-03-2024 22:00,CUST-11906,Consumer,Books,Leadership Book,Central,Mobile App,1,1136.79,10,No,2.8,3,Credit Card
ORD-100966,24-11-2024 11:00,CUST-10212,Consumer,Home & Kitchen,Air Fryer,North,Mobile App,3,7211.25,0,No,4.8,3,Credit Card
ORD-103428,01-03-2025 21:00,CUST-10568,Consumer,Home & Kitchen,Coffee Maker,West,Mobile App,6,914.32,20,No,5,3,Debit Card
ORD-104881,28-06-2025 18:00,CUST-11022,Consumer,Electronics,Bluetooth Speaker,West,Website,6,1994.34,15,No,4.5,5,UPI
ORD-101277,26-02-2025 11:00,CUST-11345,Consumer,Books,Leadership Book,West,Marketplace,2,1764.19,20,No,3.3,2,Wallet
ORD-100036,13-04-2025 15:00,CUST-11656,Small Business,Fashion,Casual Shirt,North,Website,2,3280.42,0,No,3.1,3,Wallet
ORD-100153,09-06-2024 07:00,CUST-10689,Consumer,Electronics,Power Bank,West,Website,1,12107.71,20,No,4.6,3,Wallet
ORD-102404,28-07-2024 15:00,CUST-11942,Consumer,Fashion,Hoodie,South,Mobile App,1,5612.03,20,No,3.8,2,Wallet
ORD-100332,18-06-2024 05:00,CUST-11903,Consumer,Electronics,Power Bank,South,Website,1,15562.67,25,No,3.4,3,Credit Card
ORD-104897,14-11-2024 07:00,CUST-10535,Consumer,Electronics,Smart Watch,East,Website,1,21934.13,0,No,4.4,4,Debit Card
ORD-100657,11-12-2024 14:00,CUST-11500,Consumer,Home & Kitchen,Air Fryer,North,Mobile App,1,8897.57,20,No,3.6,5,Wallet
ORD-100579,25-02-2024 12:00,CUST-11608,Consumer,Electronics,Wireless Earbuds,East,Website,1,10953.85,20,No,4.8,1,Credit Card
ORD-105552,24-12-2024 05:00,CUST-11213,Enterprise,Beauty,Perfume,Central,Mobile App,1,1972.78,0,No,4.2,1,Credit Card
ORD-102041,02-05-2025 08:00,CUST-10503,Consumer,Electronics,Wireless Earbuds,Central,Website,1,18424.48,5,No,4.3,3,Net Banking
ORD-102688,14-12-2024 09:00,CUST-10062,Consumer,Beauty,Face Wash,West,Website,2,3886.88,5,No,4.4,3,Net Banking
ORD-100401,28-02-2025 11:00,CUST-10457,Enterprise,Beauty,Face Wash,West,Mobile App,2,4011.24,0,No,3.5,2,Net Banking
ORD-101383,04-05-2025 19:00,CUST-11542,Consumer,Home & Kitchen,Air Fryer,West,Mobile App,3,779.56,0,No,3.9,1,Debit Card
ORD-105526,16-11-2024 18:00,CUST-10057,Consumer,Beauty,Perfume,West,Marketplace,5,4727.12,20,No,4.4,3,Net Banking
ORD-100709,11-09-2024 10:00,CUST-10639,Consumer,Beauty,Body Lotion,South,Marketplace,4,1455.7,0,No,4.5,3,Debit Card
ORD-103615,31-08-2024 23:00,CUST-10081,Consumer,Electronics,Bluetooth Speaker,West,Website,1,16806.56,0,No,3.7,4,Net Banking
ORD-101862,07-04-2025 23:00,CUST-10146,Consumer,Electronics,Smart Watch,South,Website,5,10484.93,15,No,2.5,4,Debit Card
ORD-103229,01-04-2025 00:00,,Consumer,Home & Kitchen,Storage Set,North,Mobile App,1,9372.29,5,No,2.7,5,Debit Card
ORD-102424,09-07-2024 07:00,CUST-10011,Consumer,Books,SQL Handbook,North,Website,4,583.28,10,No,4.1,1,UPI
ORD-105796,19-04-2025 05:00,CUST-11791,Consumer,Home & Kitchen,water bottle,West,Mobile App,2,11302.41,15,No,5,3,Wallet
ORD-100853,10-05-2024 06:00,CUST-11435,Consumer,Home & Kitchen,Air Fryer,East,Website,3,3331.8,5,No,5,2,Net Banking
ORD-100159,04-03-2025 00:00,CUST-11375,Consumer,Home & Kitchen,Coffee Maker,Central,Website,2,11777.93,20,Yes,4.6,3,Credit Card
ORD-104112,23-03-2024 14:00,CUST-10637,Consumer,Fashion,Running Shoes,North,Mobile App,1,4838.57,0,No,4.1,4,UPI
ORD-101832,17-11-2024 09:00,CUST-10825,Consumer,Fashion,Hoodie,East,Mobile App,3,2849.98,5,No,4.4,1,Debit Card
ORD-101325,12-04-2024 10:00,CUST-10854,Consumer,Fashion,Hoodie,Central,Website,1,3745.77,15,Yes,3.9,3,Debit Card
ORD-103636,22-10-2024 03:00,CUST-10898,Small Business,Electronics,Wireless Earbuds,North,Website,1,16184.42,5,No,4.8,1,Debit Card
ORD-102057,07-02-2025 06:00,CUST-10506,Small Business,Fashion,Sports Cap, South ,Website,8,2570.1,5,No,5,3,Debit Card
ORD-105493,22-04-2024 15:00,CUST-11718,Small Business,Books,Data Analytics Guide,Central,Website,8,362.55,30,No,5,3,Net Banking
ORD-101459,08-10-2024 19:00,CUST-10735,Consumer,Beauty,Perfume,East,Website,1,2539.18,30,No,4.2,4,Net Banking
ORD-101116,27-06-2025 15:00,CUST-10513,Consumer,Fashion,Running Shoes,East,Mobile App,3,3490.22,5,No,3.9,3,UPI
ORD-104862,02-05-2025 00:00,CUST-11353,Consumer,Electronics,Wireless Earbuds,North,Marketplace,4,3061.18,10,No,4,1,Credit Card
ORD-101682,20-01-2024 04:00,CUST-11145,Consumer,Beauty,Perfume,North,Mobile App,2,382.6,15,No,5,1,Wallet
ORD-103555,01-09-2024 07:00,CUST-10060,Consumer,Home & Kitchen,Storage Set,East,Mobile App,2,7115.45,10,No,4.3,6,Debit Card
ORD-103374,02-01-2025 03:00,CUST-10986,Consumer,Home & Kitchen,Desk Lamp,South,Website,2,8997.02,30,No,2.9,4,Debit Card
ORD-105948,25-05-2025 11:00,CUST-11256,Consumer,Home & Kitchen,Air Fryer,North,Website,1,3260.15,0,No,5,3,Credit Card
ORD-100801,13-06-2024 20:00,CUST-10854,Consumer,Electronics,Smart Watch,West,Website,1,14826.99,10,No,4.1,5,Credit Card
ORD-103214,02-11-2024 16:00,CUST-11873,Enterprise,Electronics,Power Bank,East,Marketplace,2,6908.11,20,No,4.7,3,UPI
ORD-100518,16-09-2024 14:00,CUST-11758,Consumer,Fashion,Casual Shirt,South,Website,3,1070.13,20,No,3.8,5,UPI
ORD-101741,10-02-2025 00:00,CUST-11016,Consumer,Electronics,Wireless Earbuds,Central,Website,4,13645.03,0,No,4.4,1,UPI
ORD-103570,12-03-2025 13:00,CUST-11519,Consumer,Fashion,Backpack,Central,Mobile App,2,1879.98,20,Yes,3.3,2,Credit Card
ORD-105342,05-11-2024 13:00,CUST-11139,Small Business,Fashion,Running Shoes,West,Website,3,1759.77,10,No,3.8,2,UPI
ORD-105352,07-03-2024 08:00,CUST-11067,Consumer,Beauty,Skin Serum,East,Marketplace,1,2789.09,15,No,4.5,5,Credit Card
ORD-103143,06-11-2024 05:00,CUST-11290,Consumer,Fashion,Backpack,West,Marketplace,2,2973.24,10,No,4.6,3,Credit Card
ORD-101152,23-08-2024 06:00,CUST-10849,Consumer,Home & Kitchen,Desk Lamp,North,Marketplace,1,5068.03,10,No,5,1,UPI
ORD-100787,09-01-2025 15:00,CUST-10148,Consumer,Electronics,Bluetooth Speaker,Central,Mobile App,1,17417.05,0,No,5,2,Credit Card
ORD-103878,07-04-2024 08:00,CUST-11722,Consumer,Fashion,Running Shoes,North,Marketplace,3,4030.14,10,No,3.2,3,Credit Card
ORD-104880,26-07-2024 12:00,CUST-10277,Consumer,Electronics,Bluetooth Speaker,West,Mobile App,2,5684.81,10,No,3.7,2,Net Banking
ORD-104632,29-05-2024 23:00,CUST-11424,Small Business,Books,Business Strategy,Central,Website,1,280.83,5,No,3.7,1,Debit Card
ORD-104760,12-06-2025 02:00,CUST-10882,Small Business,Home & Kitchen,Coffee Maker,West,Marketplace,3,10784.88,15,No,3.7,1,Net Banking
ORD-100804,07-02-2025 02:00,CUST-10644,Small Business,Electronics,USB-C Hub,East,Marketplace,2,14423.89,0,No,3.4,5,Credit Card
ORD-103919,01-12-2024 04:00,CUST-11812,Consumer,Fashion,Sports Cap,East,Mobile App,8,5443.77,0,No,5,1,UPI
ORD-104795,13-04-2024 11:00,CUST-10939,Small Business,Beauty,Body Lotion,East,Website,1,2968.16,0,No,3.5,5,Wallet
ORD-105437,07-01-2024 15:00,CUST-10282,Consumer,Beauty,Hair Dryer,North,Marketplace,1,2281.33,15,No,4.2,3,Credit Card
ORD-102756,27-04-2025 19:00,CUST-10025,Consumer,Electronics,Power Bank,West,Mobile App,5,6934.74,5,No,3.9,2,UPI
ORD-101635,19-10-2024 18:00,CUST-10327,Consumer,Electronics,Wireless Earbuds,East,Website,4,5672.3,20,No,,4,UPI
ORD-100286,28-03-2024 22:00,CUST-11309,Consumer,Fashion,Running Shoes,North,Mobile App,2,3511.09,5,No,5,3,Credit Card
ORD-103026,02-03-2024 22:00,CUST-11287,Consumer,Electronics,Wireless Earbuds,Central,Mobile App,3,6487.8,20,No,3.6,3,Credit Card
ORD-102145,30-08-2024 09:00,CUST-10818,Consumer,Beauty,Skin Serum,South,Marketplace,3,4227.81,10,No,4.8,3,Wallet
ORD-102767,26-06-2025 12:00,CUST-10281,Consumer,Fashion,Sports Cap,Central,Mobile App,1,3213.07,15,No,4.2,3,Wallet
ORD-104415,29-08-2024 17:00,CUST-11485,Consumer,Beauty,Body Lotion,West,Mobile App,3,3358.51,0,No,4.5,5,Credit Card
ORD-103002,22-05-2025 18:00,CUST-10465,Consumer,Fashion,Casual Shirt,west,Website,4,2161.38,10,No,4.1,1,Wallet
ORD-100269,18-11-2024 15:00,CUST-11216,Consumer,Electronics,Wireless Earbuds,West,Marketplace,3,4179.47,10,No,3.3,7,Debit Card
ORD-101398,14-01-2024 15:00,CUST-10309,Enterprise,Electronics,Bluetooth Speaker,West,Marketplace,4,13886.15,10,No,3.6,5,Net Banking
ORD-102926,02-12-2024 14:00,CUST-11471,Consumer,Beauty,Hair Dryer,South,Marketplace,2,2482.23,15,No,3.7,1,Credit Card
ORD-105515,16-01-2025 08:00,CUST-11738,Consumer,Fashion,Hoodie,East,Mobile App,1,1970.8,20,No,3.6,4,Credit Card
ORD-101916,03-06-2024 02:00,CUST-11396,Consumer,Beauty,Face Wash,South,Marketplace,1,564.67,10,No,5,5,Credit Card
ORD-102373,05-08-2024 14:00,CUST-11491,Consumer,Fashion,Backpack,South,Mobile App,2,1173.73,25,No,3,1,Net Banking
ORD-100334,08-09-2024 04:00,CUST-11766,Consumer,Home & Kitchen,Storage Set,East,Marketplace,1,1504.96,15,No,3.4,3,Wallet
ORD-104079,21-02-2025 02:00,CUST-11394,Consumer,Books,SQL Handbook,East,Website,4,347.52,30,No,4.1,1,Debit Card
ORD-100128,09-11-2024 18:00,CUST-10411,Consumer,Fashion,Hoodie,East,Marketplace,8,957.31,5,No,4,4,Net Banking
ORD-100359,12-02-2025 18:00,CUST-10501,Consumer,Fashion,Running Shoes,West,Website,1,5968.15,0,No,4.6,4,Credit Card
ORD-104629,11-07-2024 06:00,CUST-11115,Small Business,Beauty,Face Wash,South,Mobile App,1,359.36,15,No,5,1,Credit Card
ORD-102470,02-05-2025 06:00,CUST-10582,Consumer,Fashion,Casual Shirt,Central,Mobile App,3,2294.92,0,No,4.2,5,UPI
ORD-103387,06-02-2025 04:00,CUST-11334,Consumer,Electronics,Bluetooth Speaker,Central,Mobile App,3,5674.88,10,No,4.1,3,Credit Card
ORD-103963,25-07-2024 12:00,CUST-10680,Small Business,Home & Kitchen,Coffee Maker,West,Mobile App,1,11713.8,5,No,4.2,2,Debit Card
ORD-100444,04-10-2024 14:00,CUST-11767,Enterprise,Books,Business Strategy,Central,Website,4,994.65,15,No,3.5,4,UPI
ORD-103771,29-06-2024 13:00,CUST-11110,Consumer,Fashion,Hoodie,Central,Website,-3,515.57,0,No,3.9,6,Credit Card
ORD-100204,06-09-2024 18:00,CUST-10549,Small Business,Books,Business Strategy,South,Marketplace,1,1055.59,0,Yes,4.4,3,Net Banking
ORD-105042,05-08-2024 12:00,CUST-11011,Consumer,Beauty,Body Lotion,Central,Marketplace,1,920.12,15,No,3.7,4,Wallet
ORD-103133,14-02-2024 07:00,CUST-11555,Consumer,Electronics,Wireless Earbuds,Central,Mobile App,2,11615.74,15,No,5,1,UPI
ORD-105296,03-01-2024 17:00,CUST-11304,Small Business,Fashion,Hoodie,Central,Marketplace,2,2860.2,15,No,4.3,4,Credit Card
ORD-104814,11-02-2025 11:00,CUST-11537,Consumer,Fashion,Backpack,West,Mobile App,6,5555.48,15,No,3.9,3,Credit Card
ORD-104815,11-06-2024 09:00,CUST-11404,Consumer,Home & Kitchen,Coffee Maker,North,Website,2,7972.79,15,No,3.2,5,Debit Card
ORD-101000,17-03-2025 08:00,CUST-10621,Consumer,Fashion,backpack,Central,Mobile App,1,2620.94,30,No,2.6,3,Credit Card
ORD-101416,12-12-2024 16:00,CUST-11690,Consumer,Fashion,Casual Shirt,Central,Website,2,5345.13,10,No,3.3,1,UPI
ORD-103385,14-05-2024 17:00,CUST-10397,Consumer,Books,Business Strategy,East,Marketplace,1,1149.28,0,No,3.4,1,UPI
ORD-105520,26-08-2024 12:00,CUST-11485,Consumer,Fashion,Casual Shirt,South,Marketplace,2,3046.54,10,Yes,4.4,4,Net Banking
ORD-102051,14-06-2024 04:00,CUST-10266,Consumer,Home & Kitchen,Air Fryer,North,Website,3,10115.75,10,No,3.8,2,Debit Card
ORD-100925,31-05-2025 13:00,CUST-11863,Consumer,Fashion,Hoodie,South,Mobile App,1,1038.81,20,No,3.2,1,Net Banking
ORD-103040,03-08-2024 18:00,CUST-11784,Small Business,Home & Kitchen,Coffee Maker,South,Mobile App,2,5187.58,30,No,4.1,3,UPI
ORD-103775,13-04-2024 01:00,CUST-10598,Small Business,Home & Kitchen,Water Bottle,South,Website,1,10237.99,20,No,4,5,Wallet
ORD-101342,06-03-2024 03:00,CUST-11272,Enterprise,Fashion,Hoodie,South,Marketplace,2,839.59,0,No,5,4,Debit Card
ORD-105686,18-02-2025 05:00,CUST-10225,Consumer,Beauty,Body Lotion,North,Website,8,1495.22,0,No,4.2,4,Debit Card
ORD-103783,18-02-2025 15:00,CUST-11527,Consumer,Electronics,Bluetooth Speaker,West,Website,4,5678.59,15,No,4.5,4,Wallet
ORD-104701,31-01-2024 17:00,CUST-10928,Consumer,Fashion,Running Shoes,Central,Mobile App,2,933.55,20,No,5,2,UPI
ORD-101874,11-08-2024 01:00,CUST-10062,Consumer,Fashion,Running Shoes,North,Marketplace,1,3386.72,10,Yes,3.6,5,UPI
ORD-101063,20-01-2025 04:00,CUST-10820,Consumer,Fashion,Casual Shirt,North,Website,10,5786.64,0,No,5,4,Debit Card
ORD-105861,20-11-2024 12:00,CUST-10358,Consumer,Home & Kitchen,Desk Lamp,South,Website,2,9891.43,15,No,3.1,3,Credit Card
ORD-102636,02-07-2024 05:00,CUST-10462,Consumer,Electronics,Bluetooth Speaker,Central,Mobile App,1,16544.86,20,No,5,4,Credit Card
ORD-101225,13-06-2025 13:00,CUST-11449,Consumer,Books,Leadership Book,East,Website,2,799.67,30,No,4.5,1,UPI
ORD-105673,20-12-2024 19:00,CUST-10253,Enterprise,Electronics,USB-C Hub,North,Mobile App,8,6728.35,20,No,5,3,Debit Card
ORD-100010,14-10-2024 11:00,CUST-10679,Consumer,Home & Kitchen,Desk Lamp,West,Mobile App,3,11487.36,30,No,3.9,2,UPI
ORD-103251,11-02-2025 22:00,CUST-10020,Consumer,Electronics,Smart Watch,South,Marketplace,2,4395.71,20,No,5,2,UPI
ORD-103018,22-11-2024 12:00,CUST-10188,Consumer,Beauty,Hair Dryer,East,Website,1,399.94,20,No,5,4,Net Banking
ORD-105733,12-08-2024 02:00,CUST-11606,Enterprise,Home & Kitchen,Coffee Maker,North,Mobile App,2,2371.33,25,No,5,4,Debit Card
ORD-104579,08-06-2024 14:00,CUST-10876,Consumer,Home & Kitchen,Coffee Maker,West,Mobile App,4,959.79,10,No,3.4,1,UPI
ORD-105655,30-04-2024 03:00,CUST-11658,Consumer,Electronics,Wireless Earbuds,Central,Marketplace,1,16486.73,15,No,4.2,6,Wallet
ORD-102638,23-03-2024 11:00,CUST-10198,Small Business,Electronics,Wireless Earbuds,South,Mobile App,1,7798.36,15,No,4.8,4,Credit Card
ORD-104893,27-01-2024 19:00,CUST-10072,Consumer,Electronics,Smart Watch,South,Marketplace,3,5491.25,5,No,3.4,4,UPI
ORD-102246,10-11-2024 07:00,CUST-11673,Consumer,Fashion,Running Shoes,South,Website,1,3711.75,5,No,4.3,5,Credit Card
ORD-102596,30-09-2024 08:00,CUST-10405,Small Business,Books,Data Analytics Guide,South,Mobile App,5,557.47,15,No,4.1,5,Credit Card
ORD-101434,23-06-2024 10:00,CUST-10270,Consumer,Fashion,Casual Shirt,South,Mobile App,5,5059.08,20,No,4.5,4,Debit Card
ORD-101013,20-06-2024 16:00,CUST-11669,Small Business,Electronics,USB-C Hub,North,Mobile App,3,6622.27,0,No,4.2,4,UPI
ORD-105035,03-05-2024 18:00,CUST-10314,Small Business,Books,Fiction Novel,South,Mobile App,1,1418.02,10,No,,5,UPI
ORD-103284,14-08-2024 02:00,CUST-11422,Small Business,Beauty,Perfume,Central,Mobile App,4,1258.54,5,Yes,4.2,4,UPI
ORD-101388,01-05-2025 10:00,CUST-11609,Consumer,Beauty,Perfume,South,Website,1,2604.48,15,No,3.7,3,Wallet
ORD-100731,16-08-2024 13:00,CUST-11287,Consumer,Books,Data Analytics Guide,East,Marketplace,1,404.03,20,No,4,4,Debit Card
ORD-103984,13-04-2025 07:00,CUST-10288,Small Business,Home & Kitchen,Storage Set,West,Mobile App,1,3514.99,10,No,4.3,3,Debit Card
ORD-105329,25-09-2024 10:00,CUST-11014,Consumer,Home & Kitchen,Desk Lamp,East,Website,5,1962.62,0,No,3.6,5,Wallet
ORD-101502,05-05-2024 01:00,CUST-11285,Small Business,Fashion,Sports Cap,East,Website,2,3615.62,10,No,3.6,1,Debit Card
ORD-100177,29-03-2024 01:00,CUST-11336,Consumer,Home & Kitchen,Storage Set,East,Mobile App,2,10721.35,15,No,4.8,3,Credit Card
ORD-105729,14-08-2024 12:00,,Consumer,Home & Kitchen,Coffee Maker,West,Website,1,5768.15,5,No,4.4,2,Wallet
ORD-104950,29-06-2024 09:00,CUST-11558,Small Business,Fashion,Hoodie,West,Website,4,5305.68,15,No,4.2,3,UPI
ORD-101235,08-07-2024 04:00,CUST-11715,Consumer,Electronics,Wireless Earbuds,East,Website,1,5500.44,20,No,4.4,3,Credit Card
ORD-100210,22-05-2024 14:00,CUST-10939,Consumer,Home & Kitchen,Water Bottle,East,Website,1,9660.87,15,No,4.8,4,Credit Card
ORD-101783,05-06-2025 09:00,CUST-10761,Small Business,Fashion,Backpack,West,Website,1,558.06,30,No,3.9,3,UPI
ORD-105935,03-06-2024 18:00,CUST-10777,Small Business,Books,Data Analytics Guide,West,Mobile App,2,1016.11,15,No,4.3,5,Debit Card
ORD-101662,11-04-2024 03:00,CUST-11468,Consumer,Home & Kitchen,Air Fryer,North,Website,2,11217.19,15,No,4.1,3,Debit Card
ORD-102454,29-03-2025 05:00,CUST-10982,Consumer,Books,Leadership Book,West,Website,1,1410.6,10,No,4,4,Debit Card
ORD-103836,17-04-2024 06:00,CUST-10318,Consumer,Electronics,Smart Watch,North,Website,2,3919.27,30,No,4,1,
ORD-105500,31-05-2025 12:00,CUST-11253,Consumer,Electronics,Wireless Earbuds,West,Website,1,10668.58,20,No,5,1,Wallet
ORD-101994,15-02-2025 16:00,CUST-10781,Consumer,Fashion,Casual Shirt,North,Mobile App,5,2597.33,10,No,4.3,5,Debit Card
ORD-101240,04-10-2024 11:00,CUST-10436,Small Business,Beauty,Face Wash,Central,Website,3,873.38,20,No,3.4,2,Credit Card
ORD-105253,01-11-2024 23:00,CUST-10470,Small Business,Beauty,Skin Serum,South,Website,2,1212.19,20,No,4,2,UPI
ORD-102125,19-05-2024 07:00,CUST-10143,Consumer,Electronics,Power Bank,Central,Marketplace,6,20757.95,5,Yes,3.5,4,UPI
ORD-105346,28-09-2024 20:00,CUST-10550,Consumer,Fashion,Backpack,Central,Website,1,4108.23,10,No,4.7,3,Net Banking
ORD-103080,27-08-2024 21:00,CUST-10308,Consumer,Electronics,USB-C Hub,West,Website,2,8828.77,5,No,4.2,3,Debit Card
ORD-103360,21-06-2025 14:00,CUST-10244,Enterprise,Home & Kitchen,Desk Lamp,South,Website,1,10166.42,15,No,3.1,4,UPI
ORD-101950,14-05-2025 20:00,CUST-11244,Small Business,Electronics,Power Bank,North,Marketplace,4,20029.66,10,No,5,1,
ORD-105286,05-06-2024 14:00,CUST-10429,Consumer,Home & Kitchen,Air Fryer,North,Mobile App,1,6955.63,20,Yes,3.6,3,Credit Card
ORD-101078,16-08-2024 02:00,CUST-10802,Consumer,Electronics,Bluetooth Speaker,West,Marketplace,1,16236.18,20,No,5,4,Credit Card
ORD-100016,07-10-2024 05:00,CUST-10194,Small Business,Books,SQL Handbook,South,Website,5,1798.4,20,No,4.2,5,Debit Card
ORD-105866,27-01-2025 02:00,CUST-11758,Consumer,Electronics,USB-C Hub,East,Marketplace,3,7238.78,10,Yes,4.5,4,Net Banking
ORD-103866,12-10-2024 01:00,CUST-10133,Consumer,Fashion,Running Shoes, North ,Marketplace,4,3134.75,10,No,4.3,4,Net Banking
ORD-103072,11-05-2024 04:00,CUST-10323,Consumer,Electronics,Wireless Earbuds,West,Mobile App,4,4817.25,15,No,3.6,1,UPI
ORD-104694,21-01-2025 08:00,CUST-10104,Small Business,Electronics,Wireless Earbuds,East,Website,3,19259.18,30,No,5,4,Wallet
ORD-102383,02-08-2024 13:00,CUST-10586,Consumer,Electronics,Wireless Earbuds,North,Website,4,3294.33,25,No,4,4,Wallet
ORD-102941,26-05-2025 11:00,CUST-11868,Consumer,Fashion,Hoodie,Central,Website,2,5540.45,5,No,5,4,Credit Card
ORD-105705,21-03-2025 01:00,CUST-11270,Consumer,Home & Kitchen,Coffee Maker,North,Mobile App,4,5141.25,10,No,3.4,4,Credit Card
ORD-101503,25-06-2024 02:00,CUST-11156,Consumer,Home & Kitchen,Water Bottle,East,Mobile App,8,3169.71,20,No,4.8,5,Credit Card
ORD-101840,20-08-2024 03:00,CUST-11924,Enterprise,Books,Fiction Novel,Central,Mobile App,1,425.47,15,No,3.4,2,Debit Card
ORD-100842,11-05-2025 14:00,CUST-10352,Consumer,Fashion,Backpack,West,Website,2,5613.86,10,No,4.3,2,Wallet
ORD-101786,18-04-2024 05:00,CUST-11248,Consumer,Home & Kitchen,Desk Lamp,West,Mobile App,2,6951.05,25,No,4,2,UPI
ORD-104086,27-05-2024 04:00,CUST-11708,Small Business,Beauty,Face Wash,West,Marketplace,1,1734.91,5,No,4.2,3,Debit Card
ORD-104265,25-06-2025 00:00,CUST-10482,Small Business,Electronics,Wireless Earbuds,West,Website,5,7012.81,10,No,3,3,Credit Card
ORD-105722,08-01-2025 13:00,CUST-10449,Consumer,Beauty,Perfume,South,Website,1,3576.96,0,No,3.8,4,Credit Card
ORD-101175,04-07-2024 00:00,CUST-10655,Consumer,Fashion,Backpack,South,Website,1,1151.67,15,No,4.4,4,Net Banking
ORD-104098,09-03-2025 09:00,CUST-10115,Small Business,Electronics,Smart Watch,North,Website,6,9604.56,20,No,3.7,2,Debit Card
ORD-104697,18-02-2024 13:00,CUST-10280,Small Business,Beauty,Hair Dryer,West,Mobile App,1,1178.13,20,No,4.1,2,Credit Card
ORD-102562,30-12-2024 01:00,CUST-11462,Consumer,Electronics,Bluetooth Speaker,Central,Website,2,21961.5,5,No,4.4,5,UPI
ORD-100040,31-03-2024 05:00,CUST-10725,Consumer,Home & Kitchen, Storage Set ,West,Mobile App,1,1300.17,10,No,4.3,2,Wallet
ORD-104644,15-01-2024 12:00,CUST-11402,Small Business,Fashion,Sports Cap,Central,Marketplace,2,4024.89,0,No,3.5,5,Wallet
ORD-105893,26-06-2024 03:00,CUST-10797,Consumer,Electronics,Wireless Earbuds,South,Website,2,5658.01,20,No,3.7,3,UPI
ORD-103343,03-12-2024 22:00,CUST-10746,Small Business,Home & Kitchen,Desk Lamp,West,Website,2,2402.93,25,No,4.2,5,Debit Card
ORD-101145,20-09-2024 12:00,CUST-10287,Small Business,Electronics,USB-C Hub,South,Website,5,1745.24,10,No,3.4,3,Credit Card
ORD-103053,14-07-2024 07:00,CUST-11706,Small Business,Electronics,Power Bank,North,Mobile App,2,12937.42,20,No,4.3,1,Credit Card
ORD-104998,05-01-2025 12:00,CUST-10033,Consumer,Electronics,USB-C Hub,South,Marketplace,2,5382.97,15,No,4.4,3,Credit Card
ORD-102044,31-05-2024 15:00,CUST-10680,Enterprise,Electronics,Power Bank,Central,Website,1,18149.53,10,No,5,3,UPI
ORD-102300,26-05-2024 00:00,CUST-10909,Consumer,Fashion,Running Shoes,North,Website,6,5765.05,10,No,4.1,3,Credit Card
ORD-100404,29-09-2024 15:00,CUST-11220,Small Business,Books,Leadership Book,West,Mobile App,1,1699.14,5,No,2.9,2,Credit Card
ORD-103736,26-07-2024 00:00,CUST-11748,Consumer,Electronics,Bluetooth Speaker,South,Marketplace,1,8393.54,15,No,3.3,3,Wallet
ORD-104015,18-03-2024 08:00,CUST-11596,Small Business,Books,Leadership Book,North,Mobile App,2,575.64,20,No,3.4,2,UPI
ORD-103452,04-09-2024 01:00,CUST-11021,Consumer,Home & Kitchen,Air Fryer,South,Marketplace,2,10696.08,10,No,4,4,UPI
ORD-103913,27-10-2024 11:00,CUST-10784,Small Business,Beauty,Perfume,Central,Marketplace,5,3303.28,15,No,4.1,5,UPI
ORD-101066,20-05-2025 10:00,CUST-11497,Consumer,Home & Kitchen,Coffee Maker,Central,Mobile App,2,9484.55,10,No,4.6,4,Debit Card
ORD-101742,05-09-2024 21:00,CUST-11923,Consumer,Beauty,Perfume,South,Website,1,3241.87,0,No,4.8,4,Net Banking
ORD-102391,15-04-2024 00:00,CUST-11491,Consumer,Home & Kitchen,Water Bottle,East,Website,4,5346.88,20,No,5,4,UPI
ORD-101159,04-07-2024 23:00,,Consumer,Electronics,Wireless Earbuds,North,Marketplace,2,1914.95,20,No,3.7,5,Wallet
ORD-105431,03-05-2024 14:00,CUST-10943,Consumer,Electronics,Power Bank,South,Marketplace,1,4714.22,10,No,4,5,Net Banking
ORD-105744,10-01-2024 04:00,CUST-11888,Consumer,Fashion,Backpack,North,Mobile App,2,2996.86,10,Yes,3.6,2,Debit Card
ORD-101991,27-08-2024 03:00,CUST-11106,Small Business,Books,Fiction Novel,South,Website,1,251.07,15,No,3.1,4,Debit Card
ORD-104734,27-03-2025 19:00,CUST-10204,Small Business,Beauty,Face Wash,Central,Mobile App,8,2103.75,20,No,4,4,Net Banking
ORD-101221,29-10-2024 00:00,CUST-10377,Small Business,Electronics,Power Bank,Central,Website,1,15087.65,10,No,4.5,5,Debit Card
ORD-101192,02-04-2024 23:00,CUST-10451,Small Business,Fashion,Hoodie,East,Website,2,1507.17,0,No,3.6,6,Debit Card
ORD-101686,21-08-2024 17:00,CUST-11301,Enterprise,Home & Kitchen,Water Bottle,Central,Website,2,6390.8,25,No,4.5,3,Debit Card
ORD-103195,05-04-2024 19:00,CUST-11916,Small Business,Home & Kitchen,Storage Set,West,Website,2,9142.73,25,No,3.8,4,Debit Card
ORD-100382,01-06-2025 12:00,CUST-11001,Consumer,Books,Business Strategy,Central,Website,1,1452.06,10,No,4.8,1,Net Banking
ORD-105024,21-04-2025 05:00,CUST-10237,Small Business,Electronics,Power Bank,North,Mobile App,2,3788.88,0,No,4,3,Debit Card
ORD-101155,16-11-2024 14:00,CUST-11291,Consumer,Electronics,Smart Watch,North,Mobile App,5,18148.03,0,No,4.1,3,Wallet
ORD-103340,22-10-2024 15:00,CUST-11072,Small Business,Books,Leadership Book,Central,Website,4,574.24,15,No,4.2,5,Credit Card
ORD-102073,05-07-2024 22:00,CUST-11495,Consumer,Fashion,Sports Cap,North,Marketplace,1,3617.66,15,Yes,3.4,2,Debit Card
ORD-103914,07-03-2025 00:00,CUST-10208,Enterprise,Beauty,Body Lotion,South,Website,1,4771.36,10,No,3.9,6,Wallet
ORD-103708,25-09-2024 16:00,CUST-11694,Small Business,Fashion,Backpack,North,Website,1,2194.52,5,No,4.4,2,Credit Card
ORD-103683,11-07-2024 05:00,CUST-11259,Consumer,Beauty,Body Lotion,North,Mobile App,4,4058.44,10,No,4.7,3,UPI
ORD-101812,02-01-2025 18:00,CUST-11671,Consumer,Fashion,Running Shoes,West,Mobile App,3,4309.94,15,No,3.1,5,Credit Card
ORD-105333,03-05-2025 19:00,CUST-10960,Small Business,Fashion,Casual Shirt,Central,Mobile App,2,5120.71,15,No,3.8,3,Debit Card
ORD-102460,04-07-2024 16:00,CUST-11614,Consumer,Fashion,Backpack,West,Mobile App,4,4163.52,10,No,4.3,3,Debit Card
ORD-102060,03-05-2025 07:00,CUST-10589,Consumer,Electronics,USB-C Hub,East,Marketplace,4,4383.17,10,No,2.9,1,Credit Card
ORD-101328,03-01-2025 14:00,CUST-10795,Consumer,Beauty, Hair Dryer ,West,Mobile App,1,565.7,0,No,4.5,4,Credit Card
ORD-105122,01-12-2024 22:00,CUST-10204,Enterprise,Fashion,Sports Cap,West,Website,1,3739.3,25,No,3.5,5,Wallet
ORD-101296,23-05-2024 14:00,CUST-10584,Consumer,Home & Kitchen,Coffee Maker,North,Mobile App,1,5502.16,0,No,3.7,2,Credit Card
ORD-100399,18-06-2024 10:00,CUST-10435,Consumer,Fashion,Backpack,East,Website,2,3756.04,15,No,,3,Net Banking
ORD-104350,28-11-2024 04:00,CUST-10926,Consumer,Electronics,Bluetooth Speaker,West,Mobile App,1,1618.64,10,No,4.2,5,Net Banking
ORD-105862,11-11-2024 05:00,CUST-11416,Consumer,Books,Data Analytics Guide,East,Mobile App,4,263.74,15,No,4.7,4,Net Banking
ORD-101214,10-02-2024 12:00,CUST-10801,Small Business,Fashion,Running Shoes,West,Website,2,5057.16,0,Yes,4.6,4,Credit Card
ORD-105712,10-09-2024 02:00,CUST-11315,Consumer,Beauty,Body Lotion,South,Mobile App,2,4888.68,20,No,4.7,2,Credit Card
ORD-102868,14-04-2025 18:00,CUST-11015,Consumer,Electronics,Smart Watch,South,Mobile App,1,12481.34,10,No,4.2,4,UPI
ORD-104100,20-02-2024 03:00,CUST-10564,Consumer,Home & Kitchen,Desk Lamp,South,Marketplace,4,8481.23,10,No,3.5,4,Wallet
ORD-105579,29-07-2024 10:00,CUST-10115,Consumer,Electronics,Wireless Earbuds,Central,Website,2,9721.6,10,No,3.3,3,Credit Card
ORD-104408,22-05-2024 07:00,CUST-10152,Consumer,Fashion,Hoodie,Central,Mobile App,1,4699.31,30,No,4.4,5,Net Banking
ORD-105993,23-12-2024 17:00,CUST-11074,Small Business,Home & Kitchen,Air Fryer,South,Website,2,3761.8,10,No,4.2,1,Net Banking
ORD-101141,03-07-2024 19:00,CUST-10816,Small Business,Fashion,Running Shoes,North,Website,6,538.58,10,No,4.6,5,UPI
ORD-101261,19-05-2025 22:00,CUST-10436,Small Business,Books,Leadership Book,South,Mobile App,2,506.16,0,No,3.4,1,Credit Card
ORD-102215,31-07-2024 23:00,CUST-10337,Small Business,Home & Kitchen,Water Bottle,East,Website,2,4192.22,5,No,3.7,3,UPI
ORD-104077,24-11-2024 08:00,CUST-10015,Small Business,Books,Fiction Novel,South,Mobile App,2,789.51,0,Yes,4.5,3,
ORD-105393,23-03-2025 13:00,CUST-11693,Small Business,Fashion,Casual Shirt,West,Marketplace,1,656.26,15,No,3.9,2,Wallet
ORD-104882,29-09-2024 04:00,CUST-10958,Small Business,Home & Kitchen,Air Fryer,East,Website,1,7606.47,5,No,,5,UPI
ORD-104322,09-09-2024 14:00,CUST-10360,Consumer,Home & Kitchen,Air Fryer,South,Mobile App,3,2808.11,0,No,3.2,3,UPI
ORD-104684,09-10-2024 06:00,CUST-11488,Consumer,Electronics,Wireless Earbuds,Central,Mobile App,2,9721.43,15,No,3,1,Debit Card
ORD-103096,05-04-2024 09:00,CUST-10292,Consumer,Electronics,Wireless Earbuds,South,Website,6,16004.82,15,No,3.6,1,Wallet
ORD-104642,04-06-2025 08:00,CUST-11883,Consumer,Home & Kitchen,Storage Set,North,Website,2,6199.28,20,No,4.3,6,Wallet
ORD-105518,05-11-2024 15:00,CUST-10511,Enterprise,Fashion,Hoodie,Central,Website,2,2559.5,0,No,3.8,4,Debit Card
ORD-103759,02-11-2024 04:00,CUST-10882,Consumer,Electronics,Smart Watch,Central,Website,4,6854.96,20,No,4.3,3,Credit Card
ORD-101979,09-03-2025 19:00,CUST-11662,Consumer,Books,Data Analytics Guide,South,Website,1,1658.7,25,No,4.3,1,Credit Card
ORD-104335,20-08-2024 14:00,CUST-11887,Consumer,Books,SQL Handbook,Central,Mobile App,2,761.86,10,No,4,4,UPI
ORD-103937,14-09-2024 23:00,CUST-10592,Consumer,Fashion,Casual Shirt,East,Marketplace,1,3673.78,10,No,4.1,5,UPI
ORD-105308,06-02-2024 16:00,CUST-10546,Consumer,Home & Kitchen,Desk Lamp,South,Mobile App,8,10446.74,10,No,4.5,4,Net Banking
ORD-103459,04-08-2024 11:00,CUST-11690,Consumer,Fashion,Sports Cap,Central,Website,1,3082.44,10,No,2.7,1,UPI
ORD-103166,12-02-2025 23:00,CUST-11683,Consumer,Fashion,Casual Shirt,South,Website,1,1567.58,10,No,4.3,1,Debit Card
ORD-101446,27-05-2025 04:00,CUST-10773,Consumer,Home & Kitchen,Air Fryer,West,Mobile App,1,11404.92,20,No,4.4,3,Debit Card
ORD-103621,01-05-2024 10:00,CUST-11601,Consumer,Electronics,Bluetooth Speaker,West,Marketplace,1,9662.63,10,No,4.2,2,UPI
ORD-102859,31-08-2024 13:00,CUST-11321,Consumer,Electronics,Smart Watch,Central,Website,1,11074.8,15,Yes,5,2,UPI
ORD-100100,30-03-2025 17:00,CUST-10183,Small Business,Books,Fiction Novel,West,Mobile App,2,476.46,5,No,5,2,UPI
ORD-103891,20-05-2025 11:00,CUST-10324,Consumer,Home & Kitchen,Water Bottle,South,Marketplace,4,7748.15,10,No,5,5,Wallet
ORD-103509,09-07-2024 21:00,CUST-11813,Consumer,Fashion,Casual Shirt,West,Mobile App,5,2295.98,0,No,4,3,Debit Card
ORD-104883,28-03-2024 13:00,CUST-10932,Consumer,Fashion,Hoodie,North,Mobile App,1,2072.22,20,No,4.8,3,UPI
ORD-105880,26-03-2024 00:00,CUST-10619,Small Business,Beauty,Skin Serum,East,Marketplace,1,2307.09,15,No,4.5,4,Credit Card
ORD-102772,21-04-2024 02:00,CUST-11728,Consumer,Electronics,Wireless Earbuds,West,Website,4,10685.23,5,No,3.7,2,UPI
ORD-100013,19-02-2025 14:00,CUST-10102,Small Business,Fashion,Running Shoes,North,Mobile App,1,832.35,5,No,5,3,Credit Card
ORD-105650,22-05-2025 04:00,CUST-10849,Consumer,Home & Kitchen,Desk Lamp,Central,Website,1,1114.19,10,No,4.5,5,Credit Card
ORD-102295,13-03-2025 14:00,CUST-11845,Consumer,Fashion,Running Shoes,North,Marketplace,1,5360.37,15,No,4.3,4,Wallet
ORD-105488,15-04-2025 02:00,CUST-11845,Small Business,Beauty,Perfume,North,Website,2,2918.26,10,No,3.3,4,UPI
ORD-104991,12-10-2024 02:00,CUST-11592,Small Business,Books,Data Analytics Guide,East,Website,1,743.45,5,No,5,4,UPI
ORD-105320,20-06-2024 23:00,CUST-11893,Consumer,Electronics,Power Bank,South,Website,2,1607.32,20,Yes,4,4,Wallet
ORD-100497,23-07-2024 07:00,CUST-10812,Consumer,Beauty,Body Lotion,West,Marketplace,3,2106.37,5,No,4.5,3,Credit Card
ORD-103379,03-08-2024 17:00,CUST-11697,Enterprise,Home & Kitchen,Water Bottle,South,Website,5,10475.8,15,No,3.2,4,Debit Card
ORD-101432,03-04-2024 11:00,CUST-11651,Consumer,Beauty,Skin Serum,Central,Website,2,1903.88,5,No,4.4,1,Credit Card
ORD-103139,26-09-2024 21:00,CUST-11639,Consumer,Home & Kitchen,Water Bottle,South,Mobile App,8,5241.08,10,No,5,1,Wallet
ORD-100991,26-10-2024 20:00,CUST-10169,Consumer,Home & Kitchen,Air Fryer,North,Marketplace,2,5375.78,15,No,3.7,3,Debit Card
ORD-102444,22-11-2024 14:00,CUST-11357,Consumer,Books,Leadership Book,North,Mobile App,1,1202.42,10,No,5,2,Credit Card
ORD-102170,12-01-2024 09:00,CUST-11751,Small Business,Fashion,Backpack,East,Mobile App,3,5106.85,10,No,3.7,3,Debit Card
ORD-101849,31-03-2024 06:00,CUST-11157,Consumer,Beauty,Face Wash,Central,Mobile App,3,1413.42,25,No,3.7,2,Debit Card
ORD-103653,08-10-2024 14:00,CUST-11208,Small Business,Fashion,Casual Shirt,North,Website,4,2252.6,10,No,4.6,4,Debit Card
ORD-101909,28-05-2025 06:00,CUST-10757,Consumer,Electronics,Smart Watch,South,Website,1,8792.58,30,No,4,3,UPI
ORD-103483,05-05-2024 23:00,CUST-10731,Consumer,Beauty,Body Lotion,Central,Mobile App,1,848.31,0,No,3.5,3,UPI
ORD-101275,24-01-2025 11:00,CUST-11203,Consumer,Electronics,Power Bank,East,Website,1,20917.81,15,No,3.4,4,UPI
ORD-105742,01-05-2025 06:00,CUST-11057,Consumer,Electronics,Bluetooth Speaker,West,Website,2,4665.54,15,No,3.9,2,Debit Card
ORD-105761,29-03-2024 09:00,CUST-11697,Small Business,Electronics,USB-C Hub,Central,Website,1,11771.67,0,No,3.4,1,UPI
ORD-101589,17-01-2024 06:00,CUST-10686,Enterprise,Books,Business Strategy,South,Website,2,1053.19,0,No,3.8,2,Wallet
ORD-100081,26-08-2024 16:00,CUST-11231,Consumer,Electronics,Wireless Earbuds,North,Website,2,19435.27,25,No,3.2,4,UPI
ORD-104305,24-02-2025 13:00,CUST-11032,Consumer,Home & Kitchen,Coffee Maker,West,Website,1,9234.02,15,No,5,4,Debit Card
ORD-105600,02-07-2024 23:00,CUST-10025,Consumer,Fashion,Backpack,East,Website,6,3495.72,10,No,3.6,6,UPI
ORD-101861,10-06-2024 15:00,CUST-10869,Enterprise,Books,Business Strategy,East,Marketplace,2,1538.45,15,No,3.9,3,UPI
ORD-105026,18-05-2024 18:00,CUST-10535,Consumer,Home & Kitchen,Air Fryer,Central,Marketplace,1,10993.25,25,No,4.1,5,Wallet
ORD-102268,05-03-2024 13:00,CUST-11042,Consumer,Books,Data Analytics Guide,North,Mobile App,1,1228.1,20,No,4.5,1,Credit Card
ORD-101201,17-09-2024 17:00,CUST-10421,Consumer,Beauty,Hair Dryer,North,Mobile App,2,250.94,20,No,4,3,Credit Card
ORD-102860,15-04-2024 17:00,CUST-10351,Small Business,Fashion,Hoodie,Central,Marketplace,1,1808.02,25,No,5,2,Credit Card
ORD-104849,06-05-2025 14:00,CUST-11428,Consumer,Fashion,Running Shoes,East,Mobile App,2,2737.85,10,No,3.6,4,Wallet
ORD-100714,17-05-2025 10:00,CUST-11625,Small Business,Books,Business Strategy,North,Mobile App,2,486.3,15,No,4.1,3,UPI
ORD-103481,14-05-2024 03:00,CUST-11149,Consumer,Home & Kitchen,Water Bottle,Central,Marketplace,4,2963.08,15,No,4,3,Credit Card
ORD-102763,20-01-2024 14:00,CUST-10919,Consumer,Books,Leadership Book,North,Website,5,599.38,15,No,4.1,5,UPI
ORD-104291,22-05-2025 09:00,CUST-10380,Consumer,Electronics,Smart Watch,North,Mobile App,3,7129.06,0,No,3.6,5,Debit Card
ORD-102543,26-07-2024 21:00,CUST-11401,Consumer,Fashion,Sports Cap,West,Mobile App,4,5340.11,5,No,3.3,1,UPI
ORD-102479,14-03-2024 13:00,CUST-11212,Consumer,Books,Fiction Novel,South,Marketplace,3,978.07,25,Yes,3.1,1,Wallet
ORD-100554,21-06-2025 12:00,CUST-10031,Small Business,Home & Kitchen,Air Fryer,Central,Website,4,11271.2,30,Yes,3.2,4,UPI
ORD-103613,10-02-2024 10:00,CUST-11778,Consumer,Electronics,Bluetooth Speaker,Central,Website,1,1859.38,0,No,3.4,2,Debit Card
ORD-104328,27-01-2024 08:00,CUST-11445,Consumer,Electronics,USB-C Hub,West,Website,3,4221.45,30,No,4.4,4,Wallet
ORD-104959,30-05-2025 13:00,CUST-10748,Small Business,Books,SQL Handbook,South,Website,5,518.58,10,No,4.1,3,Credit Card
ORD-101495,23-08-2024 12:00,CUST-10593,Consumer,Home & Kitchen,Water Bottle,West,Marketplace,2,5472.29,0,No,3.5,2,Debit Card
ORD-102223,18-08-2024 20:00,CUST-10163,Consumer,Electronics,Bluetooth Speaker,Central,Mobile App,5,21040.49,5,No,3,3,Debit Card
ORD-104365,02-04-2025 15:00,CUST-10425,Consumer,Electronics,Smart Watch,Central,Website,1,1975.81,15,No,3.2,6,Debit Card
ORD-102319,26-02-2025 23:00,CUST-10530,Consumer,Home & Kitchen,Desk Lamp,East,Marketplace,1,6593.59,5,No,5,3,Debit Card
ORD-104289,17-06-2024 10:00,CUST-11637,Consumer,Electronics,Wireless Earbuds,Central,Website,5,11613.17,30,No,3.6,5,UPI
ORD-105541,29-03-2024 08:00,CUST-10855,Small Business,Electronics,Bluetooth Speaker,East,Mobile App,1,4913.27,5,No,4,1,Credit Card
ORD-101548,26-09-2024 17:00,CUST-11321,Consumer,Beauty,Hair Dryer,North,Website,2,1796.66,0,No,4.4,5,Wallet
ORD-100674,05-12-2024 13:00,CUST-11153,Consumer,Beauty,Perfume,South,Mobile App,8,1712.09,5,No,3.6,4,Debit Card
ORD-105699,24-07-2024 13:00,CUST-11194,Consumer,Electronics,Wireless Earbuds,East,Mobile App,1,11123.61,5,No,4.6,3,Credit Card
ORD-101310,13-10-2024 05:00,CUST-11929,Consumer,Fashion,Backpack,West,Website,1,3654.83,25,No,4.6,1,Debit Card
ORD-101746,23-06-2025 12:00,CUST-10468,Consumer,Home & Kitchen,Coffee Maker,South,Marketplace,3,10386.71,20,No,4.7,5,Net Banking
ORD-105027,22-02-2024 19:00,CUST-11615,Consumer,Beauty,Face Wash,Central,Website,3,1511.28,10,No,4.4,5,Credit Card
ORD-105277,25-03-2025 08:00,CUST-10558,Small Business,Beauty,Perfume,South,Marketplace,3,2015.81,5,No,3.8,5,Debit Card
ORD-105747,16-05-2024 06:00,CUST-11202,Consumer,Books,Business Strategy,West,Website,1,1393.81,0,No,3.9,4,UPI
ORD-101320,03-03-2024 13:00,CUST-10839,Consumer,Beauty,Body Lotion,West,Marketplace,1,1183.46,20,No,4.2,2,UPI
ORD-105482,13-06-2024 19:00,CUST-10166,Enterprise,Beauty,Skin Serum,South,Mobile App,8,1008.57,20,No,4,2,Credit Card
ORD-102724,07-03-2025 15:00,CUST-10525,Consumer,Beauty,Perfume,South,Mobile App,2,1027.52,10,No,3.2,4,UPI
ORD-103332,15-05-2024 12:00,CUST-11470,Consumer,Fashion,Backpack,East,Mobile App,8,521.53,10,No,5,1,Wallet
ORD-101557,26-02-2025 01:00,CUST-10237,Small Business,Beauty,Body Lotion,South,Mobile App,5,4966.04,15,No,3.7,2,Credit Card
ORD-100124,11-04-2025 21:00,CUST-10198,Consumer,Electronics,USB-C Hub,Central,Marketplace,2,21953.45,20,No,4.4,4,Net Banking
ORD-101607,20-11-2024 06:00,CUST-10947,Enterprise,Electronics,Smart Watch,North,Mobile App,6,21356.84,30,No,3.3,6,Credit Card
ORD-103747,21-06-2025 21:00,CUST-11696,Small Business,Fashion,Hoodie,South,Marketplace,4,4320.01,5,No,4.8,1,Credit Card
ORD-105273,10-09-2024 13:00,CUST-11301,Enterprise,Beauty,Body Lotion,North,Marketplace,3,3348.34,25,No,4.2,3,Wallet
ORD-104036,09-01-2025 06:00,CUST-11776,Small Business,Electronics,Bluetooth Speaker,East,Website,2,6051.5,15,No,3.1,2,Wallet
ORD-105912,10-01-2025 22:00,CUST-10113,Small Business,Fashion,Backpack,East,Website,3,1895.83,5,No,3.3,5,UPI
ORD-100358,19-02-2024 15:00,CUST-10041,Consumer,Fashion,Hoodie,North,Mobile App,1,5568.71,25,No,3.9,1,Credit Card
ORD-103347,11-03-2024 01:00,CUST-10205,Consumer,Beauty,Body Lotion,East,Mobile App,6,2270.39,10,No,4.4,5,UPI
ORD-102931,02-01-2025 09:00,CUST-11570,Consumer,Electronics,Power Bank,Central,Website,5,5348.1,15,No,5,1,Credit Card
ORD-102451,01-05-2025 02:00,,Consumer,Fashion, Casual Shirt ,West,Website,2,5512.83,25,No,4.5,5,Debit Card
ORD-101946,26-03-2024 18:00,CUST-10615,Small Business,Fashion,Backpack,East,Website,3,4944.05,5,No,2.9,2,UPI
ORD-104018,12-04-2024 03:00,CUST-11566,Enterprise,Electronics,Wireless Earbuds,West,Mobile App,4,15911.11,0,No,4.1,1,Debit Card
ORD-104650,04-08-2024 23:00,CUST-10023,Consumer,Beauty,Face Wash,Central,Website,4,1650,25,No,4.1,3,UPI
ORD-105276,16-05-2024 04:00,CUST-10146,Consumer,Home & Kitchen,Coffee Maker,North,Mobile App,5,11389.56,10,No,3.4,1,Debit Card
ORD-103493,10-02-2025 06:00,CUST-11277,Enterprise,Electronics,USB-C Hub,West,Mobile App,5,9809.1,10,No,4.4,3,Credit Card
ORD-105697,23-02-2025 02:00,CUST-10103,Small Business,Home & Kitchen,Air Fryer,East,Marketplace,3,9642.47,20,No,3.6,4,Debit Card
ORD-101184,17-08-2024 11:00,CUST-11544,Consumer,Books,Business Strategy,West,Website,5,1173.84,20,No,4.3,2,Credit Card
ORD-105289,07-06-2024 22:00,CUST-10173,Consumer,Electronics,USB-C Hub,South,Website,1,12202.95,10,No,2.9,4,UPI
ORD-102599,31-07-2024 11:00,CUST-10440,Consumer,Home & Kitchen,Water Bottle,Central,Mobile App,2,9032.85,20,No,4.9,5,Credit Card
ORD-102305,22-02-2024 11:00,CUST-10316,Enterprise,Fashion,Running Shoes,West,Mobile App,2,3093.44,10,No,4.7,3,Debit Card
ORD-103952,01-02-2025 15:00,CUST-10623,Consumer,Electronics,Smart Watch,Central,Mobile App,6,13017.05,20,No,4,1,UPI
ORD-101259,13-03-2025 22:00,CUST-10807,Consumer,Electronics,Smart Watch,East,Website,1,19865.92,5,No,4.3,3,Debit Card
ORD-103334,09-02-2024 13:00,CUST-10637,Small Business,Beauty,Perfume,Central,Website,5,1351.21,20,Yes,4.1,4,Debit Card
ORD-104858,23-05-2024 02:00,CUST-10292,Consumer,Beauty,Body Lotion,East,Website,3,363.55,15,No,4.7,4,Debit Card
ORD-101594,18-01-2025 09:00,CUST-10408,Consumer,Electronics,Wireless Earbuds,North,Website,2,17755.03,0,No,3.7,4,UPI
ORD-103485,15-01-2024 20:00,CUST-11756,Consumer,Books,Business Strategy,South,Mobile App,3,1530.16,25,No,3.7,2,Credit Card
ORD-103141,10-08-2024 10:00,CUST-10715,Consumer,Electronics,USB-C Hub,West,Mobile App,6,20853.27,0,No,3.6,4,Net Banking
ORD-104920,17-06-2025 04:00,CUST-10456,Consumer,Fashion,Running Shoes,North,Website,6,1405.6,0,No,3.5,2,Credit Card
ORD-101601,07-02-2025 07:00,CUST-11353,Consumer,Books,Business Strategy, North ,Website,8,331.85,0,No,4.3,6,Debit Card
ORD-101731,08-05-2025 14:00,CUST-10270,Enterprise,Books,Fiction Novel,Central,Mobile App,1,903.08,20,No,5,4,Credit Card
ORD-103765,10-08-2024 23:00,CUST-10693,Consumer,Fashion,Casual Shirt,West,Website,2,2096.05,15,No,3.4,3,Credit Card
ORD-100442,13-03-2024 04:00,CUST-10902,Small Business,Electronics,Power Bank,North,Mobile App,1,10183.44,0,No,4.7,2,Debit Card
ORD-102007,24-03-2024 04:00,CUST-11382,Consumer,Fashion,Running Shoes,West,Marketplace,2,5883.89,5,No,3.6,3,Credit Card
ORD-100965,17-11-2024 05:00,CUST-11359,Consumer,Electronics,Power Bank,West,Website,8,16422.09,15,No,3.5,3,Net Banking
ORD-104526,11-01-2024 07:00,CUST-11698,Consumer,Beauty,Face Wash,Central,Mobile App,3,1188.53,0,No,3.7,1,Wallet
ORD-103120,06-12-2024 12:00,CUST-10583,Small Business,Electronics,USB-C Hub,South,Website,1,6877.28,5,No,5,5,Net Banking
ORD-105184,03-02-2025 00:00,CUST-11266,Consumer,Home & Kitchen,Coffee Maker,Central,Website,3,6838.51,15,No,4.6,3,UPI
ORD-102524,04-02-2024 00:00,CUST-11313,Consumer,Home & Kitchen,Air Fryer,North,Marketplace,2,11589.78,0,No,5,4,Debit Card
ORD-105216,05-03-2025 12:00,CUST-10527,Consumer,Books,Leadership Book,Central,Marketplace,1,743.76,20,No,4.8,5,Wallet
ORD-104447,13-04-2024 18:00,CUST-10612,Enterprise,Home & Kitchen,Storage Set,South,Website,4,1703,5,No,3.5,2,UPI
ORD-101096,01-04-2025 04:00,CUST-10085,Consumer,Fashion,Backpack,North,Website,2,817.99,15,No,4,5,Credit Card
ORD-100085,17-01-2025 08:00,CUST-10252,Small Business,Home & Kitchen,Coffee Maker,North,Website,1,9319.09,15,No,4.1,4,Debit Card
ORD-101708,13-05-2024 02:00,CUST-10610,Consumer,Electronics,USB-C Hub,North,Marketplace,1,20831.59,5,No,3.1,5,UPI
ORD-103673,01-01-2024 07:00,CUST-10859,Small Business,Home & Kitchen,Coffee Maker,Central,Mobile App,1,6657.97,15,No,4.8,3,Credit Card
ORD-104775,25-01-2024 12:00,CUST-11439,Consumer,Home & Kitchen,Desk Lamp,Central,Website,1,10801.4,5,No,4.7,4,Debit Card
ORD-101395,18-11-2024 13:00,CUST-10343,Consumer,Home & Kitchen,Storage Set,North,Mobile App,3,11023.41,10,No,,2,Debit Card
ORD-102014,19-12-2024 15:00,CUST-11032,Consumer,Electronics,Bluetooth Speaker,North,Marketplace,1,17762.59,10,No,4.5,3,UPI
ORD-100376,06-02-2025 05:00,CUST-10866,Consumer,Electronics,Bluetooth Speaker,West,Mobile App,3,2811.8,0,No,3.5,2,Credit Card
ORD-102265,21-02-2024 23:00,CUST-11857,Small Business,Electronics,USB-C Hub,South,Website,6,14110.06,30,No,3.3,4,Net Banking
ORD-102856,06-11-2024 06:00,CUST-10699,Consumer,Fashion,Backpack,West,Mobile App,1,3880.67,5,No,3.9,3,Wallet
ORD-100882,02-09-2024 01:00,CUST-11781,Consumer,Fashion,Running Shoes,North,Website,2,2252.65,20,No,4.6,4,UPI
ORD-105692,28-04-2025 18:00,CUST-11570,Small Business,Electronics,Power Bank,South,Website,2,21550.77,0,No,3.7,8,Net Banking
ORD-101745,18-06-2025 16:00,CUST-11862,Consumer,Electronics,Smart Watch,Central,Mobile App,3,19407.39,20,No,3.4,4,UPI
ORD-100684,02-04-2024 11:00,CUST-11628,Consumer,Electronics,USB-C Hub,South,Marketplace,5,3681.9,10,No,3.6,2,Debit Card
ORD-105808,20-09-2024 07:00,CUST-11399,Consumer,Books,SQL Handbook,East,Website,1,579.28,5,No,5,6,Credit Card
ORD-103525,25-04-2024 15:00,CUST-11020,Consumer,Books,Data Analytics Guide,South,Mobile App,3,1293.23,20,No,4.3,2,Credit Card
ORD-100914,19-11-2024 05:00,CUST-11637,Consumer,Home & Kitchen,Air Fryer,Central,Marketplace,3,2259.14,5,No,3.6,2,UPI
ORD-100636,08-05-2024 13:00,CUST-11053,Consumer,Beauty,Perfume,East,Mobile App,4,295.23,10,No,5,3,Debit Card
ORD-104592,09-02-2024 18:00,CUST-10225,Consumer,Beauty,Perfume,East,Mobile App,1,1639.15,15,No,4,2,Credit Card
ORD-100394,28-01-2025 02:00,CUST-10105,Small Business,Beauty,Skin Serum,South,Website,1,591.47,10,No,4.7,2,Credit Card
ORD-102783,02-04-2025 07:00,CUST-10633,Consumer,Books,SQL Handbook,Central,Website,2,1513.27,15,No,5,5,Debit Card
ORD-103354,16-06-2025 12:00,CUST-11934,Small Business,Electronics,Wireless Earbuds,West,Marketplace,1,3200.7,15,No,4.6,3,UPI
ORD-103650,06-03-2024 12:00,CUST-10296,Small Business,Fashion,Running Shoes,East,Mobile App,4,3900.16,5,No,4.4,3,UPI
ORD-103500,03-02-2024 09:00,CUST-10008,Consumer,Books,Business Strategy,East,Mobile App,1,1169.84,10,No,4,3,UPI
ORD-100531,31-03-2024 09:00,CUST-11168,Small Business,Electronics,Smart Watch,Central,Mobile App,5,12825.28,10,No,4.3,1,Debit Card
ORD-101313,10-04-2025 23:00,CUST-11541,Consumer,Beauty,Hair Dryer,East,Mobile App,2,3945.61,0,No,4.2,3,Debit Card
ORD-100663,20-04-2024 12:00,CUST-10799,Small Business,Fashion,Running Shoes,West,Marketplace,3,4358.74,0,No,3.1,2,UPI
ORD-101314,07-05-2025 19:00,CUST-10920,Small Business,Electronics,USB-C Hub,East,Website,2,4840.41,15,No,4.7,4,Debit Card
ORD-102823,16-06-2025 21:00,CUST-10816,Consumer,Electronics,Wireless Earbuds,East,Website,2,20109.98,20,No,3,1,Debit Card
ORD-102555,26-02-2024 09:00,CUST-10242,Consumer,Books,Fiction Novel,Central,Website,3,1294.37,10,No,5,3,Debit Card
ORD-104773,23-06-2025 01:00,CUST-11520,Small Business,Books,Business Strategy,West,Website,1,473.04,10,No,4.2,4,Wallet
ORD-105237,25-03-2025 10:00,CUST-10603,Consumer,Fashion,Hoodie,Central,Website,3,3350.88,20,No,4.1,5,Debit Card
ORD-102968,27-01-2025 23:00,CUST-11469,Consumer,Fashion,Sports Cap,North,Website,1,4893.98,0,No,4,3,Credit Card
ORD-100532,26-03-2024 02:00,CUST-10474,Small Business,Home & Kitchen,Coffee Maker,Central,Mobile App,1,4817.23,10,Yes,4.9,3,UPI
ORD-103224,28-11-2024 03:00,CUST-10181,Consumer,Fashion,Running Shoes,West,Website,4,3481.16,5,Yes,4.8,3,Credit Card
ORD-101680,29-05-2025 17:00,CUST-11173,Consumer,Books,Fiction Novel,Central,Website,1,524.67,5,No,4.6,5,UPI
ORD-102417,22-05-2024 01:00,CUST-11297,Small Business,Books,Data Analytics Guide,West,Mobile App,5,1398.71,0,No,3.5,4,Credit Card
ORD-101365,10-01-2024 15:00,CUST-11547,Consumer,Electronics,Power Bank,Central,Mobile App,5,6210.57,15,No,3.8,4,Credit Card
ORD-101186,18-03-2024 18:00,CUST-11778,Consumer,Electronics,Bluetooth Speaker,North,Website,10,5046.71,5,No,4,2,UPI
ORD-104476,27-05-2025 13:00,CUST-10508,Small Business,Home & Kitchen,Desk Lamp,West,Mobile App,3,10013.51,25,No,3.5,3,Debit Card
ORD-103322,05-03-2025 12:00,CUST-10735,Consumer,Books,Data Analytics Guide,East,Website,3,756.74,15,No,3.3,2,Debit Card
ORD-105460,05-05-2025 19:00,CUST-11076,Small Business,Books,Fiction Novel,West,Marketplace,1,1503.4,20,No,4.7,8,Debit Card
ORD-104049,06-09-2024 07:00,CUST-10850,Consumer,Home & Kitchen,Coffee Maker,North,Mobile App,6,9384.49,25,No,4.6,3,Debit Card
ORD-105947,23-05-2025 03:00,CUST-11642,Consumer,Beauty,Skin Serum,South,Mobile App,3,2795.64,0,No,4.6,3,Credit Card
ORD-100436,05-11-2024 18:00,CUST-11816,Consumer,Home & Kitchen,Air Fryer,Central,Website,1,1611.48,10,No,3.3,3,Net Banking
ORD-100459,27-02-2024 19:00,CUST-10182,Consumer,Beauty,Skin Serum,South,Marketplace,2,881.56,15,No,4.2,5,Debit Card
ORD-105436,08-08-2024 16:00,CUST-11259,Consumer,Home & Kitchen,Air Fryer,East,Marketplace,1,6196.12,10,No,5,3,Net Banking
ORD-102653,22-07-2024 16:00,CUST-10714,Small Business,Home & Kitchen,Coffee Maker,West,Marketplace,3,7533.91,5,No,4.9,5,Credit Card
ORD-105230,14-03-2024 19:00,CUST-11030,Consumer,Electronics,USB-C Hub,South,Mobile App,1,5053.86,15,No,3.6,4,Net Banking
ORD-103228,06-02-2025 21:00,CUST-10353,Consumer,Home & Kitchen,Storage Set,West,Mobile App,1,2014.91,0,No,4.2,4,Credit Card
ORD-104338,08-02-2025 06:00,CUST-11639,Consumer,Electronics,USB-C Hub,East,Mobile App,1,11617.75,0,No,4.7,3,UPI
ORD-101960,03-04-2025 12:00,CUST-10165,Consumer,Electronics,USB-C Hub,Central,Website,3,20540.72,5,No,4,4,Debit Card
ORD-100795,10-06-2024 06:00,CUST-11869,Small Business,Fashion,Sports Cap,East,Marketplace,10,3974.54,15,No,3.1,4,UPI
ORD-103982,01-01-2025 08:00,CUST-11893,Consumer,Electronics,Smart Watch,Central,Mobile App,8,15932.8,15,No,4.9,4,Net Banking
ORD-102042,11-02-2025 13:00,CUST-10752,Enterprise,Home & Kitchen,Water Bottle,Central,Website,6,8816.22,20,No,4.3,3,Credit Card
ORD-104232,26-11-2024 10:00,CUST-11900,Consumer,Electronics,USB-C Hub,West,Marketplace,4,5013.13,5,No,3.5,3,Debit Card
ORD-105560,16-09-2024 19:00,CUST-11329,Consumer,Home & Kitchen,Desk Lamp,East,Mobile App,1,1577.31,10,No,3.7,2,UPI
ORD-101719,09-10-2024 07:00,CUST-10086,Small Business,Electronics,USB-C Hub,West,Mobile App,1,3044.15,20,No,3.3,1,UPI
ORD-100232,11-01-2024 15:00,CUST-11214,Consumer,Fashion,Running Shoes,North,Marketplace,4,1447.2,10,No,3.3,1,Wallet
ORD-103807,25-03-2024 20:00,CUST-10919,Consumer,Books,Fiction Novel,East,Marketplace,2,283.91,10,No,3.2,3,Credit Card
ORD-104623,12-02-2024 23:00,CUST-11753,Small Business,Electronics,USB-C Hub,East,Website,1,15003.23,0,No,3.9,1,UPI
ORD-102794,07-02-2024 19:00,CUST-10156,Consumer,Beauty,Hair Dryer,West,Mobile App,1,2218.51,5,No,4.1,2,Debit Card
ORD-105563,26-02-2024 10:00,CUST-11780,Enterprise,Electronics,USB-C Hub,North,Website,1,14025.6,5,No,4.1,3,UPI
ORD-105019,16-12-2024 17:00,CUST-10332,Consumer,Fashion,Hoodie,Central,Website,1,2470.13,5,No,4.7,5,Wallet
ORD-104499,07-07-2024 14:00,CUST-11890,Consumer,Electronics,USB-C Hub,North,Mobile App,1,6467.05,15,No,4.4,5,Credit Card
ORD-100506,16-10-2024 22:00,CUST-11494,Small Business,Home & Kitchen,Water Bottle,North,Website,3,8598.93,20,No,3.7,5,Debit Card
ORD-105096,02-12-2024 03:00,CUST-11547,Consumer,Electronics,Bluetooth Speaker,East,Mobile App,4,7713.04,0,No,3.3,2,UPI
ORD-101949,24-06-2024 13:00,CUST-11089,Consumer,Fashion,Casual Shirt,Central,Marketplace,5,2952.45,5,No,5,4,UPI
ORD-100383,11-05-2024 13:00,CUST-11297,Consumer,Fashion,Hoodie,West,Mobile App,2,2276.54,10,No,3.1,2,Credit Card
ORD-105875,16-02-2024 21:00,CUST-10484,Consumer,Home & Kitchen,Water Bottle,East,Website,5,1586.32,15,Yes,4,1,UPI
ORD-104147,12-04-2025 03:00,CUST-10334,Small Business,Beauty,Skin Serum,Central,Mobile App,1,1196.59,10,No,3.8,1,UPI
ORD-101392,21-06-2025 07:00,CUST-10145,Consumer,Fashion,Sports Cap,East,Website,2,4753.33,0,No,4.5,3,Debit Card
ORD-100830,14-05-2024 06:00,CUST-10771,Consumer,Home & Kitchen,Desk Lamp,East,Mobile App,5,4797.72,5,No,3.1,3,Net Banking
ORD-105095,04-04-2024 10:00,CUST-10244,Consumer,Books,Data Analytics Guide,North,Mobile App,4,1402.71,0,No,3.3,4,Debit Card
ORD-102795,15-05-2025 00:00,CUST-10147,Consumer,Fashion,Hoodie,North,Mobile App,1,4073.64,30,No,4.2,1,Wallet
ORD-101390,16-06-2024 02:00,CUST-11363,Consumer,Electronics,Bluetooth Speaker,East,Mobile App,1,17701.84,20,No,3.1,1,Credit Card
ORD-105099,09-06-2024 12:00,CUST-11796,Consumer,Books,Leadership Book,West,Mobile App,1,1750.59,5,Yes,4.1,4,Net Banking
ORD-102585,29-10-2024 17:00,CUST-10950,Consumer,Books,SQL Handbook,North,Mobile App,1,726.02,20,No,4.9,2,Debit Card
ORD-101550,02-06-2024 06:00,CUST-10784,Consumer,Electronics,Wireless Earbuds,Central,Website,3,4420.42,0,No,4.1,4,UPI
ORD-105083,26-08-2024 14:00,CUST-11503,Consumer,Fashion,Running Shoes,South,Website,1,5650.14,25,No,3.5,1,Net Banking
ORD-101702,07-01-2025 09:00,CUST-10827,Small Business,Home & Kitchen,Storage Set,South,Website,3,1595.74,20,No,4.1,3,UPI
ORD-101880,29-07-2024 04:00,CUST-11470,Consumer,Electronics,Smart Watch,West,Website,1,15646.88,20,No,4,3,Credit Card
ORD-103966,04-03-2025 19:00,CUST-11615,Enterprise,Fashion,Casual Shirt,North,Website,2,3574.26,110,No,4.3,2,UPI
ORD-101483,02-03-2024 04:00,CUST-10880,Consumer,Electronics,Bluetooth Speaker,South,Mobile App,4,4281.82,0,No,3.3,2,UPI
ORD-100373,23-07-2024 00:00,CUST-10200,Consumer,Electronics,Smart Watch,Central,Website,2,1452.98,0,No,3.7,2,Credit Card
ORD-102553,15-04-2024 11:00,CUST-11433,Consumer,Electronics,Smart Watch,South,Mobile App,2,18105.13,10,No,4,5,Credit Card
ORD-105426,27-03-2025 17:00,CUST-11949,Small Business,Beauty,Body Lotion,East,Website,1,2539.45,15,No,4.2,3,UPI
ORD-102437,04-01-2025 11:00,CUST-10606,Consumer,Electronics,Wireless Earbuds,Central,Marketplace,3,15723.86,15,No,3.3,4,Debit Card
ORD-105661,01-05-2024 04:00,CUST-10348,Consumer,Electronics,Wireless Earbuds,Central,Website,3,5371,10,No,3.9,1,Debit Card
ORD-102887,04-02-2024 13:00,CUST-11872,Consumer,Electronics,Smart Watch,East,Website,1,18268.17,20,No,2.3,3,Credit Card
ORD-101701,07-04-2024 10:00,CUST-10940,Consumer,Home & Kitchen,Coffee Maker,East,Website,3,4014.18,0,No,4.9,1,Credit Card
ORD-104399,27-12-2024 23:00,CUST-10875,Consumer,Beauty,Face Wash,East,Mobile App,1,2947.89,10,No,4.7,5,Credit Card
ORD-101111,07-05-2024 03:00,CUST-10689,Consumer,Beauty,Face Wash,North,Website,1,713.42,5,No,3.9,3,Credit Card
ORD-102588,13-06-2025 18:00,CUST-10015,Small Business,Home & Kitchen,Water Bottle,North,Mobile App,1,7911.36,0,No,2.9,4,UPI
ORD-103758,14-02-2024 00:00,CUST-11304,Consumer,Home & Kitchen,Air Fryer,South,Mobile App,2,8637.39,15,No,5,6,UPI
ORD-105698,27-01-2025 13:00,CUST-11087,Small Business,Electronics,Bluetooth Speaker,West,Marketplace,3,16213.64,10,No,3.2,1,Debit Card
ORD-101954,14-06-2025 04:00,CUST-10217,Consumer,Electronics,Bluetooth Speaker,Central,Marketplace,3,21459.1,5,No,3.7,3,Credit Card
ORD-104021,26-01-2024 20:00,CUST-11156,Consumer,Books,Fiction Novel,Central,Marketplace,1,1396.35,10,No,3.7,6,Net Banking
ORD-100565,09-05-2024 06:00,CUST-10556,Consumer,Beauty,Hair Dryer,South,Mobile App,2,1178.57,0,No,3,4,Debit Card
ORD-104067,18-08-2024 00:00,CUST-11654,Consumer,Books,Fiction Novel,East,Website,5,1536.46,20,No,4.3,2,Credit Card
ORD-101112,15-04-2024 03:00,CUST-10793,Consumer,Beauty,Body Lotion,Central,Website,3,499.51,10,No,3.6,3,Debit Card
ORD-104489,29-07-2024 17:00,CUST-10351,Consumer,Electronics,Power Bank,South,Website,3,9010.07,20,No,4.8,2,Credit Card
ORD-102329,21-03-2024 04:00,CUST-11211,Enterprise,Home & Kitchen,Air Fryer,North,Mobile App,4,2739.38,10,No,3.3,3,Credit Card
ORD-103233,03-01-2024 08:00,CUST-10874,Consumer,Electronics,Bluetooth Speaker,South,Website,2,11728.52,10,No,3.8,4,Credit Card
ORD-101453,14-05-2024 08:00,CUST-11717,Consumer,Fashion,Hoodie,Central,MOBILE APP,1,3440.34,5,No,4,3,UPI
ORD-103696,17-06-2024 05:00,CUST-10311,Consumer,Home & Kitchen,Desk Lamp,North,Mobile App,1,11726.01,0,Yes,5,5,Wallet
ORD-102878,20-04-2025 16:00,CUST-11697,Consumer,Fashion,Sports Cap,West,Mobile App,3,1046.19,5,No,3.8,4,Debit Card
ORD-104109,25-06-2024 20:00,CUST-11267,Consumer,Electronics,Bluetooth Speaker,North,Mobile App,4,0,10,No,4.8,3,Wallet
ORD-102117,22-10-2024 23:00,CUST-10552,Consumer,Beauty,Body Lotion,Central,Marketplace,1,360.84,5,No,4.7,4,Debit Card
ORD-104835,15-10-2024 02:00,CUST-10357,Consumer,Home & Kitchen,Storage Set,East,Mobile App,1,6082.98,5,No,3.8,3,UPI
ORD-102608,14-10-2024 07:00,CUST-10007,Consumer,Home & Kitchen,Coffee Maker,East,Website,1,8966.72,10,No,4.8,3,Debit Card
ORD-102095,28-02-2025 21:00,CUST-11300,Consumer,Fashion,Backpack,South,Website,1,2594.02,15,No,4.4,5,Credit Card
ORD-100370,02-07-2024 05:00,CUST-11946,Small Business,Books,Business Strategy,West,Website,3,1644.11,0,No,4.5,5,Debit Card
ORD-102623,19-05-2025 11:00,CUST-11427,Consumer,Fashion,Backpack,North,Mobile App,3,4616.89,20,No,4.5,3,Credit Card
ORD-101057,25-02-2025 14:00,CUST-11706,Consumer,Books,SQL Handbook,Central,Marketplace,1,1127.69,20,No,4.6,2,UPI
ORD-100672,13-12-2024 09:00,CUST-11295,Small Business,Home & Kitchen,Storage Set,West,Website,1,2121.96,15,No,4.4,4,Credit Card
ORD-103316,11-12-2024 02:00,CUST-10212,Small Business,Fashion,Casual Shirt,Central,Mobile App,1,4535.35,10,No,3.7,3,Net Banking
ORD-104655,18-04-2024 04:00,CUST-11149,Consumer,Beauty,Face Wash,North,Website,3,3984.36,0,No,4,4,Wallet
ORD-102029,06-07-2024 03:00,CUST-11433,Consumer,Electronics,Power Bank,South,Marketplace,1,16866.2,0,No,4.1,4,Debit Card
ORD-100534,11-11-2024 07:00,CUST-10162,Consumer,Fashion,Casual Shirt,Central,Mobile App,1,2198.89,15,No,3.7,2,Credit Card
ORD-100856,13-05-2024 17:00,CUST-11592,Consumer,Beauty,Skin Serum,East,Mobile App,2,430.73,15,No,5,1,UPI
ORD-103612,28-11-2024 18:00,CUST-10161,Consumer,Fashion,Running Shoes,West,Mobile App,2,3307.34,0,No,4.7,4,Credit Card
ORD-103822,26-10-2024 07:00,CUST-10382,Consumer,Home & Kitchen,Storage Set,Central,Website,1,6445.07,20,No,5,4,Credit Card
ORD-105667,27-03-2025 06:00,CUST-11748,Consumer,Fashion,Backpack,West,Website,3,3044.59,15,Yes,4.1,4,UPI
ORD-103083,11-05-2024 11:00,CUST-11467,Consumer,Electronics,USB-C Hub,South,Website,5,17014.88,0,No,4.4,5,Credit Card
ORD-101978,01-02-2024 04:00,CUST-10460,Consumer,Beauty,Hair Dryer,East,Website,3,4866.09,30,No,5,2,Credit Card
ORD-105770,29-06-2024 17:00,CUST-10910,Consumer,Electronics,Power Bank,West,Mobile App,1,20087.35,20,No,3.6,1,Net Banking
ORD-102598,12-06-2025 19:00,CUST-11010,Consumer,Fashion,Sports Cap,North,Website,4,3375.53,30,No,3.7,2,Wallet
ORD-103534,17-02-2024 21:00,CUST-10814,Consumer,Home & Kitchen,Storage Set,South,Marketplace,2,9418.05,15,No,4.4,3,UPI
ORD-103339,18-04-2025 15:00,CUST-10509,Consumer,Fashion,Running Shoes,Central,Marketplace,1,3653.59,0,No,3,6,Wallet
ORD-100190,08-01-2025 07:00,CUST-11503,Consumer,Electronics,Power Bank,West,Website,6,14804.18,20,No,4.5,3,Credit Card
ORD-103693,27-06-2024 03:00,CUST-10066,Consumer,Beauty,Body Lotion,West,Marketplace,4,3991.45,30,No,2.8,5,Credit Card
ORD-105955,22-01-2025 16:00,CUST-10630,Small Business,Home & Kitchen,Storage Set,Central,Marketplace,1,3137.93,10,No,3.9,1,UPI
ORD-103269,20-06-2025 18:00,CUST-10388,Small Business,Electronics,Smart Watch,South,Mobile App,1,3341.98,0,No,4,3,Debit Card
ORD-103162,28-03-2024 13:00,CUST-10404,Consumer,Home & Kitchen,Water Bottle,South,Marketplace,2,9024.49,0,No,4.4,3,Net Banking
ORD-100345,19-05-2024 18:00,CUST-11405,Small Business,Fashion,Running Shoes,South,Website,1,2808.56,10,No,3.3,3,UPI
ORD-105252,24-01-2025 22:00,CUST-11178,Enterprise,Beauty,Hair Dryer,West,Website,1,4973.53,15,Yes,3.5,3,Debit Card
ORD-101447,08-06-2025 01:00,CUST-10738,Consumer,Home & Kitchen,Coffee Maker,North,Mobile App,1,1955.25,10,No,5,4,UPI
ORD-103858,26-06-2024 16:00,CUST-10692,Consumer,Electronics,Power Bank,South,Mobile App,2,15804.26,0,No,3.6,3,Credit Card
ORD-105749,05-03-2024 16:00,CUST-11423,Consumer,Fashion, Backpack ,West,Marketplace,3,2714.73,25,No,4.5,2,Credit Card
ORD-100110,31-05-2024 07:00,CUST-10986,Consumer,Home & Kitchen,Coffee Maker,East,Website,3,5728.38,5,Yes,5,1,Debit Card
ORD-105223,23-03-2025 08:00,CUST-11502,Consumer,Books,Fiction Novel,South,Website,4,656.95,20,No,4.7,4,UPI
ORD-102784,12-05-2025 18:00,CUST-11431,Enterprise,Electronics,USB-C Hub,East,Marketplace,2,3533.01,10,No,4.6,3,UPI
ORD-100003,27-08-2024 15:00,CUST-10898,Small Business,Beauty,Skin Serum,North,Website,1,4957.12,0,No,4.9,3,UPI
ORD-102453,13-09-2024 14:00,CUST-10062,Small Business,Electronics,Smart Watch,West,Marketplace,1,13088.22,0,No,4.5,1,Debit Card
ORD-101760,29-07-2024 01:00,CUST-11493,Consumer,Fashion,Sports Cap,West,Marketplace,4,3008.92,15,No,4.1,4,UPI
ORD-105388,27-09-2024 20:00,CUST-11211,Small Business,Home & Kitchen,Air Fryer,North,Mobile App,2,7424.02,10,No,4.3,4,Credit Card
ORD-100701,02-12-2024 10:00,CUST-11653,Consumer,Electronics,Smart Watch,West,Website,3,16152.9,5,No,4.4,6,Credit Card
ORD-103495,17-10-2024 06:00,CUST-10554,Consumer,Electronics,Power Bank,North,Website,1,15193.87,10,No,3.7,3,Wallet
ORD-105310,05-12-2025 11:00,CUST-10565,Small Business,Books,Data Analytics Guide,South,Mobile App,1,1344.81,20,No,4.6,4,Debit Card
ORD-105588,17-03-2025 06:00,CUST-10441,Consumer,Home & Kitchen,Air Fryer,Central,Mobile App,1,7006.17,10,No,4,5,UPI
ORD-105762,16-04-2024 07:00,CUST-11403,Consumer,Electronics,Power Bank,South,Mobile App,2,20607.61,15,No,4.7,4,Credit Card
ORD-100601,01-03-2025 08:00,CUST-11438,Small Business,Electronics,Smart Watch,West,Mobile App,1,20169.46,0,No,4.2,2,Credit Card
ORD-105786,18-12-2024 10:00,CUST-10426,Consumer,Fashion,Backpack,West,Marketplace,2,2652.39,20,No,3.4,3,Credit Card
ORD-104970,12-04-2025 02:00,CUST-11614,Consumer,Fashion,Casual Shirt,Central,Mobile App,1,4684.38,20,No,3.6,3,UPI
ORD-100513,21-03-2025 21:00,CUST-11311,Consumer,Books,Fiction Novel,Central,Website,1,1338.46,20,No,3.7,4,Wallet
ORD-103213,10-06-2025 16:00,CUST-11131,Consumer,Fashion,Hoodie,South,Marketplace,1,4213.39,15,No,5,1,UPI
ORD-101134,01-12-2024 04:00,CUST-10632,Consumer,Fashion,Casual Shirt,East,Website,1,1139.8,20,No,5,4,UPI
ORD-104120,31-01-2025 10:00,CUST-11095,Consumer,Home & Kitchen,Air Fryer,East,Website,2,3902.62,20,No,4.7,2,Credit Card
ORD-101189,04-01-2024 23:00,CUST-10342,Small Business,Home & Kitchen,Storage Set,West,Mobile App,2,9161.44,0,Yes,5,3,Credit Card
ORD-104870,14-04-2024 00:00,CUST-10959,Small Business,Electronics,Smart Watch,Central,Website,6,20857.73,20,No,3.6,4,Wallet
ORD-101293,03-01-2024 10:00,CUST-10654,Consumer,Fashion,Backpack,South,Mobile App,1,1568.49,15,No,3.4,4,UPI
ORD-103684,16-06-2025 16:00,CUST-11160,Consumer,Electronics,Wireless Earbuds,North,Marketplace,1,3814.71,5,No,5,5,Credit Card
ORD-104635,21-02-2025 05:00,CUST-11509,Consumer,Electronics,Wireless Earbuds,West,Mobile App,1,9525.67,25,No,4.3,6,Debit Card
ORD-104617,22-11-2024 14:00,CUST-11929,Consumer,Fashion,Running Shoes,East,Website,2,5339.52,0,No,2.6,3,Credit Card
ORD-102909,08-07-2024 23:00,CUST-10962,Small Business,Electronics,Bluetooth Speaker,Central,Mobile App,3,14564.3,20,Yes,4.1,1,Credit Card
ORD-103123,01-12-2024 00:00,CUST-11106,Consumer,Home & Kitchen,Storage Set,South,Website,2,9687.98,5,No,4.9,4,Net Banking
ORD-100884,20-03-2025 02:00,CUST-10343,Small Business,Books,Fiction Novel,West,Marketplace,1,1674.51,20,No,4.2,3,Credit Card
ORD-103546,11-08-2024 12:00,CUST-10750,Consumer,Electronics,Power Bank,East,Marketplace,6,12712.52,10,Yes,2.8,4,Credit Card
ORD-103095,14-02-2025 12:00,CUST-10664,Consumer,Home & Kitchen,Coffee Maker,South,Website,1,11508.64,25,No,4.3,5,UPI
ORD-101670,20-02-2025 16:00,CUST-10616,Small Business,Electronics,USB-C Hub,West,Website,1,19420.48,0,No,4.3,6,Net Banking
ORD-104633,05-04-2024 07:00,CUST-11927,Small Business,Fashion,Hoodie,Central,Marketplace,1,1228.19,15,No,4.1,4,UPI
ORD-105069,07-06-2025 03:00,CUST-11734,Consumer,Books,Business Strategy,East,Website,2,513.33,5,No,5,1,Wallet
ORD-105350,03-05-2024 16:00,CUST-10896,Consumer,Books,Fiction Novel,East,Website,3,669.18,10,No,4.7,1,Credit Card
ORD-103507,19-03-2025 06:00,CUST-10159,Consumer,Electronics,Wireless Earbuds,East,Website,3,15511.53,20,Yes,4.7,5,Debit Card
ORD-101773,03-08-2024 04:00,CUST-10549,Small Business,Home & Kitchen,Desk Lamp,East,Website,2,6512.7,0,No,3.4,3,Credit Card
ORD-104224,02-03-2025 23:00,CUST-11540,Consumer,Fashion,Casual Shirt,Central,Mobile App,1,2884.19,0,No,4.5,2,Credit Card
ORD-100759,02-02-2025 10:00,CUST-10757,Consumer,Electronics,Wireless Earbuds,Central,Website,1,9632.69,15,No,3.9,4,UPI
ORD-103503,20-04-2024 01:00,CUST-11283,Consumer,Books,Data Analytics Guide,West,Website,4,1794.12,20,No,4.6,3,Net Banking
ORD-105002,08-12-2024 12:00,CUST-11929,Consumer,Electronics,Smart Watch,South,Mobile App,1,5186.47,5,No,3.2,2,Debit Card
ORD-105658,12-10-2024 01:00,CUST-11161,Small Business,Fashion,Casual Shirt,Central,Website,2,1971.45,5,No,4.5,1,Debit Card
ORD-104762,23-02-2024 10:00,CUST-11834,Consumer,Electronics,USB-C Hub,North,Website,4,7848.51,15,No,3.9,3,Debit Card
ORD-101833,09-02-2024 05:00,CUST-10861,Consumer,Beauty,Hair Dryer,West,Website,1,4240.34,5,No,4.1,1,Debit Card
ORD-100880,16-02-2024 23:00,CUST-11578,Consumer,Fashion,Running Shoes,East,Website,1,1073.48,10,No,3.2,3,Wallet
ORD-103712,16-03-2025 15:00,CUST-11268,Small Business,Home & Kitchen,Coffee Maker,South,Website,2,5455.73,20,No,2.8,2,UPI
ORD-101681,01-07-2024 19:00,CUST-11021,Consumer,Electronics,USB-C Hub,North,Marketplace,5,4297.54,0,No,2.8,2,UPI
ORD-105740,13-02-2025 14:00,CUST-10253,Consumer,Electronics,Power Bank,East,Mobile App,4,4935.15,15,No,4.6,2,Wallet
ORD-104693,15-04-2025 23:00,CUST-10488,Small Business,Electronics,Smart Watch,North,Marketplace,1,4314.6,0,No,3.5,3,Wallet
ORD-103571,04-04-2025 19:00,CUST-10005,Consumer,Fashion,Sports Cap,West,Mobile App,2,5734.72,5,No,3.3,6,Debit Card
ORD-102982,13-03-2025 10:00,CUST-10427,Consumer,Beauty,Body Lotion,South,Mobile App,5,4662.87,0,No,2.8,1,UPI
ORD-104683,07-02-2024 18:00,CUST-10527,Consumer,Books,Business Strategy,East,Website,1,1214.73,5,No,3.3,3,Debit Card
ORD-101496,27-10-2024 22:00,CUST-11705,Consumer,Home & Kitchen,Storage Set, North ,Website,1,3516.76,0,No,5,3,Wallet
ORD-100214,06-02-2025 09:00,CUST-11605,Consumer,Electronics,USB-C Hub,West,Mobile App,5,11546.51,10,No,4.7,4,Credit Card
ORD-105728,14-08-2024 13:00,CUST-10360,Small Business,Electronics,Smart Watch, West ,Marketplace,1,21806.12,15,No,4.5,2,Credit Card
ORD-105109,04-06-2024 17:00,CUST-10388,Small Business,Fashion,Casual Shirt,West,Website,1,3713.09,5,No,3.8,4,Credit Card
ORD-102664,27-04-2024 07:00,CUST-10068,Consumer,Electronics,Smart Watch,Central,Mobile App,6,1520.65,5,No,3.5,3,Net Banking
ORD-103896,17-10-2024 19:00,CUST-11263,Enterprise,Books,Fiction Novel,North,Mobile App,1,527.98,10,No,3.7,3,Debit Card
ORD-100075,16-09-2024 18:00,CUST-10523,Consumer,Books,Fiction Novel,Central,Mobile App,4,1792.15,15,No,4.9,2,Credit Card
ORD-101300,18-02-2025 19:00,CUST-11000,Consumer,Home & Kitchen,Air Fryer,North,Mobile App,3,8041.63,15,No,4.1,3,Credit Card
ORD-102036,14-11-2024 16:00,CUST-11592,Consumer,Books,Fiction Novel,East,Mobile App,2,1663.59,5,No,3.6,3,Credit Card
ORD-103793,24-12-2024 03:00,CUST-10583,Small Business,Fashion,Hoodie,North,Mobile App,10,1540.48,10,Yes,5,4,Debit Card
ORD-105145,14-02-2025 01:00,CUST-10013,Consumer,Fashion,Hoodie,West,Mobile App,1,5646.88,15,No,5,3,Debit Card
ORD-102567,11-12-2024 17:00,CUST-10725,Small Business,Electronics,Power Bank,West,Website,2,4204.02,30,Yes,3.9,4,Credit Card
ORD-100441,13-06-2024 07:00,CUST-11097,Consumer,Electronics,Power Bank,East,Website,1,14559.95,5,No,3.7,5,Credit Card
ORD-104877,26-08-2024 16:00,CUST-10359,Consumer,Beauty,Body Lotion,West,Mobile App,1,533.56,10,No,3.3,2,UPI
ORD-101036,07-05-2025 23:00,CUST-11455,Consumer,Home & Kitchen,Coffee Maker,North,Website,1,11209.76,10,No,3.6,1,UPI
ORD-101936,22-07-2024 10:00,CUST-11785,Consumer,Home & Kitchen,Desk Lamp,West,Mobile App,2,10297.31,10,No,3.5,1,Wallet
ORD-102680,05-03-2024 01:00,CUST-11267,Small Business,Books,Fiction Novel,East,Website,2,1589.57,25,No,3.6,6,UPI
ORD-101895,09-04-2025 20:00,CUST-10598,Consumer,Home & Kitchen,Coffee Maker,North,Website,4,9175.64,30,No,5,3,UPI
ORD-105873,24-06-2024 14:00,CUST-11373,Small Business,Beauty,Perfume,North,Mobile App,1,3118.42,5,No,4.6,1,Net Banking
ORD-105954,06-01-2025 08:00,CUST-11030,Consumer,Home & Kitchen,Water Bottle,South,Marketplace,2,11890.82,25,No,4.1,4,Credit Card
ORD-104267,22-05-2025 00:00,CUST-11493,Consumer,Fashion,Sports Cap,West,Website,1,1461.49,0,No,4.6,5,UPI
ORD-104839,23-05-2025 14:00,CUST-10617,Small Business,Home & Kitchen,Water Bottle,Central,Mobile App,2,10538.33,20,No,3.6,1,Wallet
ORD-105598,15-02-2025 06:00,CUST-10777,Small Business,Home & Kitchen,Storage Set,West,Website,4,2130.69,0,No,3.5,2,UPI
ORD-103728,05-07-2024 03:00,CUST-11343,Consumer,Beauty,Hair Dryer,Central,Marketplace,3,4647.52,20,No,3,4,UPI
ORD-104507,16-11-2024 19:00,CUST-11718,Consumer,Beauty,Face Wash,East,Website,4,1262.67,10,No,3.8,2,Wallet
ORD-102923,22-10-2024 02:00,CUST-11462,Consumer,Home & Kitchen,Desk Lamp,West,Mobile App,1,3242.53,20,No,3.6,3,UPI
ORD-104488,28-12-2024 21:00,CUST-11791,Small Business,Electronics,Power Bank,South,Mobile App,3,11658.16,15,No,4.2,5,Credit Card
ORD-103215,24-05-2024 11:00,CUST-11199,Consumer,Electronics,Power Bank,West,Mobile App,3,10597.44,5,No,3.6,4,Debit Card
ORD-105041,30-03-2024 02:00,CUST-11138,Consumer,Home & Kitchen,Storage Set,East,Website,2,9645.02,15,No,4.6,4,Debit Card
ORD-103000,28-02-2025 20:00,CUST-10018,Small Business,Home & Kitchen,Air Fryer,North,Marketplace,1,4496.88,10,No,4,2,Wallet
ORD-101747,24-07-2024 22:00,CUST-10676,Small Business,Fashion,Hoodie,West,Marketplace,1,2932.42,25,No,4.4,3,Credit Card
ORD-102866,21-06-2024 02:00,CUST-11525,Small Business,Beauty,Face Wash,East,Mobile App,1,2338.81,15,No,4.9,3,Debit Card
ORD-103102,08-01-2024 21:00,CUST-11690,Consumer,Beauty,Face Wash,North,Mobile App,1,3783.01,20,No,4.6,5,Credit Card
ORD-100423,13-11-2024 07:00,CUST-11090,Consumer,Home & Kitchen,Coffee Maker,North,Marketplace,2,624.96,15,No,3.8,2,Debit Card
ORD-100946,15-06-2025 12:00,CUST-10477,Consumer,Electronics,Smart Watch,West,Mobile App,3,6753.07,0,No,4.2,4,Debit Card
ORD-104286,25-01-2025 00:00,CUST-10643,Consumer,Beauty,Face Wash,West,Mobile App,3,2449.63,15,No,3.6,1,Credit Card
ORD-105344,04-06-2024 17:00,CUST-11451,Small Business,Beauty,Face Wash,South,Website,1,255.65,15,No,3.6,7,Wallet
ORD-104636,26-03-2025 05:00,CUST-10884,Small Business,Home & Kitchen,Air Fryer,North,Mobile App,1,11778.6,25,No,3.4,4,UPI
ORD-105602,06-01-2024 06:00,CUST-11740,Consumer,Home & Kitchen,Water Bottle,West,Mobile App,2,2540.31,0,No,3.5,2,UPI
ORD-101816,07-05-2024 18:00,CUST-10376,Consumer,Electronics,USB-C Hub,North,Website,1,11636.92,10,No,1.9,4,Credit Card
ORD-100443,23-09-2024 18:00,CUST-11800,Enterprise,Home & Kitchen,Coffee Maker,West,Mobile App,2,3099.08,10,No,4.4,2,Debit Card
ORD-103127,11-05-2025 03:00,CUST-11215,Small Business,Electronics,Wireless Earbuds,South,Website,2,5051.09,5,No,3.9,4,UPI
ORD-104126,26-01-2024 00:00,CUST-11754,Consumer,Home & Kitchen,Storage Set,West,Mobile App,1,10661.75,20,No,4.1,5,Credit Card
ORD-101133,20-02-2025 13:00,CUST-10467,Consumer,Fashion,Hoodie,West,Mobile App,2,3330.03,15,No,4.1,1,Credit Card
ORD-104092,19-07-2024 02:00,CUST-10907,Consumer,Beauty,Body Lotion,West,Marketplace,4,1077.64,10,No,3.5,1,Debit Card
ORD-102207,03-04-2025 05:00,CUST-10831,Consumer,Books,SQL Handbook,North,Website,2,1746.74,15,No,5,5,UPI
ORD-102017,31-01-2025 12:00,CUST-10679,Consumer,Home & Kitchen,Air Fryer,East,Mobile App,2,3852.74,5,No,3.7,2,Debit Card
ORD-105353,14-09-2024 19:00,CUST-10053,Consumer,Electronics,Bluetooth Speaker,Central,Mobile App,1,3926.3,25,No,4.1,4,Debit Card
ORD-101391,16-10-2024 03:00,CUST-11719,Consumer,Beauty,Skin Serum, West ,Mobile App,1,4378.75,15,No,3.6,3,Net Banking
ORD-101244,22-04-2025 18:00,CUST-10605,Consumer,Fashion,hoodie,North,Website,2,2141.95,0,No,5,5,Debit Card
ORD-105725,22-06-2024 11:00,CUST-11541,Enterprise,Books,SQL Handbook,South,Website,1,1324.91,10,No,3.8,3,Wallet
ORD-104837,06-02-2024 18:00,CUST-11861,Consumer,Fashion,Sports Cap,South,Marketplace,1,2711.3,0,No,4.7,2,Wallet
ORD-104366,31-03-2024 15:00,CUST-11338,Enterprise,Electronics,Bluetooth Speaker,West,Website,2,9914.22,15,No,4,3,Credit Card
ORD-101721,09-02-2025 00:00,CUST-11496,Consumer,Fashion,Running Shoes,South,Mobile App,4,1805.73,20,No,4,5,Wallet
ORD-105112,25-06-2025 22:00,CUST-10968,Consumer,Books,Leadership Book,North,Website,3,351.56,20,No,3.8,2,Debit Card
ORD-104000,22-06-2024 08:00,CUST-11360,Consumer,Beauty,Face Wash,East,Website,2,3388.62,15,No,5,2,Credit Card
ORD-100597,01-03-2025 15:00,CUST-10803,Consumer,Books,Leadership Book,North,Marketplace,1,904.65,15,No,3.1,2,UPI
ORD-104797,08-03-2024 16:00,CUST-11623,Consumer,Books,Business Strategy,West,Mobile App,3,925.92,5,No,2.9,1,Net Banking
ORD-104799,30-10-2024 04:00,CUST-10153,Small Business,Electronics,Power Bank,East,Website,2,11412.09,30,No,4.5,2,Net Banking
ORD-104634,25-02-2024 06:00,CUST-10239,Consumer,Electronics,Wireless Earbuds,South,Marketplace,2,12830.81,20,No,4.3,4,Credit Card
ORD-102037,22-01-2024 23:00,CUST-11101,Consumer,Electronics,Bluetooth Speaker,South,Mobile App,1,7539.19,5,No,4.8,5,UPI
ORD-104060,20-03-2024 03:00,CUST-10540,Consumer,Electronics,Bluetooth Speaker,Central,Mobile App,1,11752.89,10,No,3.8,1,Wallet
ORD-101219,28-08-2024 07:00,CUST-11025,Small Business,Fashion,Hoodie,Central,Website,1,3342.41,0,No,3.8,4,UPI
ORD-102594,15-06-2024 21:00,CUST-11364,Consumer,Fashion,Sports Cap,Central,Website,2,1250.77,10,No,3,3,Debit Card
ORD-104861,28-03-2025 05:00,CUST-10260,Small Business,Electronics,Wireless Earbuds,Central,Mobile App,6,19670.11,10,No,4.4,1,Debit Card
ORD-102147,26-05-2025 01:00,CUST-11907,Consumer,Home & Kitchen,Water Bottle,South,Mobile App,2,11008.34,0,No,4.6,3,Net Banking
ORD-100529,17-05-2025 21:00,CUST-11877,Consumer,Home & Kitchen,Air Fryer,North,Website,1,2377,25,No,4.3,4,Debit Card
ORD-102733,27-04-2024 00:00,CUST-10524,Consumer,Books,Leadership Book,North,Mobile App,4,1399.03,15,No,3.5,1,UPI
ORD-105166,29-01-2025 07:00,CUST-10743,Consumer,Fashion,Sports Cap,West,Mobile App,1,1141.86,5,Yes,4.1,1,UPI
ORD-102123,29-11-2024 02:00,CUST-11627,Consumer,Fashion,Backpack,Central,Mobile App,3,3507.28,10,No,4,4,Net Banking
ORD-105142,25-12-2024 15:00,CUST-10316,Consumer,Home & Kitchen,Air Fryer,Central,Website,2,6592.44,15,Yes,4.1,6,Debit Card
ORD-105091,23-07-2024 22:00,CUST-10795,Small Business,Electronics,Smart Watch,West,Mobile App,2,20332.7,0,No,3.3,3,Net Banking
ORD-105591,12-11-2024 12:00,CUST-10645,Small Business,Electronics,Smart Watch,South,Website,3,11268.94,10,No,4,4,Debit Card
ORD-101170,09-12-2024 10:00,CUST-10257,Consumer,Books,Data Analytics Guide,West,Mobile App,4,1788.24,0,No,4,4,UPI
ORD-101930,18-02-2024 19:00,CUST-11286,Consumer,Beauty,Hair Dryer,North,Mobile App,10,4278.88,0,No,3.2,4,Debit Card
ORD-103068,22-03-2024 09:00,CUST-11936,Consumer,Home & Kitchen,Coffee Maker,West,Mobile App,1,1066.28,10,No,4.4,4,UPI
ORD-100195,17-02-2024 20:00,CUST-11764,Consumer,Home & Kitchen,Coffee Maker,Central,Website,2,2177.4,15,No,3.1,4,Credit Card
ORD-103248,17-03-2024 15:00,CUST-11442,Consumer,Fashion,Sports Cap,North,Marketplace,1,3698.56,0,Yes,3.3,4,Wallet
ORD-102894,22-05-2024 10:00,,Consumer,Electronics,Power Bank,East,Mobile App,2,9843.86,25,No,4.8,6,Net Banking
ORD-104424,20-06-2024 17:00,CUST-11057,Consumer,Beauty,Body Lotion,South,Website,4,3629.29,10,No,3.3,2,Wallet
ORD-105485,05-04-2024 13:00,CUST-11575,Consumer,Beauty,Perfume,north,Mobile App,2,372.27,15,No,3.9,3,Credit Card
ORD-104804,12-01-2025 17:00,CUST-10186,Small Business,Electronics,Smart Watch,West,Mobile App,1,3965.41,0,No,4.2,3,Debit Card
ORD-100029,30-08-2024 02:00,CUST-11329,Small Business,Home & Kitchen,Water Bottle,Central,Website,3,6382.45,10,No,5,2,Credit Card
ORD-101700,24-05-2024 21:00,CUST-10668,Consumer,Books,Leadership Book,South,Mobile App,1,1599.37,15,Yes,4.3,4,Credit Card
ORD-101941,18-05-2024 05:00,CUST-10791,Enterprise,Electronics,Smart Watch,West,Mobile App,3,8326.25,15,No,3.7,2,Wallet
ORD-102466,13-06-2024 10:00,CUST-10170,Consumer,Beauty,Body Lotion,West,Website,3,870.59,20,No,2.7,1,Wallet
ORD-105827,02-01-2025 18:00,CUST-10763,Consumer,Books,Data Analytics Guide,West,Website,2,931.85,20,No,,2,Debit Card
ORD-101376,09-06-2025 11:00,CUST-11401,Consumer,Beauty,Hair Dryer,Central,Website,2,1227.13,5,No,3.3,2,UPI
ORD-103494,21-05-2025 17:00,CUST-11877,Small Business,Beauty,Skin Serum,South,Mobile App,1,1666.58,15,No,5,1,Credit Card
ORD-101452,28-01-2024 23:00,CUST-11170,Consumer,Fashion,Running Shoes,West,Mobile App,3,2535.21,10,No,,2,Net Banking
ORD-103628,06-04-2025 15:00,CUST-10225,Consumer,Electronics,Smart Watch,East,Mobile App,2,16406.87,15,No,4.3,4,UPI
ORD-105630,17-09-2024 00:00,CUST-11271,Consumer,Fashion,Sports Cap,Central,Mobile App,2,3561.52,5,No,4,1,UPI
ORD-101996,28-10-2024 18:00,CUST-11816,Consumer,Electronics,Wireless Earbuds,Central,Website,2,6916.78,15,Yes,3.1,4,Debit Card
ORD-101462,26-01-2024 22:00,CUST-10499,Consumer,Home & Kitchen,Air Fryer,East,Website,2,6981.05,0,No,3.6,1,UPI
ORD-101955,06-08-2024 15:00,CUST-11088,Consumer,Electronics,Power Bank,North,Mobile App,6,14285.3,30,No,3.5,2,Debit Card
ORD-105851,18-11-2024 01:00,CUST-11724,Consumer,Electronics,Bluetooth Speaker,West,Website,2,14480.12,5,No,4.5,1,UPI
ORD-100160,27-06-2025 21:00,CUST-10572,Consumer,Books,Leadership Book,South,Marketplace,4,284.92,5,No,3.3,3,Debit Card
ORD-105410,12-01-2024 20:00,CUST-10263,Consumer,Fashion,Casual Shirt,West,Mobile App,4,4548.41,0,No,4.7,4,Credit Card
ORD-100770,21-12-2024 23:00,CUST-10259,Consumer,Books,Leadership Book,North,Mobile App,2,1102.71,25,No,5,6,UPI
ORD-104135,14-06-2025 06:00,CUST-10886,Consumer,Fashion,Backpack,East,Website,1,4408.1,20,No,4,4,Debit Card
ORD-105053,13-05-2025 18:00,CUST-11326,Consumer,Fashion,Running Shoes,South,Mobile App,5,2083.07,30,No,3.7,2,Debit Card
ORD-103237,26-06-2025 19:00,CUST-11923,Consumer,Fashion,Sports Cap,East,Mobile App,2,3925.81,0,No,3.3,1,UPI
ORD-104716,30-04-2025 14:00,CUST-11738,Consumer,Fashion,Hoodie,Central,Mobile App,3,3416.34,5,Yes,4.7,4,Debit Card
ORD-104072,31-03-2025 09:00,CUST-11101,Small Business,Home & Kitchen,Coffee Maker,South,Marketplace,3,5726.3,10,No,,4,UPI
ORD-100611,09-09-2024 16:00,CUST-10044,Enterprise,Home & Kitchen,Storage Set,West,Mobile App,3,2747.75,20,No,4.4,3,Debit Card
ORD-100654,28-10-2024 23:00,CUST-10267,Consumer,Home & Kitchen,Water Bottle,West,Mobile App,5,3578.67,20,No,3.8,3,Wallet
ORD-105516,14-10-2024 00:00,CUST-11803,Consumer,Books,Data Analytics Guide,North,Website,1,1131.89,10,No,3.2,2,Debit Card
ORD-104383,03-11-2024 21:00,CUST-10098,Small Business,Electronics,Wireless Earbuds,South,Marketplace,3,2984.18,15,No,3.6,3,Net Banking
ORD-101164,09-10-2024 07:00,CUST-11937,Consumer,Fashion,Sports Cap,North,Website,3,2069.04,25,Yes,3.6,4,UPI
ORD-101838,01-05-2024 10:00,CUST-11227,Consumer,Electronics,Smart Watch,East,Mobile App,2,11725.34,10,No,3.9,2,Debit Card
ORD-101153,11-05-2025 15:00,CUST-11146,Small Business,Home & Kitchen,Air Fryer,North,Website,3,8072.17,5,No,4.1,1,Debit Card
ORD-100119,03-03-2024 12:00,CUST-10353,Small Business,Electronics,Power Bank,Central,Marketplace,3,8329.88,20,No,3.4,2,UPI
ORD-101581,28-04-2024 03:00,CUST-10691,Consumer,Beauty,Skin Serum,South,Mobile App,2,1559.78,0,No,3.4,2,Net Banking
ORD-100621,17-09-2024 22:00,CUST-11789,Enterprise,Electronics,Bluetooth Speaker,South,Mobile App,4,17383.72,5,No,5,6,Wallet
ORD-100552,28-03-2025 05:00,CUST-10495,Enterprise,Home & Kitchen,Desk Lamp,Central,Website,1,7728.45,25,Yes,4.2,2,Debit Card
ORD-105037,26-10-2024 13:00,CUST-10164,Consumer,Home & Kitchen,Coffee Maker,West,Marketplace,3,2192.65,0,No,3.2,4,UPI
ORD-103044,13-04-2024 05:00,CUST-10530,Consumer,Fashion,Running Shoes,North,Mobile App,4,3703.61,15,No,5,5,UPI
ORD-100904,07-09-2024 14:00,CUST-11301,Consumer,Home & Kitchen,Desk Lamp,East,Website,2,2197.24,0,No,4.5,4,UPI
ORD-100093,30-07-2024 13:00,CUST-11760,Small Business,Books,Data Analytics Guide,East,Marketplace,2,857.74,10,No,5,5,Debit Card
ORD-103699,18-02-2025 19:00,,Consumer,Fashion,Backpack,West,Website,2,1139.9,20,No,4.2,2,Credit Card
ORD-100260,09-03-2025 06:00,CUST-11012,Consumer,Electronics,Wireless Earbuds,East,Mobile App,3,9886.1,20,No,4.3,4,Debit Card
ORD-104728,02-03-2024 05:00,CUST-11455,Consumer,Fashion,Backpack,North,Website,1,5319.93,20,No,3.9,1,Credit Card
ORD-105558,15-10-2024 03:00,CUST-10578,Consumer,Home & Kitchen,Air Fryer,East,Website,1,529.66,10,No,5,5,Wallet
ORD-103604,19-05-2025 22:00,CUST-11439,Consumer,Beauty,Face Wash,West,Website,2,2894.72,15,No,4.2,3,Credit Card
ORD-103158,30-12-2024 17:00,CUST-10558,Consumer,Electronics,Smart Watch,North,Mobile App,10,14282.63,20,No,3.5,5,Credit Card
ORD-105782,27-04-2025 12:00,CUST-10210,Consumer,Books,Business Strategy,West,Mobile App,1,662.55,20,No,3.9,4,Wallet
ORD-102666,11-05-2024 10:00,CUST-11696,Small Business,Electronics,Smart Watch,West,Marketplace,10,2347.9,0,No,4.5,4,Net Banking
ORD-105958,30-11-2024 04:00,CUST-10996,Consumer,Electronics,Smart Watch,North,Marketplace,2,17282.63,0,No,4.2,3,UPI
ORD-104758,03-09-2024 19:00,CUST-10777,Consumer,Home & Kitchen,Air Fryer,North,Website,2,5809.51,15,No,2.7,7,Debit Card
ORD-102054,25-01-2025 03:00,CUST-10522,Consumer,Beauty,Face Wash,North,Marketplace,4,2134.53,10,No,4.4,3,UPI
ORD-101720,18-02-2024 11:00,CUST-11020,Consumer,Home & Kitchen,Air Fryer,North,Website,2,6537.14,5,No,3.5,3,Debit Card
ORD-104256,27-06-2024 12:00,CUST-10510,Consumer,Home & Kitchen,Air Fryer,North,Mobile App,2,7626.76,20,No,4.1,1,Debit Card
ORD-105592,15-10-2024 04:00,CUST-10100,Enterprise,Books,Data Analytics Guide,East,Mobile App,1,421.1,15,No,5,4,Debit Card
ORD-103012,25-01-2024 22:00,CUST-11469,Consumer,Electronics,Bluetooth Speaker,South,Website,5,18145.47,10,No,4.6,3,Debit Card
ORD-105297,28-12-2024 21:00,,Consumer,Electronics,Bluetooth Speaker,South,Marketplace,1,9491.29,5,No,3.7,1,UPI
ORD-104772,06-04-2024 19:00,CUST-10256,Enterprise,Electronics,Bluetooth Speaker,East,Website,1,21638.26,25,No,4.4,3,UPI
ORD-103651,09-02-2024 05:00,CUST-11251,Consumer,Books,Leadership Book,Central,Website,2,1424.28,25,No,3.8,5,Credit Card
ORD-100584,08-08-2024 15:00,CUST-10049,Consumer,Books,SQL Handbook,Central,Mobile App,2,1236.51,10,No,4.5,1,Wallet
ORD-104660,30-03-2025 09:00,CUST-10162,Small Business,Home & Kitchen,Water Bottle,South,Mobile App,3,1507.08,25,No,3.9,3,Wallet
ORD-100838,08-01-2024 22:00,CUST-11105,Consumer,Beauty,Hair Dryer,Central,Marketplace,1,2630.57,15,No,4,1,Credit Card
ORD-103962,24-12-2024 13:00,CUST-11500,Consumer,Fashion,Sports Cap,South,Website,1,3925.18,5,No,3.7,4,Credit Card
ORD-100906,12-08-2024 17:00,CUST-10623,Consumer,Beauty,Hair Dryer,North,Mobile App,1,3884.22,5,No,4.8,1,Debit Card
ORD-103631,25-10-2024 00:00,CUST-11022,Small Business,Electronics,Wireless Earbuds,North,Mobile App,1,12106.04,10,No,4.8,5,Net Banking
ORD-100171,19-02-2024 04:00,CUST-10267,Consumer,Fashion,Running Shoes,Central,Mobile App,3,5131.66,10,No,4,5,Wallet
ORD-104016,27-05-2024 20:00,CUST-11126,Consumer,Home & Kitchen,Desk Lamp,Central,Mobile App,1,535.39,15,No,4.2,5,Debit Card
ORD-102193,29-04-2024 12:00,CUST-10697,Consumer,Fashion,Running Shoes,North,Marketplace,2,5420.59,0,No,3.8,2,Net Banking
ORD-103298,21-10-2024 05:00,CUST-11663,Consumer,Electronics,Wireless Earbuds,West,Marketplace,3,2834.37,10,No,4.3,5,UPI
ORD-105691,16-11-2024 23:00,CUST-10975,Consumer,Home & Kitchen,Storage Set,East,Mobile App,3,723.8,5,No,3.2,5,Credit Card
ORD-104763,09-05-2024 16:00,CUST-11449,Small Business,Home & Kitchen,Air Fryer,East,Mobile App,2,938.03,20,No,3.8,2,Credit Card
ORD-104191,06-07-2024 02:00,CUST-11844,Small Business,Electronics,power bank,Central,Mobile App,1,2325.29,15,Yes,3.8,1,UPI
ORD-104745,15-06-2024 19:00,CUST-11427,Consumer,Fashion,Running Shoes,east,Website,2,3704.1,0,No,3.7,7,UPI
ORD-102766,20-07-2024 16:00,CUST-10742,Consumer,Home & Kitchen,Water Bottle,South,Website,4,1376.26,15,No,3.4,3,UPI
ORD-105820,30-11-2024 12:00,CUST-11419,Consumer,Home & Kitchen,Coffee Maker,East,Website,2,8151.2,0,No,4.3,1,Wallet
ORD-103423,28-07-2024 00:00,CUST-10324,Consumer,Beauty,Hair Dryer,Central,Marketplace,4,320.68,20,No,3.7,3,Debit Card
ORD-103189,31-03-2025 11:00,CUST-10316,Consumer,Fashion,Sports Cap,South,Mobile App,3,1469.31,10,Yes,5,3,Credit Card
ORD-101982,30-01-2024 12:00,CUST-11702,Enterprise,Home & Kitchen,Storage Set,East,Mobile App,3,9783.47,25,No,4.6,1,UPI
ORD-105317,27-02-2024 20:00,CUST-10729,Consumer,Books,Business Strategy,East,Website,2,579.39,10,No,4.1,4,Wallet
ORD-105988,18-04-2025 10:00,CUST-11442,Small Business,Electronics,Wireless Earbuds,South,Mobile App,2,15465.06,30,No,3.7,3,Debit Card
ORD-102228,07-06-2024 03:00,CUST-11802,Consumer,Electronics,USB-C Hub,North,Mobile App,1,17318.57,0,No,4.5,2,UPI
ORD-103048,02-04-2024 12:00,CUST-10558,Small Business,Electronics,Bluetooth Speaker,South,Marketplace,1,14914.44,30,No,3.6,3,Credit Card
ORD-104885,20-04-2024 12:00,CUST-11660,Consumer,Home & Kitchen,Coffee Maker,Central,Mobile App,2,3503.17,15,No,4.6,3,Credit Card
ORD-101696,12-09-2024 23:00,CUST-10413,Consumer,Home & Kitchen,Coffee Maker,North,Mobile App,3,2342.27,30,No,4.4,1,Credit Card
ORD-102747,17-03-2025 17:00,CUST-10443,Consumer,Books,Data Analytics Guide,East,Website,1,970.62,20,No,4.6,2,Net Banking
ORD-103959,27-04-2024 12:00,CUST-10392,Small Business,Books,Fiction Novel,East,Mobile App,3,443.1,5,No,3.7,3,UPI
ORD-105821,19-01-2025 15:00,CUST-10469,Consumer,Home & Kitchen,Water Bottle,Central,Website,2,2759.56,10,No,3.7,1,Debit Card
ORD-104122,22-06-2025 01:00,CUST-11870,Small Business,Books,Data Analytics Guide,South,Mobile App,5,295.34,0,Yes,5,3,UPI
ORD-105125,11-02-2025 17:00,CUST-10032,Small Business,Home & Kitchen,Storage Set,East,Website,1,11405.12,5,No,2.8,5,UPI
ORD-101396,04-12-2024 11:00,CUST-11617,Enterprise,Electronics,Wireless Earbuds,West,Website,2,4074.5,10,No,4.3,1,UPI
ORD-102384,10-04-2024 06:00,CUST-11010,Consumer,Electronics,Smart Watch,Central,Website,2,2210.67,15,No,5,7,Net Banking
ORD-100883,25-03-2024 18:00,CUST-10595,Consumer,Home & Kitchen,Water Bottle,North,Website,2,10465.95,20,No,4.2,3,Credit Card
ORD-101698,15-07-2024 09:00,CUST-11170,Consumer,Fashion,Running Shoes,South,Mobile App,1,1837.95,20,No,4.5,3,UPI
ORD-102024,09-02-2024 18:00,CUST-10451,Small Business,Fashion,Running Shoes,East,Mobile App,4,3567.75,0,No,3.3,4,UPI
ORD-104262,08-06-2024 03:00,CUST-10688,Consumer,Fashion,Hoodie,East,Mobile App,3,5775.38,0,No,3.9,5,Debit Card
ORD-104865,16-11-2024 01:00,CUST-11213,Small Business,Home & Kitchen,Desk Lamp,North,Website,2,5965.52,15,No,5,2,Credit Card
ORD-102406,21-07-2024 14:00,CUST-11818,Small Business,Home & Kitchen,Storage Set,West,Website,2,4094.66,10,No,4.2,2,UPI
ORD-102634,15-02-2024 11:00,CUST-10761,Consumer,Electronics,Wireless Earbuds,North,Mobile App,1,4580.83,5,No,4,2,Credit Card
ORD-104969,21-03-2025 10:00,CUST-10800,Enterprise,Electronics,Bluetooth Speaker,North,Website,2,12388.36,5,No,4.2,3,Credit Card
ORD-101075,30-03-2024 09:00,,Small Business,Home & Kitchen,Coffee Maker,South,Marketplace,1,10469.48,15,No,2.9,2,Debit Card
ORD-103121,29-06-2025 09:00,CUST-11368,Small Business,Home & Kitchen,Coffee Maker,East,Marketplace,1,7041.42,15,Yes,3.6,4,Debit Card
ORD-104464,31-08-2024 09:00,CUST-11682,Small Business,Books,Fiction Novel,West,Website,1,737.08,5,No,4.5,4,Net Banking
ORD-100236,28-12-2024 04:00,CUST-10120,Small Business,Books,SQL Handbook,Central,Website,3,1308.61,15,No,3.4,1,Debit Card
ORD-101736,01-10-2024 14:00,CUST-10039,Consumer,Fashion,Hoodie,South,Marketplace,3,3308.22,10,No,3.3,4,UPI
ORD-104544,31-08-2024 16:00,CUST-11412,Enterprise,Fashion,Running Shoes,South,Mobile App,1,5600.72,10,No,4.7,2,Credit Card
ORD-103191,07-01-2025 00:00,CUST-10677,Consumer,Electronics,USB-C Hub,North,Marketplace,3,8020.32,15,No,4.2,4,Wallet
ORD-104521,16-01-2025 07:00,CUST-10710,Consumer,Home & Kitchen,Storage Set,Central,Mobile App,10,2363.42,5,Yes,3.9,4,Debit Card
ORD-104048,02-07-2024 08:00,CUST-11110,Consumer,Fashion,Backpack,North,Mobile App,3,5453.76,10,No,5,3,Debit Card
ORD-104663,24-07-2024 17:00,CUST-10433,Consumer,Books,SQL Handbook,Central,Website,2,1042,0,No,4.7,2,UPI
ORD-105649,19-06-2025 12:00,CUST-11947,Consumer,Fashion,Casual Shirt,West,Mobile App,1,4890.08,20,No,3,3,UPI
ORD-105285,09-11-2024 21:00,CUST-11103,Consumer,Electronics,USB-C Hub,North,Website,1,4818.37,15,No,4.3,3,Credit Card
ORD-105616,11-03-2025 08:00,CUST-11461,Consumer,Fashion,Casual Shirt,West,Mobile App,1,5551.77,0,No,3.4,3,UPI
ORD-103787,12-01-2024 13:00,CUST-11106,Consumer,Fashion,Backpack,North,Mobile App,2,2326.63,0,No,5,3,Credit Card
ORD-105369,04-06-2024 19:00,CUST-11053,Small Business,Electronics,Power Bank,Central,Marketplace,1,6931.98,0,No,4.7,1,Credit Card
ORD-103551,12-10-2024 02:00,CUST-10501,Small Business,Electronics,Bluetooth Speaker,West,Mobile App,3,9058.31,5,No,,3,Debit Card
ORD-104678,22-12-2024 19:00,CUST-11550,Consumer,Books,SQL Handbook,North,Website,2,1623.63,15,No,4.7,5,Credit Card
ORD-103244,01-02-2025 23:00,CUST-11170,Consumer,Electronics,USB-C Hub,East,Mobile App,2,19751.25,5,No,3.1,4,Credit Card
ORD-105609,05-03-2024 23:00,CUST-11897,Consumer,Electronics,Smart Watch,West,Marketplace,3,9782.51,0,No,4.3,3,Net Banking
ORD-105103,29-09-2024 15:00,CUST-10571,Consumer,Beauty,Perfume,Central,Mobile App,4,4943.79,15,No,3.9,3,Net Banking
ORD-102736,09-11-2024 13:00,CUST-10352,Consumer,Fashion,Running Shoes,West,Website,3,4604.56,15,No,3.3,4,UPI
ORD-104551,20-01-2024 21:00,CUST-10458,Consumer,Fashion,Hoodie,West,Mobile App,2,3922.12,0,No,3.2,3,Net Banking
ORD-103167,26-05-2024 09:00,CUST-10921,Consumer,Home & Kitchen,Storage Set,East,Mobile App,4,7980.19,20,No,4.7,2,Wallet
ORD-104429,18-05-2025 15:00,CUST-11495,Consumer,Books,Business Strategy,North,Mobile App,4,283.09,5,No,4.3,3,Debit Card
ORD-103875,25-11-2024 11:00,CUST-10432,Consumer,Fashion,Casual Shirt,West,Mobile App,5,4097.84,15,No,4.4,4,Debit Card
ORD-100306,14-06-2024 00:00,CUST-11424,Consumer,Electronics,Wireless Earbuds,Central,Marketplace,2,7849,5,Yes,3.6,3,Wallet
ORD-101149,10-04-2025 05:00,CUST-10275,Small Business,Home & Kitchen,Air Fryer,South,Mobile App,1,3355.64,5,No,4.1,3,Wallet
ORD-104386,22-05-2024 02:00,CUST-11535,Consumer,Fashion,Hoodie,North,Website,2,1608.71,0,No,3.9,5,Debit Card
ORD-104961,02-10-2024 20:00,CUST-10706,Consumer,Electronics,Smart Watch,Central,Marketplace,1,15422.85,10,No,3.7,3,Debit Card
ORD-100220,10-03-2024 15:00,CUST-11553,Consumer,Electronics,Smart Watch,West,Website,3,16204.28,0,No,3.6,5,UPI
ORD-103107,20-07-2024 15:00,CUST-11675,Consumer,Electronics,Wireless Earbuds,South,Website,2,6149.81,0,No,3.7,6,Debit Card
ORD-104311,12-04-2025 21:00,CUST-10583,Small Business,Home & Kitchen,Air Fryer,South,Website,6,9241.7,15,No,4.4,4,UPI
ORD-102641,28-09-2024 01:00,CUST-11188,Consumer,Beauty,Perfume,Central,Website,10,3671.03,20,No,2.8,5,Wallet
ORD-104643,06-02-2024 13:00,CUST-11555,Consumer,Fashion,Hoodie, West ,Marketplace,6,4184.31,30,No,3.2,1,Debit Card
ORD-100962,03-04-2025 17:00,CUST-11822,Consumer,Fashion,Backpack,West,Mobile App,3,4855.25,15,No,4.6,4,UPI
ORD-103519,18-05-2025 09:00,CUST-11701,Consumer,Home & Kitchen,Water Bottle,West,Mobile App,5,9133.1,20,Yes,5,4,UPI
ORD-104695,01-04-2025 05:00,CUST-10460,Consumer,Fashion,Running Shoes,East,Mobile App,2,2846.86,15,Yes,4,2,Debit Card
ORD-102511,10-04-2025 10:00,CUST-10341,Consumer,Fashion,Hoodie,Central,Mobile App,1,5825.77,10,No,3.6,1,Net Banking
ORD-100948,01-06-2025 13:00,CUST-11379,Consumer,Books,SQL Handbook,Central,Website,2,656.74,25,No,3.7,6,UPI
ORD-100939,04-10-2024 13:00,CUST-11584,Consumer,Electronics,Bluetooth Speaker,North,Mobile App,10,8438.72,10,Yes,5,5,Credit Card
ORD-103221,18-05-2024 04:00,CUST-11316,Consumer,Electronics,Bluetooth Speaker,Central,Marketplace,1,14654.31,15,No,3.7,3,Net Banking
ORD-101870,24-01-2024 13:00,CUST-11318,Consumer,Home & Kitchen,Air Fryer,East,Marketplace,2,4627.12,30,No,2.7,4,Debit Card
ORD-104448,27-10-2024 21:00,CUST-11376,Consumer,Home & Kitchen,Air Fryer,East,Website,1,1948.23,10,No,4.3,4,UPI
ORD-104214,09-01-2025 02:00,CUST-10260,Consumer,Beauty,Skin Serum,South,Mobile App,1,3607.98,15,No,3.9,2,UPI
ORD-102693,20-08-2024 01:00,CUST-11403,Consumer,Books,Fiction Novel,East,Mobile App,5,566.36,20,No,4.9,4,Credit Card
ORD-105007,28-03-2025 18:00,CUST-10838,Small Business,Beauty,Body Lotion,North,Mobile App,1,2485.22,30,No,4.9,2,UPI
ORD-102067,10-05-2025 07:00,CUST-11027,Consumer,Home & Kitchen,Air Fryer,West,Mobile App,3,9199.39,20,No,3.9,4,Debit Card
ORD-105501,03-05-2024 00:00,CUST-11894,Small Business,Beauty,Perfume,Central,Mobile App,2,4823.82,15,Yes,5,3,
ORD-101600,13-06-2024 15:00,CUST-10752,Small Business,Fashion,Hoodie,South,Mobile App,2,3898.53,20,No,3.9,5,UPI
ORD-102726,15-03-2024 11:00,CUST-10768,Consumer,Fashion,Casual Shirt,South,Website,2,3426.45,15,No,4.5,2,Credit Card
ORD-102523,07-08-2024 02:00,CUST-11898,Small Business,Fashion,Sports Cap,South,Website,1,4905.88,20,Yes,5,2,Credit Card
ORD-103039,17-04-2024 22:00,CUST-11929,Consumer,Home & Kitchen,Water Bottle,South,Mobile App,2,9702.03,15,No,3.9,4,UPI
ORD-101999,02-06-2024 09:00,CUST-11183,Consumer,Fashion,Backpack,East,Marketplace,1,3065.42,5,No,4.9,4,Net Banking
ORD-104217,05-07-2024 11:00,CUST-10307,Consumer,Fashion,Backpack,South,Website,2,2906,10,No,5,4,Wallet
ORD-101457,05-09-2024 12:00,CUST-11815,Small Business,Fashion,Casual Shirt,Central,Website,6,4878.53,0,No,4.3,1,UPI
ORD-100901,24-01-2024 03:00,CUST-11574,Consumer,Beauty,Perfume,West,Website,1,3693.76,0,No,4.2,6,Credit Card
ORD-101963,22-03-2025 19:00,CUST-10424,Consumer,Electronics,Wireless Earbuds,West,Website,6,11261.46,5,No,3.5,5,Credit Card
ORD-102571,24-05-2025 08:00,CUST-10384,Small Business,Electronics,Wireless Earbuds,South,Mobile App,1,7917.83,0,No,3.2,2,Credit Card
ORD-104536,14-02-2024 05:00,CUST-11261,Consumer,Fashion,Hoodie,West,Mobile App,3,2752.87,5,No,3.7,3,Net Banking
ORD-105136,07-09-2024 09:00,CUST-10336,Small Business,Fashion,Running Shoes,West,Website,3,4121.97,5,No,4.3,2,UPI
ORD-104817,29-06-2024 01:00,CUST-10181,Consumer,Fashion,Backpack,West,Mobile App,2,1380.29,15,Yes,4.3,4,Net Banking
ORD-100158,02-10-2024 18:00,CUST-10679,Enterprise,Books,SQL Handbook,East,Mobile App,8,435.95,15,No,3.5,2,UPI
ORD-105585,07-02-2025 23:00,CUST-11769,Enterprise,Home & Kitchen,Desk Lamp,Central,Mobile App,2,11974.31,10,No,4.3,3,UPI
ORD-100425,19-04-2024 02:00,CUST-11743,Consumer,Fashion,Running Shoes,South,Website,1,660.17,15,No,3.4,5,Credit Card
ORD-103212,05-07-2024 20:00,CUST-11188,Consumer,Home & Kitchen,Storage Set,West,Marketplace,1,7643.32,10,Yes,3.2,6,Net Banking
ORD-101854,28-02-2024 05:00,CUST-11596,Small Business,Electronics,Smart Watch,North,Website,1,5060.41,10,No,4.3,6,Debit Card
ORD-100528,14-05-2025 18:00,CUST-10191,Consumer,Beauty,Skin Serum,Central,Website,3,3365.62,10,No,3.7,5,UPI
ORD-100727,17-02-2024 21:00,CUST-11098,Consumer,Electronics,USB-C Hub,South,Marketplace,1,15000.91,20,No,3.9,4,Net Banking
ORD-105165,11-02-2024 21:00,CUST-10325,Small Business,Fashion,Hoodie,East,Mobile App,1,4351.45,0,No,4.3,4,Wallet
ORD-102115,20-04-2024 14:00,CUST-11180,Consumer,Books,Data Analytics Guide,Central,Website,1,347.68,5,No,3.7,2,Net Banking
ORD-101959,12-04-2024 05:00,CUST-11682,Consumer,Fashion,Running Shoes,East,Website,5,1363.33,0,No,2.6,3,UPI
ORD-104901,24-12-2024 22:00,CUST-10120,Consumer,Fashion,Sports Cap,East,Website,1,558.85,15,No,5,1,Wallet
ORD-100736,02-02-2025 21:00,CUST-10595,Consumer,Electronics,Power Bank,South,Website,1,7729.3,15,No,2.4,5,Debit Card
ORD-103391,12-10-2024 15:00,CUST-11047,Consumer,Fashion,Running Shoes,East,Website,3,1907.02,5,Yes,,4,Net Banking
ORD-104847,22-02-2024 22:00,CUST-10941,Consumer,Home & Kitchen,Air Fryer,East,Website,3,1697.24,25,No,3.4,6,UPI
ORD-100704,11-03-2024 15:00,CUST-10885,Enterprise,Electronics,Smart Watch,North,Website,1,9148.4,25,No,4,2,Credit Card
ORD-103825,08-05-2025 13:00,CUST-11068,Consumer,Fashion,Casual Shirt,East,Mobile App,1,3885.7,0,No,4.1,3,UPI
ORD-105846,06-03-2024 23:00,CUST-11578,Small Business,Beauty,Perfume,South,Mobile App,1,4620.42,10,No,4,4,Credit Card
ORD-105162,05-06-2024 17:00,CUST-10891,Consumer,Electronics,Power Bank,West,Website,2,10089.93,15,No,3.4,4,Wallet
ORD-101535,18-01-2024 01:00,CUST-10035,Small Business,Electronics,Smart Watch,South,Marketplace,4,10719.96,10,No,5,4,Debit Card
ORD-105292,04-07-2024 07:00,CUST-11362,Consumer,Home & Kitchen,Coffee Maker,Central,Website,4,11933.95,25,No,4,6,UPI
ORD-100201,11-05-2025 02:00,CUST-11746,Consumer,Books,Data Analytics Guide,East,Website,1,1414.7,15,No,3.5,1,UPI
ORD-100688,31-08-2024 02:00,CUST-10269,Consumer,Fashion,Casual Shirt,South,Marketplace,2,1302.14,25,No,3.6,3,UPI
ORD-100839,12-05-2025 05:00,CUST-11315,Consumer,Home & Kitchen,Water Bottle,Central,Website,2,11960.14,5,No,3.4,3,Credit Card
ORD-102142,09-06-2025 12:00,CUST-10082,Consumer,Home & Kitchen,Storage Set,North,Website,2,7900.66,0,No,3.9,1,UPI
ORD-103969,03-12-2024 19:00,CUST-10266,Consumer,Fashion,Casual Shirt,West,Mobile App,1,3888.06,5,No,3.5,3,Debit Card
ORD-104567,19-01-2025 07:00,CUST-10437,Small Business,Fashion,Running Shoes,South,Marketplace,1,3328.63,25,Yes,4.7,3,Net Banking
ORD-101574,22-03-2024 01:00,CUST-10410,Small Business,Beauty,Hair Dryer,North,Website,5,2819.07,10,No,4.6,2,Credit Card
ORD-100841,24-12-2024 08:00,,Small Business,Fashion,Running Shoes,North,Mobile App,2,2763.23,5,No,3.4,3,Debit Card
ORD-100350,18-10-2024 03:00,CUST-11531,Consumer,Electronics,Power Bank,North,Mobile App,2,19381.61,20,No,4.4,4,Debit Card
ORD-101967,12-09-2024 23:00,CUST-10853,Consumer,Home & Kitchen,Storage Set,West,Website,1,8510.95,10,No,4.4,1,Wallet
ORD-102668,11-02-2024 21:00,CUST-11267,Enterprise,Fashion,Backpack,North,Mobile App,1,1125.12,0,No,4,4,Debit Card
ORD-103426,19-09-2024 03:00,CUST-10087,Consumer,Electronics,Power Bank,North,Mobile App,1,19512.57,0,No,4.5,3,Debit Card
ORD-102955,27-06-2025 05:00,CUST-10435,Consumer,Fashion,Backpack,North,Mobile App,5,2529.05,15,No,4.3,3,Debit Card
ORD-100162,11-08-2024 10:00,CUST-11219,Consumer,Electronics,USB-C Hub,North,Marketplace,10,4772.5,0,No,3.2,3,UPI
ORD-103514,23-05-2024 16:00,CUST-11641,Small Business,Electronics,Smart Watch,East,Website,2,4589.26,10,No,4.1,2,UPI
ORD-104666,16-06-2024 15:00,CUST-10152,Consumer,Beauty,Perfume,North,Marketplace,2,3762.2,10,No,3.3,5,UPI
ORD-103199,24-05-2024 13:00,CUST-10233,Consumer,Books,SQL Handbook,South,Mobile App,3,1164.26,5,No,4.2,4,Debit Card
ORD-102706,20-01-2025 13:00,CUST-11906,Consumer,Books,SQL Handbook,North,Website,3,766.63,10,Yes,5,5,Credit Card
ORD-102180,17-01-2025 03:00,CUST-11136,Consumer,Fashion,Casual Shirt,South,Website,1,3180.13,10,No,2.9,6,Credit Card
ORD-100294,24-10-2024 14:00,CUST-10272,Consumer,Home & Kitchen,Coffee Maker,Central,Website,8,8037.34,15,No,3,5,Net Banking
ORD-104672,24-04-2024 22:00,CUST-11403,Small Business,Books,Business Strategy,South,Mobile App,1,423.57,10,No,4.4,1,Credit Card
ORD-105534,18-02-2024 09:00,CUST-10364,Consumer,Beauty,Face Wash,East,Mobile App,5,944.7,25,No,4.7,2,UPI
ORD-100495,13-08-2024 06:00,CUST-10379,Consumer,Beauty,Skin Serum,East,Website,3,4615.55,20,No,3.9,3,UPI
ORD-101759,13-11-2024 05:00,CUST-10388,Consumer,Books,Data Analytics Guide,Central,Mobile App,2,901.51,30,No,4.3,2,UPI
ORD-104855,12-01-2025 18:00,CUST-11510,Consumer,Beauty,Face Wash,Central,Marketplace,2,2118.97,5,Yes,3.8,2,Credit Card
ORD-101327,16-02-2024 07:00,CUST-10368,Small Business,Beauty,Perfume,Central,Mobile App,1,1461.03,15,No,4.2,4,UPI
ORD-105306,02-08-2024 20:00,CUST-10047,Consumer,Fashion,Hoodie,North,Mobile App,2,2244.35,15,No,4.2,1,Debit Card
ORD-103200,18-05-2025 02:00,CUST-11088,Consumer,Fashion,Hoodie,East,Website,1,1039.75,15,No,4.2,4,UPI
ORD-104908,12-03-2025 00:00,CUST-10796,Small Business,Fashion,Casual Shirt,South,Mobile App,1,2984.21,5,No,5,4,Wallet
ORD-105098,27-05-2025 01:00,CUST-11766,Consumer,Home & Kitchen,Coffee Maker,South,Website,2,10391.5,30,No,3.3,1,Debit Card
ORD-101202,21-06-2025 17:00,CUST-11137,Consumer,Electronics,Smart Watch,Central,Mobile App,1,12299.7,15,No,4.9,3,UPI
ORD-102194,24-12-2024 23:00,CUST-10266,Small Business,Books,SQL Handbook,Central,Mobile App,2,1645.69,20,Yes,3.3,3,Debit Card
ORD-102439,06-02-2024 01:00,CUST-10410,Consumer,Electronics,Smart Watch,West,Website,1,15922.1,0,No,4.2,3,UPI
ORD-101886,21-12-2024 07:00,CUST-10108,Consumer,Electronics,Bluetooth Speaker,South,Website,1,21811.45,5,No,3.6,4,Debit Card
ORD-100080,28-05-2025 10:00,CUST-10734,Small Business,Electronics,Power Bank,South,Marketplace,5,19960.87,15,No,4,2,UPI
ORD-102484,06-07-2024 17:00,CUST-10791,Consumer,Books,Data Analytics Guide,East,Website,4,1026.32,5,No,5,4,Debit Card
ORD-100930,20-10-2024 12:00,CUST-10726,Consumer,Fashion,Hoodie,South,Marketplace,5,3532.52,30,Yes,5,4,UPI
ORD-100598,08-12-2024 19:00,CUST-10085,Small Business,Books,Fiction Novel,West,Website,1,1254.84,10,No,4.6,3,Wallet
ORD-105810,30-12-2024 03:00,CUST-10791,Small Business,Beauty,Hair Dryer,North,Website,1,4340.95,15,No,4.2,2,UPI
ORD-100413,12-03-2024 23:00,CUST-10649,Consumer,Electronics,Smart Watch,South,Website,1,20940.38,15,No,3.6,1,UPI
ORD-104225,07-04-2024 03:00,CUST-11347,Consumer,Electronics,Wireless Earbuds,South,Marketplace,1,10270.58,10,No,5,3,UPI
ORD-101059,18-06-2024 19:00,CUST-10798,Consumer,Beauty,Skin Serum,Central,Marketplace,1,2870.05,0,No,5,4,Credit Card
ORD-102512,09-06-2025 15:00,CUST-10154,Consumer,Home & Kitchen,Air Fryer,North,Website,2,7927.08,10,No,3.7,4,Net Banking
ORD-101985,09-03-2025 08:00,CUST-11119,Consumer,Home & Kitchen,Coffee Maker,North,Mobile App,2,4838.4,25,No,4.3,1,UPI
ORD-105361,13-03-2025 03:00,CUST-11837,Consumer,Books,Fiction Novel,East,Mobile App,6,313.6,110,No,2.8,1,UPI
ORD-105635,21-11-2024 20:00,CUST-10208,Consumer,Home & Kitchen,Coffee Maker,West,Mobile App,3,8149.11,10,No,4.7,1,Wallet
ORD-105063,15-12-2024 00:00,CUST-10070,Small Business,Beauty,Face Wash,Central,Website,4,2944.57,5,No,4.8,5,Wallet
ORD-102004,11-03-2025 16:00,CUST-11425,Enterprise,Electronics,USB-C Hub, West ,Mobile App,2,2015.14,15,No,3,2,UPI
ORD-104414,25-09-2024 02:00,CUST-10358,Small Business,Fashion,Sports Cap,Central,Website,1,3411.78,15,No,4.2,2,Debit Card
ORD-102341,03-08-2024 09:00,CUST-10018,Consumer,Electronics,USB-C Hub,North,Website,4,7484.6,25,No,3.9,3,Debit Card
ORD-104514,12-05-2025 21:00,CUST-11168,Consumer,Fashion,Sports Cap,South,Mobile App,2,1164.08,10,No,4.4,3,Wallet
ORD-100734,23-04-2024 17:00,CUST-10662,Consumer,Electronics,USB-C Hub,North,Mobile App,6,17437.3,5,No,4.6,4,Wallet
ORD-104596,05-05-2025 21:00,CUST-10583,Consumer,Home & Kitchen,Water Bottle,West,Mobile App,1,4288.88,10,No,3.6,3,Net Banking
ORD-102418,06-06-2024 11:00,CUST-11119,Consumer,Electronics,Wireless Earbuds,Central,Mobile App,1,9799.53,15,No,4.8,2,UPI
ORD-101714,17-12-2024 21:00,CUST-10341,Consumer,Fashion,Hoodie,North,Website,1,4067.55,15,No,4.4,3,Wallet
ORD-101532,24-05-2025 09:00,CUST-11484,Consumer,Fashion,Sports Cap,South,Website,2,1616.01,0,No,3.9,5,Credit Card
ORD-102915,27-08-2024 01:00,CUST-11053,Consumer,Fashion,Running Shoes,East,Mobile App,-3,1724.39,10,No,4.4,4,Credit Card
ORD-101962,18-03-2024 20:00,CUST-10671,Small Business,Home & Kitchen,Desk Lamp,South,Website,8,10573.71,25,No,4.5,3,Wallet
ORD-102281,11-07-2024 22:00,CUST-11706,Consumer,Home & Kitchen,Air Fryer,West,Website,2,2571.59,0,No,4.5,2,Credit Card
ORD-101983,13-02-2025 23:00,CUST-10134,Consumer,Electronics,Bluetooth Speaker,West,Website,2,15793.18,10,No,3.3,4,Wallet
ORD-103897,10-01-2024 18:00,CUST-11071,Consumer,Electronics,USB-C Hub,Central,Marketplace,6,4987.2,5,No,4,3,Debit Card
ORD-100632,24-08-2024 22:00,CUST-11116,Small Business,Fashion,Backpack,East,Marketplace,3,5739.89,10,No,4,2,Wallet
ORD-102074,15-01-2025 07:00,CUST-10872,Consumer,Books,SQL Handbook,East,Mobile App,1,965.31,20,No,3.9,3,Credit Card
ORD-101622,19-05-2025 15:00,CUST-11579,Consumer,Fashion,Backpack,South,Mobile App,4,4822.05,5,No,3.5,5,UPI
ORD-100614,09-01-2025 16:00,,Consumer,Fashion,Backpack,South,MARKETPLACE,2,1371.54,30,Yes,3.7,3,Wallet
ORD-101052,30-09-2024 23:00,CUST-10798,Consumer,Fashion,Running Shoes,Central,Mobile App,2,1298.12,10,No,4.1,3,Wallet
ORD-103092,27-01-2025 15:00,CUST-10915,Small Business,Fashion,Hoodie,East,Website,2,1670.07,30,No,4.4,5,UPI
ORD-105283,18-02-2025 23:00,CUST-11588,Small Business,Fashion,Running Shoes,West,Marketplace,3,531.03,15,No,4.1,3,Net Banking
ORD-102489,14-07-2024 03:00,CUST-11075,Consumer,Beauty,Skin Serum,South,Mobile App,2,693.21,0,No,3.5,5,Wallet
ORD-103116,09-12-2024 03:00,CUST-10619,Small Business,Home & Kitchen,Water Bottle,South,Website,2,1252.25,5,No,5,3,Debit Card
ORD-100944,11-03-2024 14:00,CUST-11530,Consumer,Electronics,Wireless Earbuds,East,Mobile App,2,11892.42,5,No,3.5,1,UPI
ORD-102389,21-04-2025 14:00,CUST-11224,Consumer,Books,Business Strategy,North,Website,2,330.3,25,No,4.5,4,UPI
ORD-100860,12-06-2025 16:00,CUST-11284,Consumer,Home & Kitchen,Coffee Maker,North,Website,3,7002.28,15,No,4.7,3,Wallet
ORD-105771,01-05-2024 02:00,CUST-11445,Consumer,Books,Data Analytics Guide,West,Website,1,906.78,0,No,3.9,2,Debit Card
ORD-100885,05-02-2025 03:00,CUST-10504,Consumer,Electronics,Smart Watch,East,Marketplace,3,18860.28,0,No,3.4,5,Debit Card
ORD-104236,30-05-2025 21:00,CUST-10731,Consumer,Home & Kitchen,Air Fryer,West,Mobile App,3,10157.56,20,No,4.5,3,UPI
ORD-105738,02-05-2024 13:00,CUST-11695,Consumer,Beauty,Perfume,Central,Marketplace,1,2463.46,10,No,3.4,6,Net Banking
ORD-103126,30-03-2025 12:00,CUST-11333,Consumer,Electronics,Smart Watch,Central,Mobile App,3,18688.74,15,No,3.8,2,UPI
ORD-100175,09-09-2024 04:00,CUST-11345,Consumer,Electronics,Power Bank,South,Mobile App,1,8117.78,0,No,5,3,Credit Card
ORD-103678,21-10-2024 04:00,CUST-10221,Small Business,Electronics,Power Bank,Central,Mobile App,1,16734.3,5,No,4.3,2,Wallet
ORD-102366,03-07-2024 03:00,CUST-11598,Consumer,Home & Kitchen,Coffee Maker,Central,Marketplace,1,10565.31,10,No,4.2,4,UPI
ORD-105542,12-06-2024 13:00,CUST-10652,Consumer,Home & Kitchen,Coffee Maker,West,Mobile App,4,3999.79,20,No,4.5,3,Debit Card
ORD-102788,03-01-2024 14:00,CUST-10529,Consumer,Beauty,Body Lotion,West,Marketplace,8,2617.14,0,Yes,3.4,6,Net Banking
ORD-101215,03-03-2024 07:00,CUST-11618,Consumer,Electronics,USB-C Hub,Central,Mobile App,5,5102.03,0,No,3.8,3,Wallet
ORD-100710,05-01-2025 21:00,CUST-11147,Consumer,Books,Business Strategy,North,Website,2,1277.93,20,No,5,1,Credit Card
ORD-100505,04-09-2024 20:00,CUST-10082,Small Business,Fashion,Casual Shirt,North,Marketplace,3,756.23,25,No,4.4,1,Debit Card
ORD-102016,14-08-2024 00:00,CUST-11772,Consumer,Fashion,Hoodie,South,Website,2,2577.68,10,No,3.8,5,Wallet
ORD-105898,20-12-2024 17:00,CUST-11028,Small Business,Home & Kitchen,Storage Set,Central,Website,1,9348.71,15,Yes,5,1,UPI
ORD-102765,18-10-2024 21:00,CUST-11135,Consumer,Home & Kitchen,Air Fryer,West,Mobile App,8,9741.02,15,No,2.9,5,UPI
ORD-103882,10-11-2024 01:00,CUST-11473,Consumer,Home & Kitchen,Coffee Maker,East,Mobile App,3,3815.05,0,No,,5,Credit Card
ORD-104682,15-01-2025 20:00,CUST-11475,Consumer,Home & Kitchen,Coffee Maker,North,Marketplace,2,4592.87,0,No,4,2,Debit Card
ORD-104963,08-05-2024 05:00,CUST-11534,Enterprise,Fashion,Casual Shirt,North,Mobile App,1,5371.68,20,No,4.9,3,Credit Card
ORD-104549,19-04-2025 12:00,CUST-11121,Small Business,Electronics,Wireless Earbuds,East,Mobile App,2,11147.35,30,No,3.7,4,Debit Card
ORD-104269,02-10-2024 07:00,CUST-10225,Consumer,Home & Kitchen,Desk Lamp,Central,Marketplace,2,10182,25,No,4,4,Credit Card
ORD-101839,28-10-2024 21:00,CUST-10752,Consumer,Electronics,Power Bank,North,Website,1,11775.78,5,No,4.5,4,Credit Card
ORD-104389,22-11-2024 10:00,CUST-10094,Consumer,Electronics,Smart Watch,East,Mobile App,4,11398.41,0,No,4.6,5,Credit Card
ORD-105940,19-05-2024 09:00,CUST-10298,Consumer,Electronics,Power Bank,West,Marketplace,2,12190.28,0,Yes,3,2,Debit Card
ORD-103390,18-05-2024 03:00,CUST-11261,Consumer,Electronics,Smart Watch,South,Mobile App,1,10971.4,20,No,4.4,2,Credit Card
ORD-105254,07-07-2024 15:00,CUST-10830,Consumer,Fashion,Sports Cap,North,Marketplace,1,4321.52,5,No,4.8,1,Credit Card
ORD-100937,22-03-2024 01:00,CUST-11066,Consumer,Fashion,Backpack,South,Marketplace,5,2276.77,20,Yes,4,3,Net Banking
ORD-101935,30-03-2024 07:00,CUST-10813,Consumer,Electronics,Smart Watch,East,Mobile App,8,9831.84,5,No,3.9,4,Net Banking
ORD-100942,13-05-2025 22:00,CUST-11200,Consumer,Electronics,Power Bank,South,Website,1,13842.34,5,Yes,3.9,4,Credit Card
ORD-105629,16-01-2024 10:00,CUST-11521,Consumer,Books,Fiction Novel,Central,Website,1,1477.07,20,No,4.1,5,UPI
ORD-101302,17-01-2025 03:00,CUST-10648,Consumer,Books,SQL Handbook,South,Marketplace,5,1747.79,15,No,4.2,4,Net Banking
ORD-105012,23-11-2024 00:00,CUST-10773,Small Business,Fashion,Hoodie,North,Marketplace,4,5851.7,20,Yes,4.4,4,Debit Card
ORD-102392,02-12-2024 23:00,CUST-10702,Enterprise,Books,Data Analytics Guide,Central,Website,1,940.17,110,No,3.8,2,Net Banking
ORD-100903,27-04-2025 18:00,CUST-11487,Consumer,Fashion,Hoodie,West,Website,4,5748.59,20,No,4.3,1,Credit Card
ORD-104124,06-03-2025 16:00,CUST-11932,Consumer,Home & Kitchen,Air Fryer,West,Mobile App,2,7594.05,0,No,3.6,3,Debit Card
ORD-100272,23-03-2024 17:00,CUST-10600,Consumer,Fashion,Running Shoes,South,Marketplace,1,2031.03,0,Yes,4.6,4,Debit Card
ORD-104707,26-10-2024 09:00,CUST-10166,Consumer,Home & Kitchen,Air Fryer,South,Mobile App,1,5853.69,10,No,3.2,7,Credit Card
ORD-100718,08-05-2024 16:00,CUST-10536,Small Business,Books,Leadership Book,North,Website,1,867.29,10,No,3.4,2,Credit Card
ORD-104280,18-09-2024 12:00,CUST-10283,Consumer,Fashion,Casual Shirt,Central,Website,3,5913.27,10,No,4,3,Wallet
ORD-100279,15-02-2024 04:00,CUST-10021,Consumer,Electronics,Wireless Earbuds,South,Website,1,14857.92,5,No,3.2,2,Debit Card
ORD-103197,19-03-2025 09:00,CUST-10293,Consumer,Electronics,Wireless Earbuds,Central,Mobile App,4,3156.24,10,No,4.6,2,Wallet
ORD-103027,12-02-2025 00:00,CUST-10742,Consumer,Electronics,USB-C Hub,West,Website,2,10897.73,5,No,4.5,4,Wallet
ORD-104983,07-08-2024 14:00,CUST-10474,Consumer,Books,Business Strategy,South,Mobile App,2,341.4,10,No,3.7,2,Debit Card
ORD-102138,21-10-2024 10:00,CUST-11216,Small Business,Electronics,Bluetooth Speaker,West,Website,2,6423.31,10,No,4.8,1,UPI
ORD-104631,05-06-2024 23:00,CUST-10736,Consumer,Fashion,Hoodie,South,Mobile App,4,1370.07,15,No,5,2,Debit Card
ORD-104828,16-05-2025 10:00,CUST-10103,Small Business,Beauty,Face Wash,North,Mobile App,2,3872.16,10,No,2.3,5,Credit Card
ORD-101633,25-04-2025 17:00,CUST-10223,Consumer,Electronics,Wireless Earbuds,East,Marketplace,1,3269.91,20,No,3,4,Debit Card
ORD-102011,02-08-2024 13:00,CUST-11011,Consumer,Fashion,Running Shoes,South,Website,5,2964.05,5,No,5,4,Net Banking
ORD-104068,06-02-2025 23:00,CUST-11013,Consumer,Home & Kitchen,Air Fryer,West,Website,1,3736.89,15,Yes,3.2,4,Net Banking
ORD-103780,31-01-2024 18:00,CUST-11920,Small Business,Home & Kitchen,Desk Lamp,North,Mobile App,2,724.37,0,No,3.8,4,UPI
ORD-102921,24-02-2025 20:00,CUST-10758,Consumer,Electronics,Power Bank,Central,Website,1,17226.74,15,No,5,3,Debit Card
ORD-103202,24-02-2025 03:00,CUST-10388,Small Business,Fashion,Backpack,South,Website,4,3935.04,5,No,2.3,4,Net Banking
ORD-102604,17-02-2025 23:00,CUST-10153,Consumer,Fashion,Backpack,Central,Marketplace,2,5383.39,0,No,4.5,5,Credit Card
ORD-100482,16-05-2024 18:00,CUST-11043,Consumer,Beauty,Perfume,South,Mobile App,2,649.77,5,No,2.4,2,UPI
ORD-103856,15-07-2024 01:00,CUST-10801,Consumer,Electronics,Bluetooth Speaker,South,Marketplace,5,16996.59,10,No,3.7,3,Wallet
ORD-100566,04-05-2024 12:00,CUST-10622,Enterprise,Books,Business Strategy,Central,Mobile App,2,901.99,15,No,5,3,Wallet
ORD-105399,20-04-2025 10:00,CUST-10079,Small Business,Beauty,Perfume,East,Marketplace,2,753.99,5,No,4.6,4,UPI
ORD-100284,28-08-2024 21:00,CUST-10267,Consumer,Electronics,Smart Watch,North,Website,4,14268.55,5,No,4.6,2,Wallet
ORD-102323,22-12-2024 03:00,CUST-10763,Consumer,Electronics,USB-C Hub,North,Website,2,8195.97,0,No,3.8,1,Credit Card
ORD-105170,24-11-2024 17:00,CUST-10153,Consumer,Books,Business Strategy,South,Mobile App,1,1320.95,15,No,4.1,4,Wallet
ORD-101912,02-01-2024 16:00,CUST-11894,Consumer,Home & Kitchen,Air Fryer,West,Website,1,10545.35,15,No,4.5,5,Net Banking
ORD-102867,27-03-2024 00:00,CUST-11852,Consumer,Fashion,Backpack,North,Website,1,516.72,15,No,5,2,Debit Card
ORD-105045,19-07-2024 23:00,CUST-10500,Consumer,Electronics,Power Bank,Central,Website,5,21889.99,30,No,5,3,Credit Card
ORD-105044,17-03-2025 06:00,CUST-11497,Small Business,Books,SQL Handbook,East,Website,3,1331.8,5,No,4.5,4,Credit Card
ORD-105220,14-06-2024 06:00,CUST-10708,Consumer,Home & Kitchen,Desk Lamp,West,Mobile App,1,9394.99,0,No,4.3,5,UPI
ORD-105980,26-11-2024 01:00,CUST-10818,Consumer,Fashion,Sports Cap,East,Website,1,5896.08,10,No,4.1,5,UPI
ORD-101349,21-11-2024 00:00,CUST-10792,Consumer,Beauty,Hair Dryer,North,Website,4,3686.59,20,No,4.9,5,Credit Card
ORD-102879,17-06-2025 14:00,CUST-10717,Enterprise,Home & Kitchen,Storage Set,Central,Website,1,9310.01,0,No,4.3,4,Credit Card
ORD-100228,25-10-2024 15:00,CUST-11278,Consumer,Fashion,Running Shoes,South,Mobile App,1,5316.9,0,No,3.6,4,UPI
ORD-100666,01-10-2024 19:00,CUST-11021,Consumer,Electronics,Wireless Earbuds,North,Website,1,2610.81,10,No,4.1,4,Wallet
ORD-105185,22-12-2024 07:00,CUST-11205,Consumer,Books,SQL Handbook,West,Website,1,1100.44,5,No,4.1,5,Wallet
ORD-103859,27-08-2024 19:00,CUST-11504,Consumer,Electronics,Bluetooth Speaker,East,Marketplace,6,21734.89,5,No,4.3,5,UPI
ORD-103820,09-03-2024 21:00,CUST-11702,Small Business,Fashion,Hoodie,East,Website,1,4743.67,15,No,3.1,2,Debit Card
ORD-104011,28-04-2025 07:00,CUST-10151,Small Business,Books,Business Strategy,East,Mobile App,2,931.98,15,No,3.9,1,UPI
ORD-104743,27-06-2024 12:00,CUST-11186,Consumer,Books,Fiction Novel,East,Website,3,1200.79,5,No,4.6,6,UPI
ORD-105264,31-03-2025 00:00,CUST-10574,Consumer,Fashion,Hoodie,West,Marketplace,1,4566.68,10,No,4.4,3,Net Banking
ORD-105613,28-06-2024 12:00,CUST-10217,Consumer,Electronics,Smart Watch,West,Mobile App,4,13789.29,10,No,3.5,4,Debit Card
ORD-102957,22-09-2024 12:00,CUST-11775,Small Business,Electronics,Wireless Earbuds,South,Marketplace,2,7873.95,15,No,4,4,Wallet
ORD-101961,23-06-2025 19:00,CUST-10267,Small Business,Electronics,Bluetooth Speaker,West,Website,1,5469.8,20,No,4.9,4,UPI
ORD-100784,18-09-2024 02:00,CUST-10184,Small Business,Fashion,Hoodie,South,Marketplace,1,3797.16,15,No,4.7,3,Debit Card
ORD-105830,29-06-2024 07:00,CUST-10547,Small Business,Electronics,Smart Watch,Central,Website,1,15437.47,0,No,3.9,2,Net Banking
ORD-102732,23-05-2025 15:00,CUST-10432,Enterprise,Fashion,Sports Cap,East,Mobile App,4,1254.51,5,No,5,3,Debit Card
ORD-100287,08-11-2024 04:00,CUST-10374,Small Business,Home & Kitchen,Desk Lamp,East,Mobile App,4,9364.08,15,No,4.9,4,Credit Card
ORD-105239,07-05-2025 14:00,CUST-10484,Consumer,Home & Kitchen,Coffee Maker,West,Website,3,614.29,10,No,5,2,Wallet
ORD-103321,29-03-2024 10:00,CUST-10876,Consumer,Home & Kitchen,Air Fryer,North,Mobile App,2,7489.77,15,No,4.6,5,Net Banking
ORD-103434,08-05-2024 12:00,CUST-11330,Consumer,Fashion,Casual Shirt,South,Website,2,1703.94,10,No,3.9,2,Net Banking
ORD-101845,02-12-2024 18:00,CUST-11851,Consumer,Home & Kitchen,Storage Set,North,Website,1,1867.25,5,No,4.3,1,Debit Card
ORD-103554,14-08-2024 08:00,CUST-10710,Consumer,Electronics,Wireless Earbuds,Central,Mobile App,1,15360.93,5,No,3.3,4,Debit Card
ORD-104315,30-05-2024 15:00,CUST-11730,Small Business,Electronics,Power Bank,North,Mobile App,1,21944.65,0,No,3.6,5,Debit Card
ORD-100314,13-05-2024 03:00,CUST-10393,Small Business,Home & Kitchen,Air Fryer,North,Website,1,8259.04,15,No,3.9,4,Net Banking
ORD-103852,27-02-2024 05:00,CUST-10818,Consumer,Fashion,Hoodie,North,Website,1,4929.53,10,Yes,4.1,3,Debit Card
ORD-103523,02-04-2024 08:00,CUST-11447,Consumer,Electronics,Smart Watch,West,Mobile App,10,3845.24,5,No,4.2,1,Credit Card
ORD-100728,23-09-2024 13:00,CUST-11915,Consumer,Fashion,Running Shoes,South,Website,2,2898.4,15,No,4.1,3,Wallet
ORD-105011,30-01-2024 02:00,CUST-10998,Consumer,Fashion,Hoodie,South,Website,1,1407.19,0,No,4.3,4,UPI
ORD-102235,07-03-2025 18:00,CUST-11003,Small Business,Fashion,Backpack,West,Mobile App,2,2951.62,10,No,4.5,4,Debit Card
ORD-100307,29-10-2024 12:00,CUST-10329,Small Business,Electronics,Power Bank,West,Marketplace,1,18552.09,25,No,4.4,3,Debit Card
ORD-105575,21-10-2024 09:00,CUST-11906,Consumer,Fashion,Hoodie,North,Website,4,3413.14,30,No,4.1,2,UPI
ORD-100116,21-01-2024 08:00,CUST-11113,Small Business,Electronics,Wireless Earbuds,North,Mobile App,1,9143.86,0,No,3.1,3,Credit Card
ORD-101566,12-06-2025 17:00,CUST-10431,Consumer,Beauty,Body Lotion,North,Marketplace,10,2255.37,0,No,4.4,1,Debit Card
ORD-105642,03-01-2025 12:00,CUST-11892,Small Business,Electronics,Wireless Earbuds,Central,Website,8,11670.8,10,No,4.3,3,UPI
ORD-100540,22-01-2025 03:00,CUST-11070,Small Business,Books,Data Analytics Guide,West,Website,3,750.3,5,No,4.5,5,Credit Card
ORD-101115,24-09-2024 16:00,CUST-11348,Small Business,Electronics,Smart Watch,South,Mobile App,1,18583.1,5,No,5,2,Net Banking
ORD-102199,01-04-2024 13:00,CUST-10240,Small Business,Fashion,Hoodie,East,Marketplace,3,3789.95,10,No,4.4,4,Wallet
ORD-102099,14-05-2024 16:00,CUST-11852,Small Business,Books,Leadership Book,West,Website,1,1069.97,0,No,3.6,3,UPI
ORD-100573,27-01-2024 21:00,CUST-10772,Consumer,Home & Kitchen,Water Bottle,South,Website,3,3367.85,10,No,4,2,Credit Card
ORD-101273,03-01-2025 17:00,CUST-10730,Small Business,Books,Fiction Novel,South,Marketplace,1,593.35,10,Yes,4.7,4,Credit Card
ORD-103099,28-05-2024 23:00,CUST-11507,Consumer,Electronics,USB-C Hub,North,Mobile App,3,5769.4,5,Yes,3.6,2,UPI
ORD-103607,13-01-2025 16:00,CUST-10030,Consumer,Electronics,Wireless Earbuds,East,Marketplace,6,12022.2,5,No,4,3,Wallet
ORD-100448,11-10-2024 12:00,CUST-10075,Consumer,Home & Kitchen,Coffee Maker,South,Website,2,9815.82,20,No,3.3,3,Credit Card
ORD-100393,23-11-2024 06:00,CUST-10576,Consumer,Electronics,USB-C Hub,Central,Website,5,2333.55,30,No,3.7,2,Debit Card
ORD-102857,01-03-2025 20:00,CUST-10348,Consumer,Fashion,Backpack,Central,Website,1,1670.67,5,Yes,3.5,1,UPI
ORD-100473,12-09-2024 05:00,CUST-10692,Small Business,Home & Kitchen,Coffee Maker,North,Marketplace,2,871.08,10,No,3.9,4,UPI
ORD-100265,13-11-2024 06:00,CUST-10363,Small Business,Electronics,USB-C Hub,North,Website,3,3342.53,10,No,4.3,5,Credit Card
ORD-104317,14-08-2024 03:00,CUST-11297,Consumer,Books,Business Strategy,North,Mobile App,3,1168.75,10,Yes,5,5,Debit Card
ORD-101406,08-07-2024 11:00,CUST-11026,Small Business,Books,Business Strategy,East,Website,4,520.1,20,No,5,2,Wallet
ORD-105451,08-02-2025 12:00,CUST-11746,Small Business,Electronics,Wireless Earbuds,West,Mobile App,1,1551.33,20,No,3.5,5,UPI
ORD-104296,31-08-2024 06:00,CUST-10148,Small Business,Fashion,Hoodie,South,Mobile App,4,1375.53,0,No,4,6,Credit Card
ORD-105461,02-01-2024 11:00,CUST-11422,Consumer,Fashion,Sports Cap,North,Marketplace,8,1875.59,30,No,4.7,4,Debit Card
ORD-104854,31-01-2024 08:00,CUST-11531,Consumer,Electronics,Power Bank,Central,Marketplace,2,17742.33,10,No,4.6,5,Credit Card
ORD-105633,03-06-2024 06:00,CUST-11763,Consumer,Fashion,Casual Shirt,Central,Website,1,5451.93,15,No,4.1,3,UPI
ORD-103578,26-04-2025 07:00,CUST-11246,Consumer,Books,SQL Handbook,South,Mobile App,2,1152.22,15,Yes,4.1,2,UPI
ORD-103707,16-02-2025 20:00,CUST-10621,Small Business,Fashion,Casual Shirt,South,Website,4,5868.31,10,No,4.1,2,Net Banking
ORD-105565,14-12-2024 06:00,CUST-11220,Small Business,Home & Kitchen,Storage Set,North,Marketplace,1,4772.04,30,No,5,3,Net Banking
ORD-104887,21-10-2024 13:00,CUST-10385,Consumer,Electronics,Wireless Earbuds,Central,Mobile App,1,19830.59,0,No,4.9,5,UPI
ORD-100009,21-02-2024 10:00,CUST-10949,Consumer,Beauty,Face Wash,Central,Mobile App,1,2422.32,20,No,4.2,4,Credit Card
ORD-100988,14-05-2024 11:00,CUST-10037,Consumer,Books,Leadership Book,East,Marketplace,2,1222.9,0,No,3.3,3,Credit Card
ORD-100161,28-12-2024 17:00,,Small Business,Books,Fiction Novel,Central,Marketplace,3,1224.19,5,No,4.3,4,Debit Card
ORD-102283,05-03-2025 23:00,CUST-10058,Small Business,Home & Kitchen,Water Bottle,South,Website,1,8526.32,15,No,3.5,3,Debit Card
ORD-101764,10-11-2024 09:00,CUST-10260,Enterprise,Home & Kitchen,Water Bottle,Central,Website,2,8039.26,20,No,5,3,Debit Card
ORD-101836,28-05-2025 23:00,CUST-10702,Consumer,Electronics,Bluetooth Speaker,South,Website,6,17989.75,10,No,4.2,5,UPI
ORD-100627,19-07-2024 16:00,CUST-11219,Consumer,Fashion,Backpack,West,Mobile App,1,2005.41,10,No,3.2,3,Debit Card
ORD-102488,13-10-2024 18:00,CUST-11942,Consumer,Home & Kitchen,Coffee Maker,North,Marketplace,2,4081.91,5,Yes,2.9,2,UPI
ORD-105052,09-06-2025 16:00,CUST-10367,Consumer,Books,SQL Handbook,North,Marketplace,4,1324.77,0,No,4.1,5,Credit Card
ORD-103177,10-06-2024 19:00,CUST-11688,Small Business,Home & Kitchen,Air Fryer,East,Mobile App,4,989.24,0,No,5,2,Debit Card
ORD-102600,16-04-2025 09:00,CUST-10130,Consumer,Fashion,Sports Cap,East,Website,3,4468.22,15,No,3.8,4,Wallet
ORD-103929,07-02-2025 22:00,CUST-10089,Small Business,Books,Fiction Novel,North,Mobile App,3,507.93,10,No,3.6,4,Net Banking
ORD-102200,18-07-2024 20:00,CUST-11505,Consumer,Electronics,USB-C Hub,West,Mobile App,1,12406.22,20,No,5,1,UPI
ORD-105513,19-04-2025 21:00,CUST-10365,Consumer,Books,SQL Handbook,Central,Mobile App,1,788.33,15,No,3.5,2,UPI
ORD-103605,14-03-2024 18:00,,Consumer,Electronics,USB-C Hub,East,Marketplace,4,10021.25,0,No,3.5,2,Wallet
ORD-105351,30-09-2024 13:00,CUST-10705,Consumer,Books,Data Analytics Guide,South,Marketplace,1,1101.04,0,No,2.6,4,UPI
ORD-104971,28-07-2024 07:00,CUST-11901,Consumer,Electronics,USB-C Hub,Central,Website,2,21351.55,25,No,4,4,Debit Card
ORD-103359,15-10-2024 00:00,CUST-10777,Consumer,Home & Kitchen,Storage Set,North,MARKETPLACE,1,3837.69,0,No,4,3,Net Banking
ORD-102695,21-07-2024 00:00,CUST-10755,Consumer,Home & Kitchen,Storage Set,West,Website,2,8557.93,25,No,3.7,5,Net Banking
ORD-104164,25-01-2025 01:00,CUST-11764,Consumer,Books,Leadership Book,Central,Mobile App,1,382.71,15,No,3.8,2,Credit Card
ORD-103032,03-11-2024 13:00,CUST-11325,Consumer,Electronics,Smart Watch,West,Website,1,4902.14,10,No,3.2,4,UPI
ORD-100706,05-01-2024 06:00,CUST-10529,Consumer,Home & Kitchen,Desk Lamp,South,Website,2,3216.33,5,No,3.6,3,Debit Card
ORD-104652,29-06-2024 23:00,CUST-11807,Consumer,Fashion,Running Shoes,North,Mobile App,3,4973.84,0,No,3.6,2,Net Banking
ORD-100670,04-06-2025 02:00,,Consumer,Home & Kitchen,Air Fryer,Central,Mobile App,6,3650.91,20,No,3.1,2,Net Banking
ORD-104742,21-08-2024 16:00,CUST-11597,Consumer,Beauty,Body Lotion,East,Mobile App,6,4462.59,0,No,3.8,6,Credit Card
ORD-102650,25-04-2025 20:00,CUST-11234,Consumer,Books,Fiction Novel,West,Website,1,1177.37,5,No,4,3,Net Banking
ORD-100791,05-09-2024 01:00,CUST-11795,Small Business,Home & Kitchen,Desk Lamp,South,Mobile App,6,2203.1,20,No,3.5,5,Debit Card
ORD-104833,09-05-2024 05:00,CUST-10795,Small Business,Fashion,Casual Shirt,North,Website,2,5032.2,0,No,5,1,Debit Card
ORD-101598,06-04-2025 12:00,CUST-11799,Consumer,Home & Kitchen,Air Fryer,North,Website,2,4448.77,15,No,3.9,1,UPI
ORD-103705,30-09-2024 03:00,CUST-10117,Small Business,Home & Kitchen,Desk Lamp,North,Website,1,1655.62,10,No,4.8,4,Credit Card
ORD-100418,10-06-2024 22:00,CUST-11099,Small Business,Electronics,Bluetooth Speaker,North,Marketplace,4,14462.44,15,No,4.7,3,UPI
ORD-104958,16-05-2025 16:00,CUST-10911,Consumer,Electronics,Smart Watch,North,Mobile App,1,17170.15,0,No,4.4,3,UPI
ORD-104104,12-02-2024 12:00,CUST-10212,Small Business,Electronics,Bluetooth Speaker,East,Website,1,13913.55,5,No,5,3,Credit Card
ORD-102592,17-10-2024 13:00,CUST-11086,Consumer,Fashion,Backpack,West,Website,2,4757.68,25,No,3.2,3,Credit Card
ORD-101429,06-03-2025 01:00,CUST-11851,Small Business,Electronics,Wireless Earbuds,West,Mobile App,8,21359.69,5,No,4.9,3,Debit Card
ORD-104329,25-04-2025 04:00,,Consumer,Home & Kitchen,Water Bottle,West,Website,2,1599.38,10,No,3.1,2,Wallet
ORD-103626,24-02-2025 23:00,CUST-11108,Enterprise,Fashion,Running Shoes,West,Website,2,2976.04,0,No,4.6,4,UPI
ORD-105314,11-08-2024 09:00,CUST-10382,Consumer,Electronics,USB-C Hub,East,Mobile App,4,11746.55,30,No,3.5,4,Credit Card
ORD-100053,11-09-2024 20:00,CUST-11148,Small Business,Beauty,Body Lotion,West,Mobile App,1,2334.58,0,No,5,1,UPI
ORD-103547,26-04-2025 16:00,CUST-10059,Enterprise,Fashion,Backpack,East,Website,2,2450.54,5,Yes,4.8,3,Net Banking
ORD-104622,27-03-2025 08:00,CUST-11601,Consumer,Electronics,Wireless Earbuds,South,Website,1,15524.42,10,No,4.7,3,UPI
ORD-102850,16-04-2024 09:00,CUST-11120,Enterprise,Books,Fiction Novel,South,Mobile App,1,1176.24,10,No,3.6,6,Debit Card
ORD-103776,17-10-2024 17:00,CUST-11912,Consumer,Home & Kitchen,Air Fryer,South,Marketplace,1,1322.2,25,No,4.4,2,Debit Card
ORD-105652,01-02-2024 01:00,CUST-11587,Small Business,Books,SQL Handbook,South,Mobile App,5,386.76,30,No,3.8,5,Net Banking
ORD-102757,12-12-2024 07:00,CUST-10071,Consumer,Home & Kitchen,Storage Set,East,Marketplace,2,10701.25,25,No,4.5,1,Credit Card
ORD-104637,27-09-2024 23:00,CUST-11279,Consumer,Books,Leadership Book,North,Website,2,1503.48,5,No,3.4,4,UPI
ORD-102730,08-06-2025 18:00,CUST-10810,Consumer,Electronics,Smart Watch,Central,Website,4,16697.68,10,No,4.3,4,UPI
ORD-104221,10-10-2024 11:00,CUST-10063,Consumer,Electronics,Bluetooth Speaker,South,Website,3,11990.38,5,No,2.9,4,Credit Card
ORD-100428,14-01-2024 16:00,CUST-11411,Consumer,Books,Business Strategy,West,Marketplace,2,1796.57,25,Yes,3.7,3,Debit Card
ORD-101284,27-07-2024 11:00,CUST-11548,Enterprise,Books,SQL Handbook,Central,Mobile App,1,1758.31,10,No,4.2,4,Debit Card
ORD-103900,10-10-2024 00:00,CUST-11191,Consumer,Home & Kitchen,Air Fryer,North,Website,1,2081.64,15,No,4.5,4,Net Banking
ORD-100660,06-04-2024 11:00,CUST-11783,Consumer,Electronics,Wireless Earbuds,West,Website,2,21025.59,5,No,,3,UPI
ORD-100898,08-02-2024 07:00,CUST-10564,Consumer,Electronics,Bluetooth Speaker,Central,Marketplace,10,17639.43,10,No,4.6,2,Wallet
ORD-102551,24-06-2024 07:00,CUST-11072,Consumer,Electronics,Wireless Earbuds,North,Website,2,2313.03,15,No,3.9,6,UPI
ORD-101355,28-09-2024 08:00,CUST-10379,Consumer,Fashion,Casual Shirt,South,Mobile App,1,3559.95,30,No,3.2,2,Credit Card
ORD-103320,16-02-2024 10:00,CUST-10790,Consumer,Electronics,Smart Watch,Central,Website,4,16280.12,20,No,4.1,1,UPI
ORD-103285,12-09-2024 16:00,CUST-11366,Consumer,Fashion,Casual Shirt,South,Mobile App,1,1408.59,10,No,3.9,4,Net Banking
ORD-103953,10-09-2024 07:00,CUST-10183,Consumer,Fashion,Backpack,West,Marketplace,1,1739.94,20,No,,4,Debit Card
ORD-101779,08-01-2025 19:00,CUST-10323,Consumer,Fashion,Sports Cap,Central,Mobile App,1,3768.62,25,Yes,4.5,5,Wallet
ORD-105755,07-08-2024 03:00,CUST-10121,Consumer,Electronics,Wireless Earbuds,Central,Marketplace,5,17387.06,15,No,4.9,3,Debit Card
ORD-101015,02-04-2025 05:00,CUST-11818,Consumer,Fashion,Running Shoes,North,Marketplace,2,1472.88,15,No,5,3,Debit Card
ORD-101103,23-03-2024 06:00,CUST-11404,Consumer,Home & Kitchen,Air Fryer,North,Mobile App,3,8756,5,No,3.8,2,UPI
ORD-100633,26-07-2024 04:00,CUST-11061,Enterprise,Home & Kitchen,Water Bottle,South,Website,1,5552.04,20,No,3.4,5,Wallet
ORD-102842,21-02-2025 07:00,CUST-11364,Small Business,Electronics,Smart Watch,West,Website,1,8167,20,No,3.9,2,Debit Card
ORD-105807,28-06-2025 10:00,CUST-10648,Enterprise,Beauty,Skin Serum,South,Marketplace,2,4191.55,10,No,3.8,4,Credit Card
ORD-101298,16-10-2024 17:00,CUST-10886,Consumer,Fashion,Running Shoes,South,Marketplace,2,3327.2,0,No,2.9,4,Credit Card
ORD-102314,03-05-2024 18:00,CUST-10901,Small Business,Home & Kitchen,Air Fryer,East,Mobile App,6,11481.06,10,No,3.8,3,UPI
ORD-104289,17-06-2024 10:00,CUST-11637,Consumer,Electronics,Wireless Earbuds,Central,Website,5,11613.17,30,No,3.6,5,UPI
ORD-105307,10-02-2025 13:00,CUST-10177,Small Business,Fashion,Backpack,South,Website,2,5777.55,0,No,4.3,2,Credit Card
ORD-104680,26-06-2024 09:00,CUST-10888,Consumer,Books,Fiction Novel,North,Mobile App,3,670.35,20,No,5,4,Net Banking
ORD-103009,19-03-2025 10:00,CUST-11698,Consumer,Books,Leadership Book,East,Website,3,934.48,15,No,3.6,4,Credit Card
ORD-102458,16-09-2024 04:00,CUST-10770,Consumer,Electronics,Wireless Earbuds,East,Website,4,13104.53,5,No,4.7,1,Wallet
ORD-101185,16-06-2024 22:00,CUST-11864,Consumer,Beauty,Perfume,West,Mobile App,3,1531.91,20,No,4.7,6,Net Banking
ORD-102327,01-04-2024 17:00,CUST-11166,Enterprise,Books,Fiction Novel,North,Website,2,527.11,10,No,4.2,1,UPI
ORD-100146,19-01-2024 22:00,CUST-11451,Consumer,Beauty,Face Wash,West,Mobile App,4,2192.17,5,No,4.2,5,UPI
ORD-100996,14-10-2024 10:00,CUST-11584,Consumer,Electronics,Smart Watch,North,Marketplace,2,19653.68,10,No,4.3,2,Credit Card
ORD-105865,03-11-2024 11:00,CUST-11015,Enterprise,Home & Kitchen,Air Fryer,South,Website,3,7385.35,15,Yes,3.6,4,Credit Card
ORD-103137,17-09-2024 13:00,CUST-11240,Consumer,Electronics,Bluetooth Speaker,East,Website,6,6395.23,0,No,2.8,4,Debit Card
ORD-103016,17-10-2024 17:00,CUST-11924,Consumer,Electronics,Bluetooth Speaker,Central,Mobile App,2,9109.39,25,No,3.2,3,Debit Card
ORD-103740,02-05-2024 18:00,CUST-11344,Consumer,Fashion,Backpack,North,Marketplace,2,3550.28,10,No,4.9,7,Debit Card
ORD-103802,15-03-2025 15:00,CUST-10353,Consumer,Home & Kitchen,Storage Set,East,Website,4,5432.36,10,No,4.1,4,UPI
ORD-103826,03-07-2024 02:00,CUST-11281,Small Business,Electronics,Power Bank,West,Mobile App,1,10229.84,5,No,3.7,3,Credit Card
ORD-100315,26-12-2024 01:00,CUST-11704,Consumer,Electronics,Wireless Earbuds,Central,Mobile App,3,8835.94,25,Yes,3.1,5,Wallet
ORD-104258,25-11-2024 23:00,CUST-11154,Small Business,Fashion,Sports Cap,Central,Mobile App,1,5026.76,5,No,3.6,1,Wallet
ORD-102388,05-06-2025 20:00,CUST-11120,Enterprise,Home & Kitchen,Desk Lamp,South,Mobile App,2,4340.92,10,No,3.4,1,UPI
ORD-101172,01-08-2024 18:00,CUST-10714,Consumer,Books,Business Strategy,South,Marketplace,1,1567.4,10,No,3.7,2,Wallet
ORD-100515,27-02-2024 11:00,CUST-10511,Consumer,Beauty,Perfume,West,Mobile App,3,3800.38,5,No,3.4,5,Wallet
ORD-103710,15-07-2024 13:00,CUST-10189,Enterprise,Electronics,Bluetooth Speaker,North,Website,4,21517.27,30,No,4.7,3,Wallet
ORD-101664,13-10-2024 19:00,CUST-11439,Consumer,Fashion,Casual Shirt,North,Website,1,4801.34,30,No,4.8,2,Debit Card
ORD-103620,27-06-2025 21:00,CUST-11768,Small Business,Beauty,Body Lotion,North,Mobile App,4,4481.13,10,No,5,4,UPI
ORD-103855,23-01-2025 11:00,CUST-10644,Consumer,Home & Kitchen,Water Bottle,North,Website,4,10863.99,10,No,3.8,1,Credit Card
ORD-100298,04-06-2024 09:00,CUST-10524,Small Business,Home & Kitchen,Coffee Maker,West,Website,4,2826.51,5,No,4,1,Credit Card
ORD-101209,09-06-2025 22:00,CUST-10316,Consumer,Electronics,Wireless Earbuds,North,Website,6,19997.93,10,No,3.9,3,Debit Card
ORD-103567,24-03-2024 20:00,CUST-11570,Small Business,Fashion,Hoodie,North,Marketplace,3,3388.12,0,No,4.5,4,Credit Card
ORD-105417,03-04-2024 00:00,CUST-11814,Small Business,Books,Fiction Novel,South,Mobile App,2,1460.91,20,No,4.2,3,Debit Card
ORD-101752,09-12-2024 07:00,CUST-11558,Consumer,Home & Kitchen,Air Fryer,South,Website,1,10741.64,15,No,3.6,3,UPI
ORD-103991,15-02-2025 14:00,CUST-10614,Enterprise,Electronics,Power Bank,South,Website,1,21328.13,20,No,4,3,Wallet
ORD-104357,20-05-2024 04:00,CUST-11275,Consumer,Electronics,Power Bank,Central,Website,1,8297.08,0,No,4.5,5,UPI
ORD-100022,09-04-2024 16:00,CUST-11480,Consumer,Home & Kitchen,Water Bottle,North,Mobile App,1,4211.97,10,No,3.1,3,Debit Card
ORD-105899,22-04-2025 22:00,CUST-11127,Consumer,Electronics,USB-C Hub,South,Mobile App,1,10138.64,20,Yes,4.1,3,Credit Card
ORD-102457,25-05-2025 20:00,CUST-10401,Small Business,Fashion,Running Shoes,West,Mobile App,3,1968.3,10,No,2.6,5,Debit Card
ORD-103987,08-02-2024 21:00,CUST-10885,Consumer,Electronics,Wireless Earbuds,South,Website,1,13241.81,15,No,3.2,7,UPI
ORD-103821,07-01-2024 00:00,CUST-10427,Enterprise,Books,Leadership Book,Central,Mobile App,2,744.38,30,No,3.3,4,Credit Card
ORD-100068,11-02-2024 16:00,CUST-10767,Consumer,Beauty,Skin Serum,North,Marketplace,6,658.87,0,No,3.8,1,Credit Card
ORD-103768,17-03-2025 01:00,CUST-11133,Small Business,Beauty,Skin Serum,North,Mobile App,8,2497.48,0,No,4.4,3,Credit Card
ORD-101810,13-05-2024 15:00,CUST-11930,Consumer,Fashion,Running Shoes,South,Website,2,999.31,0,No,3.3,5,Net Banking
ORD-101591,08-07-2024 04:00,CUST-10961,Small Business,Home & Kitchen,Desk Lamp,North,Website,10,8061.19,10,No,4.1,4,Debit Card
ORD-100649,08-04-2025 08:00,CUST-10765,Consumer,Books,Fiction Novel,South,Mobile App,1,912.06,30,No,4.9,1,UPI
ORD-104161,01-08-2024 23:00,CUST-10877,Consumer,Home & Kitchen,Desk Lamp,Central,Marketplace,2,3326.14,5,No,3.7,5,Wallet
ORD-101019,04-03-2024 06:00,,Consumer,Beauty,Face Wash,North,Website,1,1219.43,20,No,3.6,5,UPI
ORD-102994,24-02-2025 17:00,CUST-11315,Small Business,Fashion,Hoodie,East,Mobile App,1,4736.64,5,No,4.8,4,UPI
ORD-104940,01-02-2025 01:00,CUST-11530,Small Business,Electronics,Bluetooth Speaker,East,Mobile App,1,19066.48,10,No,4.1,2,UPI
ORD-105202,01-04-2025 18:00,CUST-10215,Consumer,Electronics,Power Bank,Central,Website,1,14805.28,15,No,4.5,4,Credit Card
ORD-102362,09-06-2025 04:00,CUST-10698,Consumer,Electronics,Bluetooth Speaker, East ,Mobile App,5,21330.36,5,No,3.3,4,Credit Card
ORD-101732,16-01-2025 22:00,CUST-11919,Consumer,Home & Kitchen,Storage Set,North,Mobile App,1,5494.6,5,No,4.5,1,Wallet
ORD-103909,09-05-2025 15:00,CUST-10591,Enterprise,Home & Kitchen,Water Bottle,East,Mobile App,1,5421.07,5,No,4.7,1,Debit Card
ORD-101693,03-08-2024 16:00,CUST-11583,Consumer,Books,SQL Handbook,North,Marketplace,2,589.67,20,No,4.2,2,UPI
ORD-103840,20-04-2025 17:00,CUST-10974,Small Business,Fashion,Hoodie,Central,Mobile App,3,3430.8,20,No,4.7,1,UPI
ORD-102812,18-04-2024 01:00,CUST-11255,Small Business,Fashion,Running Shoes,North,Website,1,5290.54,0,No,3.9,5,Credit Card
ORD-100507,15-05-2024 07:00,CUST-10379,Consumer,Beauty,Body Lotion,North,Website,1,2656.74,0,No,3.4,5,UPI
ORD-101435,25-02-2024 15:00,CUST-11003,Consumer,Fashion,Running Shoes,West,Mobile App,3,3241.93,30,No,4.6,5,Credit Card
ORD-101012,14-05-2024 06:00,CUST-11790,Small Business,Books,Fiction Novel,North,Website,2,1779.62,20,No,5,7,Credit Card
ORD-101241,28-02-2025 11:00,CUST-11162,Consumer,Beauty,Face Wash,North,Website,4,1735.8,15,No,3.9,4,Debit Card
ORD-103616,29-01-2024 02:00,CUST-10531,Enterprise,Home & Kitchen,Storage Set,North,Marketplace,1,11494.85,15,No,4.1,4,Debit Card
ORD-102583,25-12-2024 16:00,CUST-10536,Consumer,Fashion,Casual Shirt,West,Marketplace,1,4111.42,0,No,4.8,3,Net Banking
ORD-101541,11-05-2024 22:00,CUST-10862,Small Business,Electronics,Bluetooth Speaker,East,Marketplace,3,21535.81,20,No,3.8,2,Debit Card
ORD-102506,08-09-2024 02:00,CUST-10822,Consumer,Electronics,Power Bank,Central,Marketplace,1,17278.1,15,No,4.3,5,Wallet
ORD-102302,07-11-2024 04:00,CUST-10632,Small Business,Beauty,Body Lotion,North,Website,2,3223.86,0,No,4.4,5,Debit Card
ORD-102886,24-05-2025 09:00,CUST-11853,Consumer,Electronics,Bluetooth Speaker,South,Mobile App,2,12887.59,10,No,3.8,6,UPI
ORD-103544,21-01-2024 08:00,CUST-11418,Small Business,Electronics,Wireless Earbuds,East,Website,1,17893.55,0,No,4.4,3,Credit Card
ORD-102914,10-08-2024 07:00,CUST-11808,Consumer,Electronics,USB-C Hub,West,Mobile App,2,1841.91,30,No,3.9,5,Wallet
ORD-103388,07-06-2024 01:00,CUST-11921,Consumer,Books,Business Strategy,West,Website,4,1203.88,30,No,4.2,3,UPI
ORD-105093,13-06-2025 14:00,CUST-11002,Small Business,Books,Fiction Novel,West,Website,2,399.97,0,No,3.4,5,Debit Card
ORD-102322,03-07-2024 14:00,CUST-10048,Consumer,Books,Business Strategy,East,Website,4,1588.06,10,No,3.6,5,UPI
ORD-105920,20-03-2024 23:00,CUST-10800,Consumer,Home & Kitchen,Air Fryer,Central,Marketplace,1,3259.37,0,No,4.1,4,Debit Card
ORD-104412,01-07-2024 01:00,CUST-11444,Small Business,Electronics,Wireless Earbuds,Central,Mobile App,4,14998.3,0,No,4.9,4,UPI
ORD-103590,01-03-2024 21:00,CUST-11162,Consumer,Electronics,Bluetooth Speaker,North,Mobile App,2,12285.56,15,No,4.9,3,Debit Card
ORD-104371,02-04-2024 19:00,CUST-11042,Small Business,Beauty,Skin Serum,South,Website,1,3301.61,20,No,5,2,Credit Card
ORD-105404,14-01-2024 12:00,CUST-11560,Consumer,Books,Leadership Book,Central,Marketplace,1,696.56,30,No,2.8,4,Credit Card
ORD-100548,08-10-2024 18:00,CUST-10748,Consumer,Electronics,Smart Watch,West,Mobile App,1,2895.95,20,No,3.6,1,UPI
ORD-100794,23-08-2024 12:00,CUST-11168,Consumer,Fashion,Sports Cap,South,Marketplace,1,1564.73,30,No,4,3,Wallet
ORD-101630,08-11-2024 17:00,,Consumer,Electronics,Bluetooth Speaker, West ,Marketplace,3,4621.15,0,Yes,4.4,5,UPI
ORD-103319,20-01-2024 04:00,CUST-11553,Consumer,Fashion,Backpack,South,Website,6,1023.67,5,No,4.3,2,Credit Card
ORD-104278,04-02-2025 11:00,CUST-11457,Small Business,Fashion,Running Shoes,South,Website,1,4260.07,30,No,4.2,3,Wallet
ORD-101231,04-02-2025 15:00,CUST-10323,Enterprise,Electronics,USB-C Hub,Central,Mobile App,3,12669.98,10,No,4.3,2,Credit Card
ORD-103649,06-02-2025 17:00,CUST-11024,Consumer,Home & Kitchen,Coffee Maker,West,Marketplace,5,2447.54,10,No,3.8,4,Wallet
ORD-104752,16-03-2025 06:00,CUST-11922,Consumer,Books,Business Strategy,North,Mobile App,1,780.92,10,No,5,2,Debit Card
ORD-100184,27-09-2024 15:00,CUST-11383,Consumer,Electronics,Bluetooth Speaker,South,Mobile App,3,14171.51,0,No,3.7,3,Wallet
ORD-102065,04-10-2024 21:00,CUST-11122,Consumer,Fashion,Casual Shirt,North,Marketplace,2,3791.1,5,No,3.8,4,Credit Card
ORD-101801,12-09-2024 18:00,CUST-11431,Consumer,Electronics,Bluetooth Speaker,West,Website,2,17247.88,15,No,3.5,5,Credit Card
ORD-101195,12-12-2024 01:00,CUST-11674,Consumer,Fashion,Hoodie,West,Mobile App,2,3250.84,10,Yes,5,1,Debit Card
ORD-101576,26-10-2024 07:00,CUST-10738,Consumer,Beauty,Skin Serum,West,Marketplace,3,2203.01,20,No,4.7,3,Wallet
ORD-105926,09-02-2025 19:00,CUST-10944,Consumer,Beauty,Body Lotion,North,Mobile App,4,2090.05,0,No,5,3,Credit Card
ORD-102368,29-03-2024 14:00,CUST-10368,Small Business,Beauty,Skin Serum,West,Website,8,4681.68,0,No,4.3,2,Debit Card
ORD-102645,03-01-2024 23:00,CUST-10732,Consumer,Electronics,Bluetooth Speaker,Central,Website,1,20389.96,15,No,3.7,4,Credit Card
ORD-101716,18-12-2024 16:00,CUST-10108,Consumer,Home & Kitchen,Coffee Maker,West,Website,4,7876.07,5,No,3.4,3,Credit Card
ORD-102628,02-12-2024 16:00,CUST-10731,Consumer,Electronics,Bluetooth Speaker,Central,Website,3,16020.2,0,No,3.6,1,Debit Card
ORD-105768,13-09-2024 09:00,CUST-10450,Consumer,Fashion,Casual Shirt,North,Mobile App,2,2009.75,0,No,4.9,3,Credit Card
ORD-100668,16-05-2025 18:00,CUST-11894,Enterprise,Home & Kitchen,Coffee Maker,North,Mobile App,2,5291.09,10,No,4,2,UPI
ORD-103386,26-02-2025 19:00,CUST-10779,Enterprise,Electronics,Smart Watch,South,Website,4,5846.62,30,No,5,2,Credit Card
ORD-103588,21-12-2024 04:00,CUST-10346,Consumer,Books,Business Strategy,West,Mobile App,5,462.63,15,No,5,5,Credit Card
ORD-104816,21-04-2025 12:00,CUST-10517,Consumer,Fashion,Hoodie,South,Website,1,5313.21,5,No,5,1,Net Banking
ORD-101485,16-04-2025 02:00,CUST-10604,Enterprise,Home & Kitchen,Storage Set,West,Website,5,10534.52,0,No,4.8,1,Debit Card
ORD-105262,17-11-2024 11:00,CUST-10539,Enterprise,Beauty,Face Wash,North,Website,2,813.26,25,No,3.9,6,Debit Card
ORD-100044,07-02-2024 02:00,CUST-11695,Small Business,Beauty,Body Lotion,North,Marketplace,5,825.94,30,No,4.7,3,Debit Card
ORD-105903,28-02-2025 02:00,CUST-11902,Consumer,Home & Kitchen,Storage Set,West,Mobile App,5,2623.6,5,No,4,1,Net Banking
ORD-100875,02-10-2024 11:00,CUST-10031,Enterprise,Home & Kitchen,Desk Lamp,West,Website,2,5061.57,25,No,3.6,2,UPI
ORD-102078,21-05-2024 04:00,CUST-11187,Consumer,Home & Kitchen,Coffee Maker,East,Marketplace,1,5428.09,10,No,3.9,4,Debit Card
ORD-104800,30-11-2024 02:00,CUST-11173,Small Business,Electronics,Power Bank,Central,Mobile App,1,10603.22,5,No,4,3,Wallet
ORD-100819,29-06-2025 13:00,CUST-11468,Consumer,Beauty,Body Lotion,Central,Website,4,2767.65,30,No,4.1,1,Wallet
ORD-104428,24-02-2025 22:00,CUST-11368,Consumer,Fashion,Hoodie,West,Mobile App,2,1193.14,20,No,4.4,3,Credit Card
ORD-100997,15-07-2024 22:00,CUST-10488,Small Business,Home & Kitchen,Water Bottle,East,Mobile App,2,4578.69,10,No,4.1,6,Credit Card
ORD-100485,07-05-2024 00:00,CUST-10015,Consumer,Beauty,Face Wash,South,Marketplace,1,3354.25,5,No,3,1,Debit Card
ORD-102874,28-07-2024 10:00,CUST-11028,Consumer,Electronics,Bluetooth Speaker,North,Mobile App,2,9895.86,10,No,3.7,4,UPI
ORD-101468,28-02-2025 13:00,CUST-11226,Consumer,Books,Business Strategy,West,Website,3,478.19,5,No,4.8,5,Net Banking
ORD-104128,26-10-2024 02:00,CUST-10611,Consumer,Books,Data Analytics Guide,South,Website,2,855.75,5,No,4.3,4,Credit Card
ORD-103439,28-03-2025 23:00,CUST-11531,Consumer,Fashion,Backpack,Central,Website,2,3885.79,0,No,4.6,2,Wallet
ORD-105387,22-06-2025 21:00,CUST-11682,Enterprise,Fashion,Hoodie,South,Website,1,4272.12,5,No,4.2,3,Credit Card
ORD-103490,28-02-2024 22:00,CUST-10683,Small Business,Electronics,Power Bank,North,Mobile App,1,15917.04,20,No,3.7,3,Wallet
ORD-101166,12-01-2024 23:00,CUST-11653,Consumer,Electronics,USB-C Hub,South,Mobile App,4,5032.25,20,No,5,3,Net Banking
ORD-105424,13-06-2024 04:00,CUST-11082,Small Business,Home & Kitchen,Water Bottle,South,Mobile App,6,10723.31,25,No,4.3,4,UPI
ORD-104470,07-08-2024 15:00,CUST-10582,Small Business,Electronics,Wireless Earbuds,East,Website,1,9066.72,5,Yes,4,3,UPI
ORD-102785,05-03-2024 03:00,CUST-11171,Enterprise,Beauty,Hair Dryer,west,Website,2,2223.89,15,No,4.4,4,Net Banking
ORD-103869,23-01-2025 14:00,CUST-10280,Consumer,Fashion,Hoodie,South,Mobile App,2,5534.6,10,No,4,5,UPI
ORD-103760,05-04-2024 05:00,CUST-10712,Consumer,Electronics,Power Bank,North,Marketplace,1,7410.08,0,No,3.7,3,Credit Card
ORD-104239,11-05-2024 04:00,CUST-11878,Small Business,Beauty,Body Lotion,North,Website,1,4774.33,15,No,3.5,1,Net Banking
ORD-101871,22-04-2024 22:00,CUST-11884,Consumer,Electronics,Bluetooth Speaker,South,Mobile App,2,10045.35,0,Yes,4.2,1,Credit Card
ORD-103973,20-05-2024 19:00,CUST-10235,Small Business,Books,Business Strategy,West,Website,1,955.96,0,No,4.6,4,UPI
ORD-104343,20-05-2024 12:00,CUST-10040,Consumer,Electronics,Smart Watch,West,Mobile App,4,1392.38,20,No,3.1,2,UPI
ORD-102320,23-02-2024 23:00,CUST-11636,Small Business,Electronics,Wireless Earbuds,South,Marketplace,1,13228.61,30,No,4.2,2,UPI
ORD-104558,13-02-2025 19:00,CUST-11229,Consumer,Books,SQL Handbook,South,Website,2,649.27,25,No,4.8,3,Wallet
ORD-101006,09-04-2025 06:00,CUST-11478,Consumer,Home & Kitchen,Coffee Maker,Central,Mobile App,6,7229.38,0,No,5,1,Net Banking
ORD-103564,02-03-2025 16:00,CUST-10899,Consumer,Home & Kitchen,Storage Set,Central,Website,3,6996.97,10,No,4.1,1,Credit Card
ORD-103927,24-03-2024 20:00,CUST-11384,Consumer,Books,Leadership Book,East,Mobile App,1,1312,5,No,4.3,4,UPI
ORD-105412,04-10-2024 05:00,CUST-11668,Consumer,Fashion,Running Shoes,West,Mobile App,3,531.87,15,No,4.6,1,Credit Card
ORD-101264,10-05-2024 03:00,CUST-11686,Small Business,Fashion,Casual Shirt,East,Website,1,1591.06,10,No,5,4,UPI
ORD-105946,22-05-2024 15:00,CUST-11855,Consumer,Electronics,Wireless Earbuds,North,Website,1,8299.77,20,No,5,3,Credit Card
ORD-105816,10-08-2024 13:00,CUST-10415,Consumer,Books,Business Strategy,East,Website,3,1212.98,20,No,3.9,3,Debit Card
ORD-105191,13-05-2025 17:00,CUST-11708,Consumer,Books,Data Analytics Guide,East,Website,1,1047.16,0,No,3.2,4,UPI
ORD-100054,28-09-2024 19:00,CUST-11658,Consumer,Fashion,Running Shoes,West,Mobile App,1,5575.87,30,No,3.7,4,Wallet
ORD-104055,25-07-2024 07:00,CUST-11648,Consumer,Home & Kitchen,Water Bottle,West,Mobile App,1,11546.35,0,No,4.5,3,UPI
ORD-100956,06-08-2024 20:00,CUST-11947,Consumer,Books,Leadership Book,West,Website,2,659.8,0,No,3.2,2,Debit Card
ORD-103333,08-04-2025 06:00,CUST-11256,Small Business,Home & Kitchen,Coffee Maker,West,Marketplace,6,7005.26,25,No,4.3,4,UPI
ORD-101688,27-05-2025 23:00,CUST-11141,Consumer,Books,Fiction Novel,West,Website,1,859.18,10,No,4.2,3,Credit Card
ORD-102654,09-04-2025 14:00,CUST-11710,Consumer,Home & Kitchen,Coffee Maker,South,Mobile App,2,1441.5,20,No,4.9,4,Debit Card
ORD-101761,11-08-2024 09:00,CUST-11814,Consumer,Fashion,Hoodie,North,Website,2,3357.63,0,No,4.1,5,Debit Card
ORD-101348,05-02-2025 04:00,CUST-11665,Consumer,Fashion,Running Shoes,Central,Mobile App,4,3880.89,10,No,4,1,Net Banking
ORD-103682,27-04-2024 16:00,CUST-10757,Consumer,Fashion,Backpack,East,Mobile App,2,655.76,20,No,3.9,5,Credit Card
ORD-101332,20-08-2024 00:00,CUST-11387,Small Business,Electronics,Bluetooth Speaker,Central,Website,3,10691.04,30,Yes,3.9,2,
ORD-100899,02-12-2024 12:00,CUST-10253,Consumer,Electronics,bluetooth speaker,South,Marketplace,2,8480.23,20,No,3.8,4,UPI
ORD-105576,11-11-2024 19:00,CUST-10381,Consumer,Electronics,Wireless Earbuds,North,Website,2,18832.52,30,No,4.1,2,Wallet
ORD-104878,01-01-2025 16:00,CUST-10133,Consumer,Books,SQL Handbook,South,Mobile App,10,726.21,20,No,4.4,3,Credit Card
ORD-105009,31-05-2024 08:00,CUST-10002,Consumer,Fashion,Sports Cap,North,Marketplace,5,2136.26,10,No,4.1,4,UPI
ORD-103236,17-07-2024 11:00,CUST-10695,Small Business,Home & Kitchen,Storage Set,North,Mobile App,1,8267,10,No,4.1,2,UPI
ORD-102831,10-03-2025 12:00,CUST-11110,Consumer,Home & Kitchen,Water Bottle,Central,Website,1,6999.27,15,No,3.5,1,Credit Card
ORD-105322,11-01-2025 13:00,CUST-10736,Small Business,Electronics,Wireless Earbuds,Central,Website,1,21558.62,5,No,3.4,3,UPI
ORD-105595,11-07-2024 21:00,CUST-11125,Small Business,Beauty,Skin Serum,North,Website,1,1870.67,15,No,3.9,1,Debit Card
ORD-101948,01-01-2024 21:00,CUST-10707,Small Business,Fashion,Casual Shirt,West,Website,1,5712.87,0,No,4.7,5,Credit Card
ORD-103925,08-11-2024 05:00,CUST-11075,Consumer,Electronics,Power Bank,North,Mobile App,1,19145.74,0,No,4.5,2,UPI
ORD-101928,09-04-2024 15:00,CUST-11346,Small Business,Fashion,Casual Shirt,South,Website,3,4379.81,0,No,3.8,3,Credit Card
ORD-101492,16-01-2024 23:00,CUST-10737,Small Business,Books,Data Analytics Guide,Central,Website,1,1526.21,30,No,4.6,2,Credit Card
ORD-102144,16-07-2024 23:00,CUST-10029,Consumer,Home & Kitchen,Storage Set,West,Website,1,7040.69,0,No,3.7,4,Wallet
ORD-101217,03-02-2025 22:00,CUST-10523,Consumer,Electronics,Power Bank,West,Marketplace,3,13272.83,15,No,3.4,3,Debit Card
ORD-104767,05-01-2024 16:00,CUST-11363,Consumer,Home & Kitchen,Storage Set,Central,Website,8,8384.58,0,No,4.6,4,Wallet
ORD-101234,13-12-2024 19:00,CUST-10585,Enterprise,Electronics,Smart Watch,East,Marketplace,6,16777.72,5,No,4,1,Net Banking
ORD-105225,26-09-2024 02:00,CUST-10050,Consumer,Electronics,Bluetooth Speaker,West,Mobile App,1,7165.08,30,No,4.1,3,Credit Card
ORD-105843,05-01-2024 02:00,CUST-11519,Consumer,Fashion,Casual Shirt,North,Mobile App,5,3426.8,25,No,3.9,3,Net Banking
ORD-100845,03-01-2024 23:00,CUST-11652,Consumer,Fashion,Backpack,North,Website,2,3444.5,10,No,4.1,4,Wallet
ORD-102149,11-04-2025 07:00,CUST-10474,Consumer,Electronics,Wireless Earbuds,Central,Mobile App,6,17905.71,30,No,2.9,3,UPI
ORD-104138,26-04-2025 00:00,CUST-10617,Consumer,Fashion,Casual Shirt,East,Website,3,1449.37,10,No,4.4,4,Credit Card
ORD-100826,06-01-2025 16:00,CUST-10971,Consumer,Electronics,Smart Watch,South,Mobile App,2,19328.28,5,No,4.7,5,Credit Card
ORD-100439,05-08-2024 02:00,CUST-10360,Small Business,Fashion,Running Shoes,Central,Website,1,2776.18,0,No,4.2,3,Credit Card
ORD-103526,13-03-2024 17:00,CUST-11507,Consumer,Home & Kitchen,Water Bottle,South,Mobile App,2,5560.23,10,No,4.9,1,Net Banking
ORD-100550,14-03-2025 12:00,CUST-11533,Consumer,Books,Business Strategy,South,Website,3,1077.93,0,No,5,3,UPI
ORD-102220,31-05-2025 12:00,CUST-11763,Consumer,Electronics,Bluetooth Speaker,Central,Marketplace,1,10092.25,15,No,2.9,6,Credit Card
ORD-102898,10-03-2025 20:00,CUST-11487,Small Business,Fashion,Sports Cap,West,Website,2,0,20,Yes,4.2,4,Credit Card
ORD-100624,25-11-2024 21:00,CUST-10270,Consumer,Fashion,Running Shoes,Central,Mobile App,2,5668.34,0,No,4.1,5,UPI
ORD-102222,15-01-2024 10:00,CUST-11658,Consumer,Electronics,USB-C Hub,South,Mobile App,2,18920.05,10,No,3.7,4,UPI
ORD-104624,02-08-2024 03:00,CUST-11377,Small Business,Home & Kitchen,Water Bottle,South,Mobile App,1,577.09,10,No,4.9,4,Wallet
ORD-105737,23-05-2025 04:00,CUST-11184,Consumer,Home & Kitchen,Air Fryer,South,Marketplace,1,8354.57,0,No,2.6,1,Debit Card
ORD-105710,29-05-2024 10:00,CUST-10509,Consumer,Fashion,Backpack,Central,Website,3,5743.52,15,No,4.2,2,UPI
ORD-100310,29-12-2024 15:00,CUST-10951,Consumer,Books,Business Strategy,South,Mobile App,1,1666.95,15,No,3.4,4,Net Banking
ORD-102105,30-05-2024 05:00,CUST-11839,Small Business,Home & Kitchen,Desk Lamp,East,Marketplace,2,4187.78,20,No,2.3,5,Debit Card
ORD-103017,27-04-2024 16:00,CUST-10219,Small Business,Beauty,Face Wash,West,Website,4,4355.57,20,No,3.5,2,Debit Card
ORD-102723,24-07-2024 17:00,CUST-11739,Consumer,Books,Fiction Novel,East,Marketplace,1,1198.97,0,No,4.8,1,Wallet
ORD-102414,22-07-2024 03:00,CUST-10043,Consumer,Beauty,Hair Dryer,Central,Website,1,649.02,10,No,3.4,5,Debit Card
ORD-105115,23-05-2024 06:00,CUST-10353,Consumer,Books,SQL Handbook,Central,Website,6,1527.56,25,No,3.1,2,Wallet
ORD-100871,20-04-2024 04:00,CUST-11621,Small Business,Electronics,USB-C Hub,South,Website,1,3653.67,15,Yes,4.6,1,Credit Card
ORD-104134,22-06-2025 22:00,CUST-11023,Enterprise,Home & Kitchen,Water Bottle,East,Mobile App,1,5205.77,25,No,4.7,3,Wallet
ORD-105956,29-04-2024 00:00,CUST-10305,Consumer,Fashion,Casual Shirt,West,Website,2,4187.59,10,No,4.1,3,UPI
ORD-105224,15-10-2024 07:00,CUST-10733,Consumer,Electronics,Bluetooth Speaker,North,Website,1,16042.67,10,No,3.7,2,Credit Card
ORD-102262,18-01-2024 08:00,CUST-10339,Consumer,Electronics,Smart Watch,West,Mobile App,1,5412.12,10,No,3.9,3,Credit Card
ORD-104043,29-02-2024 08:00,CUST-10543,Consumer,Electronics,power bank,East,Website,1,6833.07,10,No,3.3,2,UPI
ORD-102266,08-01-2025 03:00,CUST-10251,Consumer,Home & Kitchen,Desk Lamp,East,Mobile App,1,10071.78,20,No,4.8,1,Wallet
ORD-101649,01-04-2025 14:00,CUST-10873,Consumer,Home & Kitchen,Coffee Maker,West,Mobile App,1,5768.2,10,No,4.4,4,Credit Card
ORD-103081,24-03-2025 01:00,CUST-10278,Small Business,Electronics,Power Bank,North,Website,3,12569.14,5,No,4.4,4,Credit Card
ORD-103262,08-02-2025 15:00,CUST-10491,Consumer,Electronics,Power Bank,North,Marketplace,1,11321.73,10,No,3.9,6,Net Banking
ORD-104580,15-04-2024 23:00,CUST-11769,Consumer,Electronics,Bluetooth Speaker,South,Mobile App,1,17414.69,25,No,4.9,1,UPI
ORD-100374,28-04-2025 22:00,CUST-10514,Small Business,Fashion,Casual Shirt,North,Mobile App,1,1500.71,20,Yes,3.9,3,Net Banking
ORD-104836,15-03-2024 19:00,CUST-11354,Enterprise,Electronics,Smart Watch,West,Website,5,11754.8,15,No,4.8,3,Credit Card
ORD-105197,29-05-2025 15:00,CUST-11916,Small Business,Electronics,Smart Watch,West,Mobile App,1,6292.56,10,No,5,2,Credit Card
ORD-101803,21-05-2024 15:00,CUST-10470,Small Business,Home & Kitchen,Coffee Maker,South,WEBSITE,3,6896.45,25,Yes,4.7,6,Credit Card
ORD-102035,06-04-2025 22:00,CUST-10071,Consumer,Electronics,Smart Watch,South,Mobile App,2,15478.83,0,No,4.1,2,Debit Card
ORD-103845,17-09-2024 14:00,CUST-11401,Small Business,Electronics,Smart Watch,East,Website,3,8047.08,25,No,3.8,2,Wallet
ORD-102101,30-12-2024 16:00,CUST-11556,Small Business,Home & Kitchen,Air Fryer,North,Website,8,3279.21,20,No,3.9,4,UPI
ORD-103691,08-12-2024 04:00,CUST-11744,Consumer,Electronics,Power Bank,South,Website,2,4542.36,25,No,4.2,2,UPI
ORD-101228,25-03-2024 02:00,CUST-11679,Consumer,Fashion,Hoodie,North,Marketplace,3,1488.24,20,No,5,8,UPI
ORD-101311,09-07-2024 00:00,CUST-11708,Consumer,Beauty,Perfume,West,Mobile App,4,3487,15,No,4.3,3,UPI
ORD-104754,25-04-2024 17:00,CUST-10008,Small Business,Home & Kitchen,Air Fryer,Central,Website,1,7450.71,20,No,4.1,3,Debit Card
ORD-102544,15-03-2025 17:00,CUST-11466,Consumer,Fashion,Sports Cap,West,Website,1,856.55,10,Yes,4.1,1,Credit Card
ORD-101108,28-05-2025 16:00,CUST-11537,Consumer,Books,Leadership Book,North,Mobile App,4,1490.58,10,No,4.3,3,Debit Card
ORD-100305,17-03-2024 13:00,CUST-11795,Consumer,Electronics,USB-C Hub,North,Website,3,9031.18,5,No,4.3,2,Net Banking
ORD-103803,12-01-2024 20:00,CUST-11188,Small Business,Home & Kitchen,Coffee Maker,South,Website,1,11862.28,10,No,4.4,3,UPI
ORD-104529,02-11-2024 21:00,CUST-11846,Consumer,Electronics,Wireless Earbuds,South,Website,1,1974.47,5,No,4.6,2,UPI
ORD-105323,04-08-2024 12:00,CUST-10624,Consumer,Books,Fiction Novel,East,Marketplace,2,411.43,5,No,4.3,3,Credit Card
ORD-105871,14-09-2024 14:00,CUST-10726,Consumer,Books,Leadership Book,West,Marketplace,3,1653.86,20,No,4.5,2,Credit Card
ORD-103838,08-06-2025 00:00,CUST-10150,Consumer,Books,Business Strategy,North,Mobile App,2,1719.91,5,Yes,3.7,3,Debit Card
ORD-102348,20-04-2024 00:00,CUST-10792,Enterprise,Fashion,Hoodie,Central,Mobile App,1,5875.41,5,No,4.2,4,Credit Card
ORD-104169,03-01-2025 11:00,CUST-10993,Small Business,Electronics,Bluetooth Speaker,East,Website,1,20617.5,0,No,4.5,2,UPI
ORD-105627,22-01-2024 19:00,CUST-10557,Consumer,Books,SQL Handbook,North,Mobile App,1,1633.27,0,No,3.1,3,Wallet
ORD-100947,14-03-2024 05:00,CUST-10873,Consumer,Electronics,Wireless Earbuds,South,Website,1,11930.82,10,No,4.1,4,Net Banking
ORD-103666,17-11-2024 14:00,CUST-11082,Small Business,Beauty,Face Wash,North,Mobile App,2,3545.07,15,No,4.6,3,Wallet
ORD-100555,02-10-2024 11:00,CUST-11113,Small Business,Beauty,Face Wash,West,Website,4,2194.61,20,No,3.8,1,Wallet
ORD-105265,29-04-2025 18:00,CUST-10142,Small Business,Books,Data Analytics Guide,West,Mobile App,1,1115.86,20,No,3.8,3,UPI
ORD-103861,17-12-2024 15:00,CUST-10431,Consumer,Books,Data Analytics Guide,East,Website,5,1616.43,5,No,3.4,5,Net Banking
ORD-104059,20-11-2024 02:00,CUST-10508,Consumer,Home & Kitchen,Water Bottle,North,Website,4,5371.72,0,No,5,3,UPI
ORD-105092,26-01-2024 11:00,CUST-11818,Consumer,Electronics,Smart Watch,South,Website,1,16152.58,0,No,3.9,3,Net Banking
ORD-101709,25-04-2024 20:00,CUST-10459,Enterprise,Home & Kitchen,Air Fryer,South,MARKETPLACE,4,2328.14,20,No,5,3,Debit Card
ORD-103461,31-05-2025 02:00,CUST-11004,Small Business,Beauty,Hair Dryer,North,Website,4,2914.95,0,No,4.5,4,Net Banking
ORD-105378,22-09-2024 08:00,CUST-10978,Consumer,Home & Kitchen,Storage Set,North,Website,1,8972.25,25,No,3.7,5,Debit Card
ORD-100313,02-06-2024 13:00,CUST-10966,Small Business,Fashion,Backpack,West,Mobile App,1,3157.72,10,No,2.5,4,Wallet
ORD-102633,03-11-2024 05:00,CUST-11406,Consumer,Electronics,Bluetooth Speaker,West,Website,5,18148.01,30,No,4,7,Wallet
ORD-101008,04-02-2025 11:00,CUST-11334,Consumer,Electronics,Power Bank,Central,Mobile App,1,16959.39,15,No,5,1,Wallet
ORD-101449,26-02-2024 05:00,CUST-11880,Consumer,Electronics,Smart Watch,West,Mobile App,10,2491.2,10,No,4.2,1,Debit Card
ORD-102211,26-02-2025 19:00,CUST-11810,Consumer,Electronics,Bluetooth Speaker,Central,Mobile App,3,12016.98,0,No,2.4,3,Net Banking
ORD-102781,26-05-2025 00:00,CUST-11303,Small Business,Books,Leadership Book,North,Mobile App,2,1214.51,10,No,4.1,1,Debit Card
ORD-103084,04-07-2024 10:00,CUST-11421,Small Business,Electronics,Power Bank,South,Website,3,7812.27,5,No,3.6,3,Wallet
ORD-104808,31-07-2024 21:00,CUST-11521,Small Business,Books,SQL Handbook,East,Marketplace,1,1271.45,5,No,3.2,2,Credit Card
ORD-100675,31-01-2025 06:00,CUST-10489,Consumer,Books,Fiction Novel,West,Mobile App,1,531.76,0,No,4.1,5,UPI
ORD-101436,21-08-2024 05:00,CUST-10952,Consumer,Beauty,Body Lotion,South,Website,3,1821.36,0,No,3.8,4,Debit Card
ORD-104270,12-03-2025 04:00,CUST-11011,Enterprise,Books,Data Analytics Guide,South,Website,1,1766.43,15,No,4.8,5,Credit Card
ORD-104125,02-10-2024 05:00,CUST-10222,Small Business,Books,Data Analytics Guide,South,Marketplace,1,1479.16,20,No,4.4,2,UPI
ORD-100007,15-01-2025 19:00,CUST-10074,Small Business,Electronics,Wireless Earbuds,West,Mobile App,2,20085.18,20,No,4.5,1,Debit Card
ORD-101753,03-08-2024 11:00,CUST-10973,Consumer,Home & Kitchen,Water Bottle,West,Marketplace,5,1569.73,10,No,3.6,4,UPI
ORD-102496,13-03-2025 10:00,CUST-10625,Consumer,Books,SQL Handbook,West,Mobile App,5,1798.64,20,No,4.3,5,Debit Card
ORD-103125,30-04-2025 20:00,CUST-10654,Consumer,Home & Kitchen,Water Bottle,East,Mobile App,4,7014.32,10,No,4.3,3,Debit Card
ORD-105257,06-06-2024 13:00,CUST-11496,Small Business,Electronics,Bluetooth Speaker,South,Mobile App,5,7972.09,20,No,2.9,4,Debit Card
ORD-104426,20-05-2024 10:00,CUST-11562,Small Business,Books,Data Analytics Guide,South,Marketplace,3,755.48,15,No,4.5,7,Net Banking
ORD-105557,21-05-2024 19:00,CUST-11342,Consumer,Beauty,Skin Serum,Central,Website,1,4466.33,5,No,3.9,3,Net Banking
ORD-102548,13-09-2024 17:00,CUST-11096,Consumer,Fashion,Backpack,East,Mobile App,3,978.24,5,No,4.9,5,Debit Card
ORD-105572,10-05-2024 09:00,CUST-10180,Consumer,Beauty,Face Wash,Central,Mobile App,3,3044.49,0,No,4.1,2,UPI
ORD-103130,14-07-2024 22:00,CUST-11845,Consumer,Home & Kitchen,Coffee Maker,South,Marketplace,4,9540.47,20,No,4,3,UPI
ORD-103323,15-12-2024 01:00,CUST-10704,Consumer,Electronics, Smart Watch ,East,Marketplace,1,2786.66,30,No,4.2,3,UPI
ORD-100807,01-03-2024 09:00,CUST-11110,Small Business,Fashion,Backpack,Central,Mobile App,1,5563.78,5,No,3.2,1,UPI
ORD-102261,29-06-2025 17:00,CUST-11331,Consumer,Fashion,Sports Cap,West,Mobile App,1,3862.51,15,No,4.4,3,Net Banking
ORD-104102,13-04-2024 18:00,CUST-10969,Consumer,Fashion,Running Shoes,Central,Website,6,2191.09,25,No,4.2,4,UPI
ORD-105386,08-05-2024 09:00,CUST-10751,Small Business,Books,Leadership Book,East,Marketplace,3,1398.33,10,No,2.4,2,Credit Card
ORD-105108,26-06-2024 21:00,CUST-10156,Consumer,Fashion,Sports Cap,West,Mobile App,1,2904.79,0,No,2.7,4,UPI
ORD-105874,23-01-2025 15:00,CUST-11318,Consumer,Electronics,Power Bank,West,Website,2,3311.6,25,No,3.5,6,Credit Card
ORD-104004,13-03-2025 08:00,CUST-10095,Small Business,Books,Leadership Book,South,Marketplace,3,407.71,30,No,3.5,3,UPI
ORD-103813,29-08-2024 19:00,CUST-11107,Small Business,Electronics,Smart Watch,North,Website,3,21438.37,10,No,4.2,3,UPI
ORD-101549,03-01-2024 14:00,CUST-11707,Consumer,Home & Kitchen,Desk Lamp,South,Website,1,3708.27,15,No,4.1,1,Credit Card
ORD-103655,19-09-2024 23:00,CUST-11088,Consumer,Home & Kitchen,Storage Set,North,Website,1,7491.4,5,No,4.2,1,Net Banking
ORD-104206,09-05-2025 23:00,CUST-10583,Consumer,Fashion,Sports Cap,South,Mobile App,2,5732.12,25,No,5,5,Credit Card
ORD-104604,25-04-2024 04:00,CUST-10857,Consumer,Books,Fiction Novel,North,Mobile App,1,1219.49,5,No,4.5,3,Debit Card
ORD-105195,10-08-2024 03:00,CUST-11865,Small Business,Fashion,Backpack,Central,Website,1,5272.7,20,No,4,4,Debit Card
ORD-103075,12-02-2025 10:00,CUST-10734,Small Business,Fashion,Casual Shirt,West,Website,1,3940.41,5,No,2.7,3,Net Banking
ORD-105434,14-10-2024 04:00,CUST-11735,Consumer,Beauty,Hair Dryer,East,Marketplace,3,1582.95,10,No,3.8,5,Wallet
ORD-103632,21-01-2024 06:00,CUST-10595,Consumer,Books,Leadership Book,West,Marketplace,4,457.65,15,No,3.7,3,UPI
ORD-104873,16-11-2024 19:00,CUST-10564,Consumer,Electronics,Bluetooth Speaker,South,Marketplace,4,21186.32,10,No,4.7,4,UPI
ORD-103398,05-01-2024 08:00,CUST-10997,Consumer,Fashion,Running Shoes,North,Marketplace,5,5785.78,15,No,4.2,3,Credit Card
ORD-100599,16-12-2024 19:00,CUST-10107,Consumer,Home & Kitchen,Air Fryer,Central,Marketplace,1,5015.63,10,Yes,4.2,1,Debit Card
ORD-100139,26-08-2024 11:00,CUST-11342,Consumer,Home & Kitchen,Coffee Maker,West,Website,1,9295.74,20,No,4.9,2,Credit Card
ORD-104443,04-09-2024 01:00,CUST-11869,Consumer,Electronics,Smart Watch,West,Website,4,18416.47,25,No,4.2,4,Debit Card
ORD-102290,03-08-2024 12:00,CUST-10404,Consumer,Home & Kitchen,Coffee Maker,North,Mobile App,4,10659.39,10,No,5,1,Credit Card
ORD-101439,05-06-2025 15:00,CUST-10154,Consumer,Home & Kitchen,Air Fryer,Central,Website,1,1857.38,15,No,3.8,3,Debit Card
ORD-103753,26-05-2024 22:00,CUST-11922,Consumer,Books,Data Analytics Guide,Central,Website,1,1085.12,0,No,4.6,3,UPI
ORD-104396,10-06-2024 00:00,CUST-11949,Consumer,Home & Kitchen,Storage Set,West,Mobile App,3,5292.18,0,No,5,1,Debit Card
ORD-104167,09-04-2024 00:00,CUST-10785,Consumer,Electronics,Smart Watch,South,Mobile App,6,17937.31,10,No,5,4,UPI
ORD-105791,18-02-2024 06:00,CUST-11120,Small Business,Books,Business Strategy,West,Mobile App,1,321.17,5,No,4.6,3,Credit Card
ORD-102895,20-10-2024 08:00,CUST-11232,Enterprise,Beauty,Face Wash,North,Marketplace,2,4403.87,15,No,4,1,Net Banking
ORD-101538,20-01-2025 15:00,CUST-10970,Consumer,Electronics,USB-C Hub,North,Website,1,6670.6,10,No,2.7,3,UPI
ORD-103739,30-03-2025 18:00,CUST-11203,Consumer,Home & Kitchen,Water Bottle,South,Mobile App,6,6180.66,20,No,3.6,6,UPI
ORD-105743,06-09-2024 22:00,CUST-10779,Consumer,Beauty,Body Lotion,West,Mobile App,1,4455.17,25,No,3.1,3,Wallet
ORD-101988,25-04-2024 00:00,CUST-10228,Small Business,Books,Data Analytics Guide,West,Mobile App,2,1549.31,10,No,4.5,4,Credit Card
ORD-103318,19-05-2024 16:00,CUST-11719,Consumer,Home & Kitchen,Air Fryer,East,Mobile App,3,5731.92,15,No,4,3,Credit Card
ORD-104387,02-02-2024 03:00,CUST-11145,Enterprise,Electronics,USB-C Hub,North,Mobile App,3,8948.13,10,No,4.1,2,Wallet
ORD-105502,20-01-2024 03:00,CUST-11888,Consumer,Electronics,Wireless Earbuds,North,Mobile App,1,3481.2,15,Yes,4.4,3,Credit Card
ORD-104233,24-05-2024 11:00,CUST-10136,Small Business,Home & Kitchen,Air Fryer,East,Website,2,5394.44,20,No,4.4,2,Wallet
ORD-102925,09-04-2024 19:00,CUST-11879,Enterprise,Electronics,Wireless Earbuds,West,Mobile App,5,15175.73,15,No,4.8,1,Credit Card
ORD-104227,30-11-2024 18:00,CUST-10631,Consumer,Home & Kitchen,Storage Set,North,Marketplace,3,10786.33,5,Yes,4.7,1,Net Banking
ORD-102068,29-06-2024 10:00,CUST-11521,Small Business,Electronics,Smart Watch,North,Website,2,14630.82,5,No,4.5,4,Credit Card
ORD-101795,20-04-2024 08:00,CUST-10917,Consumer,Electronics,Smart Watch,Central,Marketplace,1,14435.4,20,No,4,1,Wallet
ORD-103598,04-06-2024 08:00,CUST-10720,Small Business,Electronics,Bluetooth Speaker,West,Mobile App,2,15521.59,10,No,3.7,4,Credit Card
ORD-103904,21-04-2025 17:00,CUST-11445,Consumer,Home & Kitchen,Desk Lamp,North,Website,1,9953.87,10,No,4,4,Debit Card
ORD-101260,25-05-2024 07:00,CUST-11015,Enterprise,Books,SQL Handbook,South,Website,2,809.86,0,No,4.1,2,Credit Card
ORD-102883,27-01-2024 19:00,CUST-11306,Consumer,Books,Data Analytics Guide,South,Website,1,415.26,20,No,3.8,3,Credit Card
ORD-105858,05-07-2024 23:00,CUST-10636,Consumer,Electronics,Wireless Earbuds,North,Mobile App,3,2933.2,15,No,3.8,4,UPI
ORD-100450,08-06-2025 08:00,CUST-10470,Consumer,Fashion,Sports Cap,South,Mobile App,1,2032.57,25,No,3.8,5,UPI
ORD-105072,05-04-2024 07:00,CUST-10447,Small Business,Electronics,USB-C Hub,West,Mobile App,1,1614.28,25,No,3.3,2,Debit Card
ORD-105883,01-05-2024 11:00,CUST-10744,Consumer,Electronics,USB-C Hub,Central,Mobile App,2,1258.05,0,No,3.8,2,UPI
ORD-101625,26-06-2025 06:00,CUST-10673,Consumer,Fashion,Casual Shirt,West,Website,1,3879.92,0,No,3.6,2,Debit Card
ORD-100891,22-01-2025 15:00,CUST-10486,Enterprise,Fashion,Hoodie,South,Website,2,5049.4,20,No,4.8,3,Debit Card
ORD-101560,07-06-2024 23:00,CUST-10546,Small Business,Books,Fiction Novel,East,Website,1,284.81,10,No,3.6,3,Credit Card
ORD-100707,08-11-2024 13:00,CUST-10501,Small Business,Fashion,Casual Shirt,West,Website,1,1356.53,10,No,4.4,2,Credit Card
ORD-101445,20-01-2024 13:00,CUST-11511,Consumer,Home & Kitchen,Storage Set,East,Mobile App,2,3889.76,15,No,4.5,4,Debit Card
ORD-100647,19-10-2024 08:00,CUST-11806,Small Business,Home & Kitchen,Desk Lamp,West,Website,5,4234.79,15,No,4,3,Wallet
ORD-100207,13-06-2025 05:00,CUST-11069,Small Business,Electronics,Smart Watch,East,Website,5,8009.59,20,No,4.9,5,Credit Card
ORD-105151,04-12-2024 11:00,CUST-11488,Enterprise,Fashion,Running Shoes,North,Marketplace,6,946.1,15,No,4.6,4,Debit Card
ORD-101329,05-07-2024 16:00,CUST-10468,Consumer,Books,Business Strategy,East,Website,10,1040.45,15,No,4,3,Credit Card
ORD-104648,08-06-2024 23:00,CUST-10566,Consumer,Home & Kitchen,Desk Lamp,Central,Mobile App,1,10107.88,10,No,4.3,3,Net Banking
ORD-104427,20-09-2024 09:00,CUST-11301,Consumer,Electronics,Wireless Earbuds,East,Marketplace,5,3793.75,25,No,4.1,1,Debit Card
ORD-102075,10-08-2024 20:00,CUST-11534,Consumer,Electronics,Smart Watch,South,Website,10,9415.14,10,No,5,7,Net Banking
ORD-101603,22-06-2024 04:00,CUST-10284,Small Business,Fashion,Casual Shirt,North,Website,2,1725.28,20,No,3.4,3,Net Banking
ORD-100796,12-06-2025 17:00,CUST-10798,Consumer,Fashion,Running Shoes,Central,Mobile App,1,5308.99,5,No,,5,Net Banking
ORD-102436,15-12-2024 03:00,CUST-10963,Consumer,Beauty,Skin Serum,North,Website,5,948.93,0,No,4.5,1,Wallet
ORD-100458,04-04-2025 02:00,CUST-10248,Consumer,Electronics,Bluetooth Speaker,North,Website,4,17761.64,20,Yes,3.2,4,Credit Card
ORD-104182,25-02-2024 04:00,CUST-11934,Consumer,Fashion,Sports Cap,Central,Marketplace,3,3079.12,5,No,3.8,1,Credit Card
ORD-104831,28-02-2024 13:00,CUST-10493,Small Business,Fashion,Casual Shirt,North,Website,3,4289.2,20,No,5,4,Wallet
ORD-102133,06-08-2024 05:00,CUST-11280,Small Business,Home & Kitchen,Coffee Maker,North,MOBILE APP,1,7053.4,15,No,4.5,3,UPI
ORD-105869,30-12-2024 02:00,CUST-11342,Consumer,Fashion,Sports Cap,South,Mobile App,2,4741.9,30,No,4.4,1,Net Banking
ORD-105587,23-06-2025 17:00,CUST-10184,Consumer,Home & Kitchen,Air Fryer,West,Website,2,1304.68,5,No,3.5,3,Debit Card
ORD-100196,06-07-2024 01:00,CUST-11598,Consumer,Fashion,Running Shoes,West,Marketplace,1,1303.7,25,No,3.9,3,Credit Card
ORD-102683,18-03-2025 19:00,CUST-11939,Consumer,Fashion,Sports Cap,West,Website,4,4463.22,10,No,3,3,Debit Card
ORD-101248,26-06-2024 14:00,CUST-10951,Consumer,Electronics,Smart Watch,West,Website,3,19513.42,0,No,5,5,UPI
ORD-102835,23-10-2024 18:00,CUST-11804,Consumer,Electronics,Wireless Earbuds,Central,Website,3,9458.19,0,No,4.7,3,Debit Card
ORD-102085,23-12-2024 22:00,CUST-10813,Enterprise,Home & Kitchen,Desk Lamp,South,Mobile App,2,4328.26,5,Yes,4,5,Debit Card
ORD-104827,20-10-2024 11:00,CUST-10771,Consumer,Electronics,USB-C Hub,East,Marketplace,1,1485.73,25,No,3.8,3,Wallet
ORD-101091,01-09-2024 18:00,CUST-11777,Small Business,Beauty,Skin Serum,West,Mobile App,2,3529.17,0,Yes,4.9,5,UPI
ORD-102337,23-03-2025 07:00,CUST-11506,Consumer,Fashion,Sports Cap,East,Mobile App,1,5060.93,10,No,3.7,1,Wallet
ORD-105139,27-06-2025 14:00,CUST-10080,Consumer,Home & Kitchen,Storage Set,West,Marketplace,1,2574.5,10,Yes,4.6,3,Credit Card
ORD-102094,29-03-2024 16:00,CUST-10902,Consumer,Books,Data Analytics Guide,East,Marketplace,1,298.11,20,Yes,3.6,5,UPI
ORD-103389,05-01-2025 04:00,CUST-10118,Small Business,Electronics,Smart Watch,Central,Mobile App,1,3776.42,5,No,3.2,3,Credit Card
ORD-102472,14-08-2024 11:00,CUST-10736,Consumer,Books,Leadership Book,Central,Mobile App,1,469.52,5,No,4.3,2,UPI
ORD-103451,31-01-2024 03:00,CUST-10643,Consumer,Home & Kitchen,Water Bottle,North,Website,1,8091.84,15,No,4.4,2,Net Banking
ORD-104599,02-02-2025 08:00,CUST-11235,Consumer,Fashion,Casual Shirt,South,Marketplace,3,4377.58,10,No,3.8,2,Credit Card
ORD-105952,16-04-2024 01:00,CUST-10532,Consumer,Home & Kitchen,Air Fryer,Central,Mobile App,2,1522.2,0,No,3.9,1,UPI
ORD-101865,09-08-2024 01:00,CUST-11336,Consumer,Electronics,USB-C Hub,South,Mobile App,2,3799.56,25,No,4.3,3,Credit Card
ORD-100936,27-03-2024 05:00,CUST-11770,Consumer,Home & Kitchen,Water Bottle,South,Website,1,4219.56,15,No,2.9,3,UPI
ORD-100541,31-01-2024 05:00,CUST-10799,Small Business,Fashion,Running Shoes,East,Mobile App,3,3538.4,10,No,3.3,3,UPI
ORD-104793,20-05-2024 16:00,CUST-11665,Consumer,Home & Kitchen,Water Bottle,West,Marketplace,2,7288.33,20,No,4.2,4,Credit Card
ORD-100468,09-04-2024 02:00,CUST-11112,Consumer,Home & Kitchen,Desk Lamp,South,Website,4,3343.2,10,No,3.5,2,UPI
ORD-105339,12-09-2024 03:00,CUST-11808,Consumer,Beauty,Body Lotion,North,Marketplace,4,957.83,0,No,4.9,3,Wallet
ORD-103478,11-08-2024 14:00,CUST-11137,Small Business,Electronics,Smart Watch,South,Mobile App,10,3498.11,0,Yes,4.7,4,Credit Card
ORD-102419,16-08-2024 14:00,CUST-10042,Consumer,Home & Kitchen,Coffee Maker,Central,Website,6,2898.95,0,No,5,4,Credit Card
ORD-103671,21-02-2024 23:00,CUST-10295,Consumer,Home & Kitchen,Air Fryer,Central,Marketplace,2,1223.23,20,No,3.9,4,Debit Card
ORD-105497,28-09-2024 09:00,CUST-11824,Small Business,Books,Data Analytics Guide,West,Website,1,1463.46,5,No,3.8,4,UPI
ORD-101339,10-08-2024 18:00,CUST-10119,Consumer,Beauty,Perfume,West,Website,3,446.22,5,No,4.3,5,Debit Card
ORD-100109,20-01-2025 01:00,CUST-11935,Consumer,Books,SQL Handbook,Central,Marketplace,4,276.89,0,No,3.8,4,Wallet
ORD-101423,03-01-2025 08:00,CUST-10485,Consumer,Electronics,USB-C Hub,West,Marketplace,6,12152.75,5,No,4.1,1,Credit Card
ORD-104082,24-02-2025 06:00,CUST-11838,Consumer,Beauty,Skin Serum,North,Website,4,3556.01,20,No,3.9,5,Wallet
ORD-101074,11-09-2024 20:00,CUST-10674,Consumer,Electronics,Bluetooth Speaker,South,Mobile App,1,1542.2,5,No,4.7,5,Credit Card
ORD-103637,29-09-2024 13:00,CUST-11568,Consumer,Fashion,Hoodie,South,Website,3,1846.44,0,No,4.3,3,UPI
ORD-100273,07-06-2025 09:00,CUST-11632,Consumer,Fashion,Backpack,east,Website,2,1259.52,10,No,4.4,3,UPI
ORD-104283,25-08-2024 04:00,CUST-10769,Consumer,Electronics,Bluetooth Speaker,West,Website,3,10994.03,5,No,4.2,3,UPI
ORD-101724,18-10-2024 13:00,CUST-11215,Consumer,Electronics,Bluetooth Speaker,East,Mobile App,1,18841.36,20,No,3.9,5,Net Banking
ORD-100252,12-04-2024 18:00,CUST-10382,Enterprise,Electronics,Smart Watch,North,Website,2,17013.73,10,No,3.7,2,Credit Card
ORD-105371,07-02-2025 14:00,CUST-10223,Small Business,Fashion,Sports Cap,East,Marketplace,2,2930.37,10,No,2.9,2,UPI
ORD-103090,06-07-2024 11:00,CUST-10718,Consumer,Electronics,Power Bank,West,Mobile App,5,7866.91,15,No,4,2,Wallet
ORD-101364,29-10-2024 22:00,CUST-10745,Consumer,Beauty,Perfume,Central,Mobile App,1,2049.92,10,No,5,2,Credit Card
ORD-105171,31-08-2024 03:00,CUST-10951,Consumer,Fashion,Sports Cap,east,Mobile App,2,4448.87,0,No,3.4,3,Credit Card
ORD-104212,15-08-2024 01:00,CUST-11815,Consumer,Fashion,Running Shoes,West,Website,1,1646.12,10,No,,4,Credit Card
ORD-102743,01-06-2025 06:00,CUST-10004,Consumer,Books,Business Strategy,Central,Website,1,1094.48,10,No,2.3,3,Debit Card
ORD-104588,27-11-2024 04:00,CUST-10011,Consumer,Fashion,Sports Cap, South ,Website,1,4884.15,15,Yes,3.7,2,Wallet
ORD-104320,25-12-2024 23:00,CUST-10990,Consumer,Electronics,Smart Watch,South,Website,4,17927.57,15,No,5,4,Credit Card
ORD-100271,13-01-2024 10:00,CUST-11060,Consumer,Fashion,Casual Shirt,Central,Mobile App,10,1468.81,5,No,5,5,Debit Card
ORD-101908,20-01-2024 22:00,CUST-11242,Consumer,Fashion,Hoodie,South,Website,8,3008.18,5,No,5,3,Net Banking
ORD-103020,09-07-2024 22:00,CUST-10366,Enterprise,Books,Business Strategy,East,Marketplace,3,1575.36,10,No,4,5,UPI
ORD-104907,07-03-2025 12:00,CUST-10454,Small Business,Beauty,Face Wash,West,Website,2,4494.28,15,No,3.2,3,Debit Card
ORD-101361,06-02-2024 16:00,CUST-11544,Enterprise,Fashion,Backpack,West,Marketplace,8,631.12,10,Yes,3.7,2,UPI
ORD-104261,20-04-2024 08:00,CUST-11699,Consumer,Beauty,Skin Serum,Central,Website,8,4468.94,30,No,4.6,4,Debit Card
ORD-102224,07-08-2024 00:00,CUST-10495,Consumer,Home & Kitchen,Water Bottle,North,Mobile App,5,5368.42,15,No,4.5,2,Credit Card
ORD-100724,05-03-2025 03:00,CUST-11235,Consumer,Beauty,Face Wash,West,Marketplace,1,707.95,10,No,5,3,Credit Card
ORD-103516,02-04-2024 14:00,CUST-10673,Consumer,Beauty,Body Lotion,West,Website,3,2961.31,10,No,4.9,5,Credit Card
ORD-102456,03-04-2025 22:00,,Small Business,Electronics,USB-C Hub,East,Website,5,6683.32,20,No,4.5,3,Debit Card
ORD-103810,04-05-2024 23:00,CUST-10899,Consumer,Electronics,Bluetooth Speaker,South,Website,4,14828.53,15,No,3.7,4,UPI
ORD-103345,18-02-2025 23:00,CUST-10923,Consumer,Fashion,Hoodie,South,Website,2,5776.42,20,No,4.6,4,Credit Card
ORD-102393,30-04-2024 13:00,CUST-10605,Consumer,Home & Kitchen,air fryer,South,Website,2,10774.62,10,No,3.8,2,Credit Card
ORD-100708,16-09-2024 21:00,CUST-11301,Small Business,Home & Kitchen,Coffee Maker,Central,Marketplace,5,4469.37,10,No,4.4,5,Credit Card
ORD-104479,20-10-2024 07:00,CUST-10348,Consumer,Books,Business Strategy,South,Mobile App,2,815.28,15,No,3.9,3,Debit Card
ORD-101194,14-10-2024 02:00,CUST-11503,Consumer,Electronics,Power Bank,South,Mobile App,6,8998.1,20,No,3.5,1,Debit Card
ORD-103936,13-10-2024 00:00,CUST-11703,Consumer,Books,SQL Handbook,West,Mobile App,1,1647.62,0,No,2.6,7,Credit Card
ORD-103492,21-07-2024 21:00,CUST-10635,Consumer,Beauty,Face Wash,South,Website,6,4503.47,10,No,4.4,1,Debit Card
ORD-101161,29-09-2024 08:00,CUST-11041,Consumer,Home & Kitchen,Desk Lamp, South ,Website,4,2866.65,20,No,4.9,2,Wallet
ORD-104184,31-01-2024 10:00,CUST-10306,Consumer,Electronics,Power Bank,East,Website,5,1788.88,10,No,4.5,4,Wallet
ORD-104990,20-12-2024 06:00,CUST-11884,Consumer,Fashion,Sports Cap,West,Mobile App,2,2778.09,10,No,4.1,2,Credit Card
ORD-100523,26-03-2025 07:00,CUST-10812,Small Business,Home & Kitchen,Air Fryer,Central,Mobile App,1,3256.78,25,No,5,5,Credit Card
ORD-100561,24-01-2024 17:00,CUST-10575,Consumer,Fashion,Sports Cap,West,Website,3,2367.65,5,Yes,3.2,1,UPI
ORD-104667,16-03-2024 16:00,CUST-11516,Small Business,Home & Kitchen,Storage Set,East,Mobile App,4,7955.32,10,No,4.2,3,Debit Card
ORD-103993,04-06-2024 16:00,CUST-10877,Consumer,Fashion,Hoodie,West,Marketplace,1,3789.3,25,No,4,5,UPI
ORD-100836,17-03-2025 09:00,CUST-11317,Consumer,Fashion,Casual Shirt,East,Website,1,5637.53,0,No,4,2,Credit Card
ORD-101542,18-02-2024 12:00,CUST-10236,Enterprise,Books,Fiction Novel,West,Website,3,505.52,5,No,3.5,3,UPI
ORD-100004,24-08-2024 10:00,CUST-11939,Small Business,Electronics,Wireless Earbuds,North,Website,5,4835.29,5,Yes,3.8,4,Net Banking
ORD-103928,27-12-2024 20:00,CUST-11439,Enterprise,Home & Kitchen,Desk Lamp,South,Website,2,4876.3,10,No,3.9,3,Debit Card
ORD-102405,28-03-2025 10:00,CUST-10520,Consumer,Beauty,Hair Dryer,Central,Marketplace,5,4438.71,20,No,4.1,1,Credit Card
ORD-102250,03-10-2024 12:00,CUST-11107,Consumer,Home & Kitchen,Coffee Maker,North,Marketplace,2,8997.15,10,No,4.2,6,Net Banking
ORD-100125,04-11-2024 15:00,CUST-11731,Small Business,Electronics,USB-C Hub,North,Website,2,18233.33,5,No,4.5,7,Credit Card
ORD-105330,03-11-2024 10:00,CUST-11182,Consumer,Electronics,Smart Watch,North,Marketplace,1,9019.62,10,No,3.9,4,Credit Card
ORD-105836,24-04-2025 01:00,CUST-11319,Consumer,Fashion,Sports Cap,West,Mobile App,2,609.98,15,No,2.3,6,Credit Card
ORD-102375,24-06-2025 19:00,CUST-10454,Consumer,Fashion,Hoodie,North,Mobile App,1,2886.05,5,No,4.2,4,Debit Card
ORD-103425,19-06-2025 02:00,CUST-10207,Consumer,Electronics,USB-C Hub,Central,Mobile App,2,9387.06,10,No,3,2,UPI
ORD-100118,14-05-2024 01:00,CUST-11934,Consumer,Electronics,USB-C Hub,North,WEBSITE,1,2688.2,10,No,4.2,2,Debit Card
ORD-102350,21-10-2024 04:00,CUST-10970,Consumer,Books,Leadership Book,Central,Mobile App,4,258.9,0,No,5,7,UPI
ORD-104467,02-06-2025 15:00,CUST-10975,Small Business,Electronics,Power Bank,Central,Mobile App,1,21730.75,20,No,4.2,1,Credit Card
ORD-102062,22-03-2024 15:00,CUST-10562,Consumer,Home & Kitchen,Coffee Maker,West,Website,1,9168.54,10,No,3.8,4,Credit Card
ORD-104919,14-10-2024 23:00,CUST-11839,Consumer,Home & Kitchen,Air Fryer,North,Mobile App,1,1802.46,10,No,5,4,Credit Card
ORD-102729,09-09-2024 02:00,CUST-10737,Consumer,Home & Kitchen,Air Fryer,Central,Website,2,6157.56,5,No,4,3,UPI
ORD-102973,19-06-2025 21:00,CUST-11630,Consumer,Books,Business Strategy,East,Website,1,1554.05,15,No,3.4,3,Wallet
ORD-104249,25-07-2024 17:00,CUST-10944,Consumer,Fashion,Sports Cap,South,Website,3,4980.51,0,No,3.8,2,Wallet
ORD-105685,27-08-2024 07:00,CUST-11870,Consumer,Electronics,Smart Watch,East,Website,1,10542.29,0,No,3.3,1,UPI
ORD-105229,28-05-2024 01:00,CUST-11478,Consumer,Fashion,Sports Cap,East,Website,1,4868.91,15,No,3.4,1,Debit Card
ORD-104925,19-02-2024 08:00,CUST-11329,Consumer,Electronics,Smart Watch,North,Mobile App,1,21881.87,5,No,5,3,Net Banking
ORD-105251,18-08-2024 16:00,CUST-10780,Consumer,Electronics,Bluetooth Speaker,East,Marketplace,8,19252.06,10,No,3.4,3,UPI
ORD-103724,05-01-2024 19:00,CUST-10362,Consumer,Home & Kitchen,Water Bottle,East,Mobile App,1,11388.45,20,No,2.2,1,Net Banking
ORD-104475,23-06-2024 19:00,CUST-11555,Consumer,Fashion,Casual Shirt,East,Website,2,4807.3,10,No,3.8,3,Credit Card
ORD-105274,01-12-2024 21:00,CUST-11719,Consumer,Electronics,Bluetooth Speaker,East,Website,2,3799.58,5,No,3.2,4,Credit Card
ORD-105359,05-07-2024 09:00,CUST-11807,Enterprise,Electronics,Bluetooth Speaker,North,Mobile App,1,19497.15,25,No,4.2,1,Credit Card
ORD-101001,06-02-2025 06:00,CUST-11204,Enterprise,Home & Kitchen,Desk Lamp, West ,Marketplace,8,8596.37,30,No,5,5,Credit Card
ORD-105238,14-05-2025 00:00,CUST-10449,Consumer,Fashion,Backpack,Central,Website,5,2203.76,10,No,4.8,3,Debit Card
ORD-104040,28-06-2024 11:00,CUST-10309,Consumer,Fashion,Backpack,North,Website,2,5786.76,0,Yes,4.1,4,Wallet
ORD-104801,21-11-2024 16:00,CUST-10413,Consumer,Beauty,Body Lotion,North,Website,3,2335.37,5,No,4.1,2,Credit Card
ORD-105961,01-12-2024 01:00,CUST-10101,Consumer,Home & Kitchen,Storage Set,South,Mobile App,2,11181.37,5,No,4,1,Wallet
ORD-105137,23-12-2024 15:00,CUST-11604,Consumer,Electronics,USB-C Hub,North,Mobile App,1,5141.26,25,No,3.3,4,Credit Card
ORD-104375,14-11-2024 23:00,CUST-11053,Small Business,Electronics,USB-C Hub,East,Website,3,18191,5,No,3.6,6,Credit Card
ORD-102913,03-05-2024 08:00,CUST-10912,Small Business,Electronics,USB-C Hub,Central,Marketplace,4,9579.71,5,No,4.5,3,Credit Card
ORD-102944,24-03-2025 22:00,CUST-11492,Consumer,Electronics,Wireless Earbuds,West,Website,5,17770.9,20,No,4.7,2,Credit Card
ORD-101223,23-12-2024 04:00,CUST-11379,Consumer,Electronics,Smart Watch,South,Mobile App,2,5654.26,5,No,5,4,Net Banking
ORD-100677,16-02-2024 03:00,CUST-10996,Consumer,Fashion,Backpack,Central,Website,1,4106.03,15,No,3.2,1,Credit Card
ORD-105479,10-11-2024 03:00,CUST-10577,Consumer,Beauty,Body Lotion,North,Website,4,3131.48,20,No,3.1,5,Debit Card
ORD-101654,26-03-2024 07:00,CUST-10622,Small Business,Home & Kitchen,Storage Set,Central,Website,2,4333.87,15,No,2.2,3,Debit Card
ORD-101501,22-05-2024 03:00,CUST-10190,Enterprise,Home & Kitchen,Water Bottle,Central,Mobile App,1,4035.1,20,No,3.4,3,UPI
ORD-104972,01-04-2025 16:00,CUST-11528,Consumer,Fashion,Running Shoes,East,Website,3,5407.25,15,No,2.3,2,Credit Card
ORD-103030,03-02-2025 22:00,CUST-10606,Small Business,Home & Kitchen,Storage Set,North,Website,10,10678.62,20,No,5,4,Debit Card
ORD-100367,21-06-2024 12:00,CUST-10998,Consumer,Fashion,Sports Cap,West,Mobile App,2,1673.42,15,No,4.2,3,Debit Card
ORD-100843,20-01-2024 17:00,CUST-10466,Small Business,Fashion,Running Shoes,South,Mobile App,1,1723.74,15,No,4.2,5,UPI
ORD-103335,04-05-2024 07:00,CUST-11239,Consumer,Home & Kitchen,Air Fryer,South,Website,5,676.72,10,No,4.5,3,UPI
ORD-100617,25-05-2024 12:00,CUST-11549,Consumer,Electronics,Bluetooth Speaker,South,Website,2,11118.83,15,No,4.3,4,UPI
ORD-100479,29-02-2024 14:00,CUST-10151,Consumer,Fashion,Sports Cap,West,Website,1,3100.06,5,No,4.1,4,Debit Card
ORD-105235,15-04-2025 01:00,CUST-11567,Consumer,Electronics,Wireless Earbuds,North,Mobile App,1,2652.15,5,No,3.7,5,Credit Card
ORD-101441,06-10-2024 23:00,CUST-10597,Consumer,Home & Kitchen,Desk Lamp,Central,Mobile App,1,1707.04,5,No,3.8,5,Net Banking
ORD-103175,31-10-2024 03:00,CUST-10974,Consumer,Books,SQL Handbook,East,Marketplace,6,1634.61,10,No,3.6,5,Credit Card
ORD-100697,18-11-2024 04:00,CUST-10152,Small Business,Electronics,Smart Watch,West,Mobile App,3,16830.75,30,Yes,3.3,5,Credit Card
ORD-104964,30-05-2025 20:00,CUST-11568,Small Business,Electronics,Bluetooth Speaker,West,Mobile App,1,13651.51,15,No,3.9,4,Credit Card
ORD-103482,10-03-2025 09:00,CUST-10744,Consumer,Books,SQL Handbook,South,Mobile App,1,1159.23,0,No,4.1,4,UPI
ORD-105172,18-04-2025 10:00,CUST-10430,Consumer,Fashion,Casual Shirt,Central,Mobile App,3,2443.39,10,No,4.3,3,Credit Card
ORD-101438,23-06-2024 03:00,CUST-11008,Consumer,Home & Kitchen,Air Fryer,West,Website,1,4255.89,0,Yes,5,3,Debit Card
ORD-101907,29-03-2024 01:00,CUST-11747,Consumer,Electronics,USB-C Hub,Central,Mobile App,1,10548.63,5,No,5,3,Credit Card
ORD-105021,09-09-2024 14:00,CUST-10539,Consumer,Electronics,Bluetooth Speaker,South,Mobile App,2,1940.89,20,No,2.9,2,Credit Card
ORD-103676,19-07-2024 02:00,CUST-10248,Consumer,Home & Kitchen,Water Bottle,Central,Mobile App,4,9817.27,20,No,3.8,2,UPI
ORD-105294,18-05-2025 15:00,CUST-11415,Consumer,Fashion,Hoodie,Central,Website,1,556.86,30,No,4.5,2,Credit Card
ORD-100280,30-05-2024 14:00,CUST-11574,Consumer,Fashion,Casual Shirt,West,Website,1,722.34,5,No,2.8,3,Debit Card
ORD-101563,16-05-2025 16:00,CUST-11153,Small Business,Beauty,Hair Dryer,South,Marketplace,2,2038.11,5,No,3.6,5,Debit Card
ORD-100466,31-03-2024 15:00,CUST-11257,Consumer,Fashion,Casual Shirt,West,Mobile App,1,2084.23,0,No,4.3,1,
ORD-102093,18-04-2024 00:00,CUST-10159,Consumer,Home & Kitchen,Desk Lamp,South,Website,1,8039.17,5,No,4.3,5,UPI
ORD-105221,29-04-2025 03:00,CUST-10486,Enterprise,Beauty,Face Wash,West,Mobile App,6,1733.62,30,No,5,4,Credit Card
ORD-103618,25-08-2024 15:00,CUST-11104,Consumer,Electronics,Smart Watch,East,Website,3,5540.86,0,Yes,3.3,1,Credit Card
ORD-101711,13-09-2024 12:00,CUST-10339,Consumer,Electronics,Wireless Earbuds,East,Website,1,13689.67,0,No,3.5,4,Wallet
ORD-101819,09-06-2024 23:00,CUST-10970,Consumer,Fashion,Sports Cap,South,Website,6,4934.7,15,No,4,2,UPI
ORD-103282,13-06-2025 09:00,CUST-10541,Consumer,Home & Kitchen,Storage Set,East,Website,8,11391.98,10,No,5,7,Wallet
ORD-100104,11-03-2025 02:00,CUST-10760,Consumer,Fashion,Running Shoes,Central,Website,1,3848.78,20,No,3.8,1,Debit Card
ORD-103581,21-02-2025 17:00,CUST-11763,Consumer,Fashion,Sports Cap,South,Marketplace,4,1677.53,15,No,3,4,Debit Card
ORD-102188,09-09-2024 03:00,CUST-10956,Small Business,Books,Business Strategy,North,Website,3,1393.87,5,No,4.6,3,Credit Card
ORD-105847,03-01-2025 02:00,CUST-10529,Consumer,Fashion,Casual Shirt,South,Marketplace,1,925.4,5,No,3.5,2,Net Banking
ORD-102754,24-06-2025 23:00,CUST-10205,Consumer,Electronics,Bluetooth Speaker,South,Mobile App,2,20490.28,0,No,3.4,2,Debit Card
ORD-103574,04-06-2025 07:00,CUST-11616,Consumer,Home & Kitchen,Air Fryer,East,Mobile App,3,6347.72,10,No,3.4,4,Debit Card
ORD-104461,04-07-2024 02:00,,Small Business,Fashion,Running Shoes,Central,Mobile App,3,5431.24,0,No,3.7,2,Debit Card
ORD-104251,29-07-2024 07:00,CUST-11256,Small Business,Fashion,Hoodie,North,Mobile App,4,4357.02,20,No,4.7,2,UPI
ORD-100729,25-12-2024 05:00,CUST-11156,Consumer,Beauty,Body Lotion,South,Mobile App,3,3332.86,10,No,4.8,3,Net Banking
ORD-104308,14-03-2025 09:00,CUST-11165,Enterprise,Electronics,Power Bank,Central,Website,6,21165.95,0,No,4,5,Wallet
ORD-104506,07-06-2024 06:00,CUST-10443,Consumer,Books,Leadership Book,South,Website,2,687.98,5,No,5,3,Debit Card
ORD-105258,31-12-2024 12:00,CUST-11735,Consumer,Beauty,Skin Serum,South,Marketplace,5,1876.93,25,No,5,1,Credit Card
ORD-101418,15-04-2025 02:00,CUST-10851,Consumer,Electronics,USB-C Hub,West,Mobile App,1,6270.22,10,No,4.3,3,UPI
ORD-100755,27-08-2024 02:00,CUST-10474,Small Business,Home & Kitchen,Air Fryer,North,Website,3,9676.21,0,No,3.9,2,Net Banking
ORD-100276,12-09-2024 01:00,CUST-10152,Consumer,Home & Kitchen,Desk Lamp,East,Mobile App,1,11351.8,30,No,4.1,3,Debit Card
ORD-100776,19-08-2024 09:00,CUST-11187,Consumer,Fashion,Hoodie,North,Marketplace,1,2317.79,0,No,3.7,4,Wallet
ORD-104729,29-12-2024 05:00,CUST-10921,Small Business,Electronics,Smart Watch,North,Mobile App,3,18170.93,15,No,3.9,2,Credit Card
ORD-100803,16-05-2025 12:00,CUST-10584,Consumer,Electronics,smart watch,East,Mobile App,1,4252.28,10,No,4.1,3,Wallet
ORD-100396,25-01-2024 10:00,CUST-10121,Consumer,Electronics,Bluetooth Speaker,South,Website,2,5848.21,5,No,3.7,3,UPI
ORD-101113,08-06-2024 11:00,CUST-11045,Consumer,Fashion,Hoodie,West,Website,2,854.9,15,Yes,3.7,3,Net Banking
ORD-105395,18-01-2024 13:00,CUST-10047,Enterprise,Fashion,Backpack,South,Marketplace,2,5463.37,20,No,3,1,Credit Card
ORD-101853,28-03-2024 12:00,CUST-11007,Consumer,Electronics,Smart Watch,West,Mobile App,4,8723.56,20,No,3.9,4,UPI
ORD-105159,20-05-2025 17:00,CUST-10783,Consumer,Home & Kitchen,Storage Set,Central,Website,1,7211.82,25,No,4.6,2,Wallet
ORD-104179,11-09-2024 17:00,CUST-11244,Consumer,Home & Kitchen,Storage Set,Central,Mobile App,2,11235.7,20,Yes,3.9,1,Credit Card
ORD-103851,26-01-2024 02:00,CUST-10925,Consumer,Home & Kitchen,Air Fryer,South,Website,3,3490.06,20,No,4.8,1,Net Banking
ORD-101472,02-09-2024 07:00,CUST-11907,Consumer,Fashion,Casual Shirt,North,Mobile App,2,783.19,0,No,4.6,4,UPI
ORD-105662,14-04-2025 20:00,,Small Business,Books,SQL Handbook,West,Marketplace,3,460.66,0,No,3.9,2,Credit Card
ORD-103730,29-01-2025 02:00,CUST-11777,Consumer,Beauty,Body Lotion,North,Marketplace,2,2229.5,20,No,4.3,4,Credit Card
ORD-105163,01-04-2025 14:00,CUST-11897,Consumer,Electronics,Smart Watch,North,Marketplace,3,2392.16,10,No,4.4,5,UPI
ORD-102700,26-04-2025 04:00,CUST-11834,Consumer,Beauty,Hair Dryer,South,Mobile App,6,4864.17,0,No,3.5,3,Wallet
ORD-103809,27-11-2024 05:00,CUST-10003,Small Business,Beauty,Skin Serum,North,Marketplace,1,1192.23,10,No,4.2,3,Credit Card
ORD-103114,18-07-2024 06:00,CUST-10038,Consumer,Home & Kitchen,Storage Set,North,Mobile App,2,890.64,20,No,4.1,4,Wallet
ORD-102023,23-11-2024 11:00,CUST-11791,Consumer,Fashion,Backpack,West,Website,1,2586.68,10,No,3,4,Credit Card
ORD-104485,20-07-2024 10:00,CUST-10474,Consumer,Beauty,Hair Dryer,North,Website,1,4748.15,5,No,4.6,3,Debit Card
ORD-102662,22-03-2024 18:00,CUST-11073,Consumer,Fashion,Running Shoes,Central,Website,2,4847.37,5,No,3.7,4,Debit Card
ORD-101038,26-08-2024 10:00,CUST-11743,Consumer,Home & Kitchen,Water Bottle,North,Mobile App,2,1606.32,5,No,3.7,3,UPI
ORD-102786,03-06-2024 08:00,CUST-11644,Small Business,Books,Fiction Novel,South,Website,1,1588.79,0,No,3.6,4,Credit Card
ORD-104119,29-01-2024 05:00,CUST-10419,Small Business,Fashion,Running Shoes,South,Website,2,4912.02,15,No,4.1,3,Credit Card
ORD-104155,11-04-2024 19:00,CUST-10768,Small Business,Beauty,Hair Dryer,Central,Mobile App,1,4188.75,20,No,5,6,Debit Card
ORD-102070,13-04-2024 11:00,CUST-11521,Small Business,Home & Kitchen,Storage Set,East,Mobile App,1,8771.86,20,No,4.7,4,Credit Card
ORD-104173,12-07-2024 23:00,CUST-10441,Consumer,Fashion,Casual Shirt,North,Mobile App,1,874.08,10,No,3.1,6,Credit Card
ORD-101280,07-02-2025 23:00,CUST-10624,Small Business,Electronics,Power Bank,West,Mobile App,2,7669.54,10,No,5,5,Credit Card
ORD-101054,11-02-2024 19:00,CUST-10019,Consumer,Beauty,Face Wash,West,Website,1,1587.12,0,No,3.3,3,Debit Card
ORD-103060,15-05-2024 14:00,CUST-11624,Consumer,Fashion,Running Shoes,North,Mobile App,6,2109.52,20,No,3.6,1,Credit Card
ORD-102141,22-04-2025 20:00,CUST-11091,Small Business,Fashion,Backpack,East,Mobile App,1,1472.8,0,No,4.1,3,UPI
ORD-100726,28-01-2025 19:00,CUST-10532,Enterprise,Books,Fiction Novel,South,Mobile App,3,1599.99,5,No,3.2,3,UPI
ORD-101924,16-07-2024 07:00,CUST-10250,Enterprise,Home & Kitchen,Storage Set,West,Website,1,8174.92,10,No,3.5,2,Net Banking
ORD-102475,18-08-2024 19:00,CUST-10373,Small Business,Electronics,Wireless Earbuds,central,Website,3,17780.79,10,Yes,2.9,3,Debit Card
ORD-102432,29-03-2024 17:00,CUST-10418,Consumer,Fashion,Running Shoes,West,Mobile App,2,4928.55,10,No,4.7,3,Credit Card
ORD-101455,05-02-2024 18:00,CUST-10992,Consumer,Home & Kitchen,Coffee Maker,Central,Website,5,7043.9,15,No,4.8,5,UPI
ORD-102620,07-04-2025 14:00,CUST-10891,Consumer,Home & Kitchen,Air Fryer,South,Mobile App,1,7524.8,10,No,4.4,4,Net Banking
ORD-103663,09-06-2025 09:00,CUST-11518,Consumer,Beauty,Face Wash,North,Website,2,3298.99,5,No,3.5,3,UPI
ORD-100680,30-01-2025 00:00,CUST-10443,Consumer,Beauty,Face Wash,North,Marketplace,6,4902.24,15,No,4.1,4,Credit Card
ORD-105724,27-04-2024 05:00,CUST-11470,Consumer,Fashion,Running Shoes,South,Website,6,1995.1,10,No,3.2,3,Debit Card
ORD-100340,12-12-2024 15:00,CUST-10869,Consumer,Home & Kitchen,Coffee Maker,Central,Website,1,5655.08,25,No,5,2,UPI
ORD-104756,09-11-2024 14:00,CUST-11000,Consumer,Electronics,Wireless Earbuds,South,Website,1,6457.01,20,No,3.9,6,UPI
ORD-101893,22-01-2025 19:00,CUST-10993,Consumer,Electronics,Power Bank,South,Mobile App,2,11163.55,20,No,3.7,6,Debit Card
ORD-102358,07-12-2024 11:00,CUST-10421,Consumer,Home & Kitchen,Storage Set,North,Website,1,1951.29,15,No,4,2,UPI
ORD-102450,04-03-2025 14:00,CUST-10533,Small Business,Electronics,USB-C Hub,South,Website,4,17713.85,10,No,4.8,3,UPI
ORD-100011,16-06-2025 17:00,CUST-11280,Enterprise,Books,Leadership Book,East,Mobile App,5,331.81,5,No,4.2,4,Debit Card
ORD-105397,02-08-2024 18:00,CUST-11693,Consumer,Beauty,Perfume,South,Mobile App,2,4265.19,20,No,3.4,4,Credit Card
ORD-104510,12-06-2024 11:00,CUST-10721,Consumer,Fashion,Casual Shirt,Central,Mobile App,2,2033.12,15,No,3.3,1,UPI
ORD-104392,07-01-2024 16:00,CUST-11227,Consumer,Electronics,Wireless Earbuds,Central,Website,2,11223.37,15,No,4.7,2,Wallet
ORD-103225,25-02-2025 11:00,CUST-10773,Enterprise,Electronics,Power Bank,South,Mobile App,1,7753.21,0,No,4.5,4,Debit Card
ORD-102243,02-03-2024 01:00,CUST-10854,Consumer,Electronics,Bluetooth Speaker,North,Website,3,6126.52,15,No,4.3,2,Credit Card
ORD-103770,19-08-2024 13:00,CUST-11710,Consumer,Home & Kitchen,Water Bottle,East,Website,10,11524.55,10,No,4,4,Net Banking
ORD-103436,09-06-2024 14:00,CUST-10378,Consumer,Fashion,Running Shoes,Central,Website,2,2424.58,5,No,5,1,Wallet
ORD-100811,25-04-2025 01:00,CUST-11791,Consumer,Electronics,Smart Watch,East,Website,3,14990.69,5,No,4.9,1,Credit Card
ORD-105672,04-06-2025 12:00,CUST-11677,Consumer,Books,SQL Handbook,East,Mobile App,3,860.61,20,No,3.7,1,Credit Card
ORD-104306,07-02-2025 15:00,CUST-11672,Consumer,Electronics,Smart Watch,North,Mobile App,1,12013.4,30,No,4,4,Credit Card
ORD-105852,19-05-2024 10:00,CUST-10998,Consumer,Electronics,Smart Watch,Central,Website,1,5964.37,5,No,5,3,Net Banking
ORD-105403,17-10-2024 21:00,CUST-11244,Consumer,Beauty,Body Lotion,South,Website,-3,1414.77,25,No,4.2,6,Wallet
ORD-103921,01-12-2024 16:00,CUST-11724,Small Business,Beauty,Skin Serum,Central,Marketplace,1,3770.16,20,No,3.7,4,Credit Card
ORD-105192,27-09-2024 20:00,CUST-11714,Consumer,Electronics,Power Bank,South,Website,1,6700.92,15,No,4.1,2,Credit Card
ORD-103967,11-05-2024 23:00,CUST-11297,Consumer,Electronics,Wireless Earbuds,South,Website,1,6093.41,0,No,4,5,Debit Card
ORD-100994,16-10-2024 05:00,CUST-10923,Enterprise,Electronics,Smart Watch,North,Website,2,17895.12,0,No,4.6,1,UPI
ORD-103337,28-01-2024 14:00,CUST-10378,Consumer,Home & Kitchen,Air Fryer,Central,Mobile App,2,2856.52,15,No,3.8,2,Credit Card
ORD-101022,19-04-2025 05:00,CUST-11445,Small Business,Home & Kitchen,Coffee Maker,West,Website,3,7488.47,20,No,3,3,Wallet
ORD-105929,20-05-2024 09:00,CUST-11035,Consumer,Home & Kitchen,Coffee Maker,Central,Website,2,9268.95,20,No,5,3,Net Banking
ORD-105636,19-05-2024 02:00,CUST-11496,Consumer,Electronics,Power Bank,North,Website,1,5274.49,10,No,3.6,4,UPI
ORD-103694,03-08-2024 20:00,CUST-10033,Consumer,Home & Kitchen,Coffee Maker,North,Mobile App,2,10670.13,15,No,3.3,2,Wallet
ORD-104517,02-02-2024 01:00,CUST-10696,Enterprise,Fashion,Backpack,West,Mobile App,2,3459.72,20,No,4.1,2,UPI
ORD-104966,03-05-2024 07:00,CUST-11917,Small Business,Fashion,Sports Cap,Central,Website,2,2619.93,5,No,4.2,5,UPI
ORD-105396,30-05-2025 07:00,CUST-10511,Small Business,Fashion,Backpack,Central,Website,2,523.82,30,No,4.5,2,Debit Card
ORD-105684,23-10-2024 23:00,CUST-10501,Consumer,Electronics,Power Bank,West,Mobile App,3,13782.06,10,No,3.9,3,Debit Card
ORD-101793,31-05-2024 20:00,CUST-10329,Small Business,Books,Leadership Book,South,Mobile App,1,1238.16,0,No,3.7,6,UPI
ORD-101200,24-04-2025 23:00,CUST-11686,Small Business,Electronics,Wireless Earbuds,West,Website,3,18421.08,0,Yes,4.3,1,Credit Card
ORD-103654,31-12-2024 02:00,CUST-10434,Consumer,Fashion,Hoodie,South,Mobile App,1,686.57,15,No,4.4,3,Credit Card
ORD-102880,23-01-2024 04:00,CUST-11384,Small Business,Home & Kitchen,Air Fryer,East,Website,2,620.51,0,No,5,2,Debit Card
ORD-104533,14-02-2025 08:00,CUST-11567,Consumer,Electronics,USB-C Hub,Central,Mobile App,1,19898.22,20,No,3.6,5,Credit Card
ORD-102526,12-09-2024 18:00,CUST-11252,Consumer,Home & Kitchen,Air Fryer,North,Website,4,11372.33,5,No,3.7,5,Wallet
ORD-100062,19-07-2024 04:00,CUST-11199,Small Business,Electronics,USB-C Hub,West,Marketplace,5,15766.3,5,No,4.7,4,UPI
ORD-102714,03-10-2024 13:00,CUST-10545,Small Business,Electronics,Bluetooth Speaker,West,Marketplace,4,14909.03,15,No,3.5,5,Wallet
ORD-105813,12-06-2025 12:00,CUST-11320,Consumer,Books,Leadership Book,South,Website,1,914.66,15,No,4.5,3,Net Banking
ORD-101346,12-04-2025 05:00,CUST-11264,Consumer,Beauty,Hair Dryer,West,Website,4,4184.11,0,No,4.1,3,UPI
ORD-105972,28-09-2024 15:00,CUST-11015,Consumer,Beauty,Skin Serum,West,Website,2,1499.47,5,No,4.5,2,Credit Card
ORD-104932,06-05-2025 03:00,CUST-11069,Consumer,Electronics,Power Bank,North,Marketplace,3,8275,15,No,3.6,4,UPI
ORD-105453,04-03-2025 11:00,CUST-10550,Consumer,Books,Fiction Novel,Central,Mobile App,4,343.92,0,No,5,2,Credit Card
ORD-101237,08-03-2024 15:00,CUST-10393,Enterprise,Books,Fiction Novel,South,Website,1,1287.23,0,No,4.2,1,UPI
ORD-103258,04-11-2024 04:00,CUST-10405,Consumer,Home & Kitchen,Desk Lamp,South,Mobile App,1,2773.18,15,No,3.7,1,Net Banking
ORD-103371,10-05-2024 03:00,CUST-10833,Consumer,Electronics,USB-C Hub,South,Website,2,2320.79,0,No,4.1,4,Debit Card
ORD-102708,02-02-2025 21:00,CUST-11128,Small Business,Electronics,Bluetooth Speaker,Central,Mobile App,6,12230.87,30,No,4.3,3,UPI
ORD-104733,23-05-2024 18:00,CUST-11127,Small Business,Electronics,Wireless Earbuds,East,Marketplace,2,11506.03,10,No,4,3,UPI
ORD-100572,03-06-2024 03:00,CUST-11735,Small Business,Home & Kitchen,Desk Lamp,North,Mobile App,2,7734.21,30,No,4,4,Credit Card
ORD-101138,10-02-2025 01:00,CUST-11609,Small Business,Fashion,Running Shoes,North,Website,1,2141.63,20,No,2.5,3,UPI
ORD-100508,26-05-2024 17:00,CUST-11944,Consumer,Fashion,Hoodie,West,Mobile App,2,5199.87,20,No,4.6,1,Credit Card
ORD-105693,06-05-2024 23:00,CUST-11299,Consumer,Electronics,Smart Watch,East,Mobile App,1,12844.63,0,No,4.1,3,Credit Card
ORD-101521,23-01-2025 12:00,CUST-10818,Consumer,Home & Kitchen,Water Bottle,South,Mobile App,8,10109.49,20,No,4.2,4,Debit Card
ORD-103416,02-12-2024 03:00,CUST-11771,Consumer,Home & Kitchen,Storage Set,West,Marketplace,3,5438.49,10,No,4.6,2,Credit Card
ORD-103219,24-08-2024 04:00,CUST-11710,Consumer,Home & Kitchen,Desk Lamp,West,Website,2,6261.81,15,Yes,3.6,3,Debit Card
ORD-101400,11-04-2025 15:00,CUST-11610,Consumer,Beauty,Skin Serum,Central,Website,3,1320.1,10,Yes,4.1,5,Debit Card
ORD-100366,13-09-2024 09:00,CUST-10219,Small Business,Fashion,Casual Shirt,East,Mobile App,10,5586.67,0,No,4.5,6,Debit Card
ORD-101951,28-11-2024 01:00,CUST-11497,Consumer,Beauty,Face Wash,South,Mobile App,2,3993.83,20,No,4.2,5,Credit Card
ORD-101738,02-01-2024 18:00,CUST-11759,Small Business,Electronics,Wireless Earbuds,Central,Mobile App,1,20867.22,20,No,4.3,2,Credit Card
ORD-103761,03-10-2024 00:00,CUST-10706,Consumer,Fashion,Running Shoes,Central,Website,6,5964.25,5,No,4.3,5,Debit Card
ORD-100026,07-08-2024 17:00,CUST-10920,Consumer,Electronics,Wireless Earbuds,West,Website,2,20009.66,5,No,3.5,1,UPI
ORD-100300,17-07-2024 14:00,CUST-10795,Consumer,Books,Business Strategy,Central,Website,3,489.37,15,No,5,4,Debit Card
ORD-104116,11-01-2024 04:00,CUST-10779,Consumer,Home & Kitchen,Desk Lamp,North,Website,2,2847.44,0,No,4.9,3,UPI
ORD-101891,13-05-2024 22:00,CUST-11495,Enterprise,Home & Kitchen,Air Fryer,East,Website,3,10764.74,5,No,3.9,1,Debit Card
ORD-101864,01-04-2025 01:00,CUST-10267,Small Business,Fashion,Backpack,North,Mobile App,4,1364.82,10,No,4.2,3,UPI
ORD-105857,18-07-2024 09:00,CUST-11199,Consumer,Books,Leadership Book,West,Mobile App,2,1243.1,10,No,3.5,2,Debit Card
ORD-105838,31-05-2024 17:00,CUST-11581,Consumer,Electronics,USB-C Hub,Central,Website,2,11448.23,20,No,3.9,6,UPI
ORD-105016,31-01-2024 15:00,CUST-10131,Consumer,Beauty,Perfume,East,Mobile App,1,3885.95,15,No,4.1,5,Credit Card
ORD-103722,13-02-2025 23:00,CUST-11320,Consumer,Home & Kitchen,Storage Set,Central,Website,1,10382.93,0,No,4.6,2,Debit Card
ORD-103453,09-07-2024 04:00,CUST-11223,Consumer,Electronics,Smart Watch,North,Mobile App,2,3589.59,0,No,2.9,5,Debit Card
ORD-105349,13-11-2024 19:00,CUST-11542,Consumer,Electronics,Wireless Earbuds,South,Marketplace,1,1227.42,5,Yes,4.6,3,UPI
ORD-103201,13-05-2025 16:00,CUST-10515,Consumer,Home & Kitchen,Desk Lamp,East,Mobile App,1,4763.79,20,No,4.7,3,UPI
ORD-101500,16-10-2024 06:00,CUST-10468,Consumer,Electronics,Bluetooth Speaker,East,Website,5,18447.22,30,No,4.8,4,Debit Card
ORD-100517,06-02-2024 08:00,CUST-10752,Consumer,Electronics,Bluetooth Speaker,West,Mobile App,8,8009.6,15,No,4.1,4,Wallet
ORD-104313,23-02-2024 10:00,CUST-10628,Consumer,Fashion,Sports Cap,North,Mobile App,4,5803.7,20,No,5,3,Credit Card
ORD-104493,23-05-2024 00:00,CUST-11017,Consumer,Electronics,Bluetooth Speaker,North,Mobile App,2,15057.63,20,No,4.6,4,Credit Card
ORD-104454,30-11-2024 09:00,CUST-11538,Consumer,Books,SQL Handbook,North,Website,1,400.33,0,No,4.5,5,Debit Card
ORD-101727,07-11-2024 04:00,CUST-10889,Small Business,Electronics,Power Bank,West,Marketplace,1,15148.36,10,No,3,2,Wallet
ORD-105020,25-04-2025 19:00,CUST-11725,Small Business,Electronics,Power Bank,West,Website,4,14114.07,15,No,5,3,Debit Card
ORD-104463,23-12-2024 21:00,CUST-11131,Consumer,Books,SQL Handbook,Central,Mobile App,5,341.98,15,No,4,1,UPI
ORD-104203,12-03-2024 09:00,CUST-10123,Enterprise,Books,Business Strategy,West,Mobile App,2,1379.86,0,No,4.4,4,UPI
ORD-100767,18-09-2024 18:00,CUST-10640,Enterprise,Home & Kitchen,Water Bottle,Central,Marketplace,5,4248.5,30,No,3.8,2,UPI
ORD-100866,23-03-2025 15:00,CUST-11874,Enterprise,Fashion,Casual Shirt,South,Website,1,1958.88,5,No,3.7,4,UPI
ORD-105805,22-03-2024 11:00,CUST-11540,Consumer,Fashion,Backpack,Central,Mobile App,1,5997.4,5,No,4.2,4,Credit Card
ORD-101517,27-01-2024 12:00,CUST-10992,Consumer,Home & Kitchen,Air Fryer,East,Mobile App,1,1681.93,30,No,4.4,4,UPI
ORD-104809,15-03-2025 23:00,CUST-11258,Consumer,Electronics,Smart Watch,North,Mobile App,2,8719.5,5,No,3.6,2,Credit Card
ORD-102854,30-01-2025 06:00,CUST-11861,Consumer,Electronics,Smart Watch,South,Mobile App,3,18972.45,110,No,4.3,4,Debit Card
ORD-104664,19-06-2024 16:00,CUST-10593,Small Business,Electronics,Smart Watch,South,Marketplace,1,15079.6,15,No,4.4,2,Debit Card
ORD-105817,18-05-2025 22:00,CUST-10446,Consumer,Beauty,Hair Dryer,Central,Website,1,1371.32,10,No,4.2,4,UPI
ORD-101206,08-10-2024 06:00,CUST-10949,Consumer,Electronics,Power Bank,North,Marketplace,1,9348.49,10,No,4.4,4,UPI
ORD-101606,21-03-2024 18:00,CUST-10590,Small Business,Books,Business Strategy,North,Website,6,267.69,20,No,4.5,2,Net Banking
ORD-103781,04-05-2024 10:00,CUST-11452,Small Business,Home & Kitchen,Coffee Maker,South,Mobile App,2,7248.47,20,No,4.6,2,Debit Card
ORD-102072,07-08-2024 21:00,CUST-11802,Consumer,Home & Kitchen,Coffee Maker,Central,Website,1,6208.68,0,No,3.6,6,UPI
ORD-105200,26-08-2024 05:00,CUST-11323,Consumer,Electronics,Wireless Earbuds,East,Mobile App,2,19646.3,10,No,4.4,4,Net Banking
ORD-102851,01-08-2024 18:00,CUST-10797,Enterprise,Books,Fiction Novel,West,Website,4,1403,0,No,3.9,4,Credit Card
ORD-105198,06-11-2024 09:00,CUST-11848,Consumer,Home & Kitchen,Desk Lamp,Central,Mobile App,4,5024.34,15,No,4.2,2,Debit Card
ORD-102019,08-09-2024 18:00,CUST-10418,Small Business,Home & Kitchen,Coffee Maker,Central,Mobile App,2,9936.63,5,No,4.8,4,Debit Card
ORD-104534,17-01-2024 06:00,CUST-11187,Consumer,Home & Kitchen,Desk Lamp,Central,Mobile App,4,3862.69,20,No,3.4,1,Debit Card
ORD-105581,01-04-2025 09:00,CUST-11685,Small Business,Home & Kitchen,Desk Lamp,Central,Marketplace,1,11765.15,15,No,3.6,5,Wallet
ORD-104914,28-02-2025 15:00,CUST-11648,Small Business,Books,Fiction Novel,North,Website,3,1419.33,0,No,3.7,1,Credit Card
ORD-105859,15-01-2025 17:00,CUST-11035,Consumer,Electronics,Power Bank,Central,Mobile App,10,15991.5,5,No,4.1,4,Credit Card
ORD-105036,14-05-2025 10:00,CUST-10132,Small Business,Home & Kitchen,Storage Set,South,Website,8,11586.07,20,No,4.1,4,UPI
ORD-104193,22-01-2024 06:00,CUST-11656,Consumer,Home & Kitchen,Air Fryer,Central,Mobile App,1,9480.52,5,No,3.4,4,Credit Card
ORD-104842,23-02-2024 16:00,CUST-10594,Consumer,Electronics,Power Bank,West,Website,3,7438.26,0,No,4.9,4,Credit Card
ORD-101072,17-02-2025 02:00,CUST-11745,Consumer,Home & Kitchen,Storage Set,North,Website,6,6854.03,0,No,3.7,4,Credit Card
ORD-105290,28-03-2025 09:00,CUST-11833,Enterprise,Beauty,Skin Serum,West,Mobile App,1,3230.83,10,No,3.8,4,Credit Card
ORD-104264,23-11-2024 08:00,CUST-10152,Consumer,Fashion,Backpack,North,Marketplace,3,5726.81,0,No,3.4,1,Net Banking
ORD-101405,25-03-2024 21:00,CUST-11906,Consumer,Fashion,Sports Cap,North,Mobile App,4,3188.17,10,No,5,4,UPI
ORD-105889,03-06-2024 20:00,CUST-10637,Consumer,Electronics,Wireless Earbuds,South,Mobile App,1,9027,20,No,4.2,3,Debit Card
ORD-105064,07-10-2024 15:00,CUST-11241,Consumer,Books,Data Analytics Guide,West,Mobile App,1,1615.14,10,Yes,3.6,4,Credit Card
ORD-102230,11-12-2024 11:00,CUST-10819,Enterprise,Beauty,Face Wash,North,Website,1,4624.57,5,No,5,5,Debit Card
ORD-103980,03-09-2024 04:00,CUST-10131,Enterprise,Books,Fiction Novel,North,Mobile App,2,301.85,0,No,3.3,2,Debit Card
ORD-104926,05-08-2024 17:00,CUST-11085,Consumer,Electronics,Smart Watch,Central,Website,1,21222.03,10,No,3.1,2,Credit Card
ORD-103210,08-06-2025 09:00,CUST-10218,Small Business,Electronics,Smart Watch,North,Website,3,16841.6,5,No,3.5,5,Debit Card
ORD-104132,02-02-2025 19:00,CUST-11423,Small Business,Electronics,Bluetooth Speaker,South,Mobile App,2,8229.33,20,No,2.8,6,Wallet
ORD-105962,29-03-2025 00:00,CUST-10678,Consumer,Fashion,Hoodie,North,Mobile App,3,2671.03,5,No,4.2,3,Net Banking
ORD-100173,29-01-2025 10:00,CUST-10541,Consumer,Books,Data Analytics Guide,South,Website,5,1110.16,0,No,3.7,2,UPI
ORD-104646,11-02-2025 06:00,CUST-11799,Consumer,Electronics,USB-C Hub,East,Website,3,15864.95,10,Yes,4.6,5,Wallet
ORD-105128,04-01-2025 14:00,CUST-10684,Small Business,Fashion,Backpack,North,Website,1,2599.54,20,No,4,5,UPI
ORD-104857,10-12-2024 21:00,CUST-10688,Small Business,Electronics,Wireless Earbuds,North,Website,4,17089.9,5,No,3.9,4,Debit Card
ORD-100379,23-05-2024 07:00,CUST-10033,Consumer,Books,Leadership Book,Central,Marketplace,5,644.45,10,No,3.4,3,UPI
ORD-100683,07-06-2025 14:00,CUST-11786,Small Business,Home & Kitchen,Air Fryer,East,Website,2,2142.46,15,No,4.3,3,UPI
ORD-101831,04-06-2025 09:00,CUST-11518,Consumer,Home & Kitchen,Coffee Maker,Central,Marketplace,6,987.44,15,No,,2,UPI
ORD-101822,13-06-2024 16:00,CUST-10524,Consumer,Fashion,Backpack,East,Mobile App,1,2172.39,15,No,3.6,5,Debit Card
ORD-105936,27-03-2024 18:00,CUST-10342,Consumer,Electronics,Power Bank,West,Mobile App,3,3583.89,10,No,5,3,Net Banking
ORD-103194,08-02-2025 00:00,CUST-11621,Consumer,Electronics,Bluetooth Speaker,Central,Website,1,13538.41,5,No,4.1,3,Credit Card
ORD-104661,12-11-2024 22:00,CUST-10086,Enterprise,Books,Leadership Book,West,Website,2,1774.7,20,No,2.9,2,Wallet
ORD-104936,08-06-2025 15:00,CUST-11930,Small Business,Electronics,Wireless Earbuds,Central,Website,1,17557.28,0,No,3.9,2,Net Banking
ORD-102213,04-03-2024 04:00,CUST-10160,Consumer,Books,Data Analytics Guide,North,Mobile App,5,665.33,10,No,3.5,5,UPI
ORD-101291,13-04-2025 13:00,CUST-11365,Small Business,Electronics,USB-C Hub,Central,Mobile App,4,12095.34,30,No,4.1,3,Credit Card
ORD-105066,14-10-2024 13:00,CUST-11483,Consumer,Electronics,Smart Watch,West,Website,2,7360.09,5,No,4.1,2,Credit Card
ORD-100938,09-09-2024 02:00,CUST-10357,Consumer,Home & Kitchen,Storage Set,East,Mobile App,1,9277.59,15,No,3,1,Wallet
ORD-104582,31-03-2024 01:00,CUST-10341,Enterprise,Electronics,Bluetooth Speaker,South,Marketplace,6,1478.16,5,No,4.7,4,Credit Card
ORD-102177,19-09-2024 10:00,CUST-10740,Small Business,Electronics,Wireless Earbuds,North,Website,4,18200.67,10,No,4.9,4,Net Banking
ORD-100963,28-04-2024 20:00,CUST-11827,Small Business,Electronics,Bluetooth Speaker,West,Marketplace,1,17174.62,10,No,3.4,3,Credit Card
ORD-102738,25-09-2024 19:00,CUST-10098,Small Business,Books,Business Strategy,Central,Website,4,790.33,30,No,4.2,2,Net Banking
ORD-102107,16-03-2024 17:00,CUST-11544,Consumer,Home & Kitchen,Storage Set,East,Mobile App,3,3055.62,0,No,5,3,Credit Card
ORD-100357,01-05-2025 21:00,CUST-10915,Small Business,Home & Kitchen,Desk Lamp,North,Website,1,3239.95,15,No,5,4,UPI
ORD-101351,02-08-2024 05:00,CUST-11453,Enterprise,Electronics,Wireless Earbuds,East,Marketplace,1,19697.71,0,No,3.9,5,Credit Card
ORD-105979,29-11-2024 07:00,CUST-10423,Consumer,Fashion,Casual Shirt,West,Website,5,1073.43,0,No,5,4,Debit Card
ORD-103800,19-05-2025 01:00,CUST-10857,Consumer,Home & Kitchen,Water Bottle,East,Mobile App,2,8758.95,5,No,3.5,3,Wallet
ORD-105473,09-04-2024 02:00,CUST-11823,Consumer,Electronics,Power Bank,East,Mobile App,6,14072.43,20,No,4.1,2,Net Banking
ORD-103289,11-04-2024 05:00,CUST-10045,Consumer,Books,Leadership Book,North,Marketplace,2,878.15,0,No,4.1,2,UPI
ORD-103414,22-11-2024 04:00,CUST-10038,Enterprise,Fashion,Casual Shirt,Central,Marketplace,5,1835.51,25,No,3.8,3,Credit Card
ORD-105006,28-09-2024 13:00,CUST-10791,Consumer,Fashion,Casual Shirt,Central,Mobile App,4,4886.66,25,Yes,4.3,1,UPI
ORD-104803,08-03-2025 14:00,CUST-10003,Consumer,Home & Kitchen,Storage Set,Central,Mobile App,5,8835.64,25,No,5,4,Net Banking
ORD-104670,22-02-2024 08:00,CUST-10455,Consumer,Books,Fiction Novel,South,Website,1,1729.93,0,No,3.8,2,Net Banking
ORD-100302,06-01-2024 09:00,CUST-11079,Small Business,Electronics,Bluetooth Speaker,East,Mobile App,1,19473.56,5,No,3.9,3,Wallet
ORD-100237,23-08-2024 22:00,CUST-10834,Small Business,Home & Kitchen,Desk Lamp,Central,Mobile App,3,3328.76,25,No,4.8,5,Wallet
ORD-104010,11-07-2024 18:00,CUST-10306,Consumer,Electronics,Bluetooth Speaker,North,Website,2,8532.79,0,No,3.6,6,Net Banking
ORD-102421,17-02-2025 20:00,CUST-10291,Consumer,Home & Kitchen,Air Fryer,South,Website,2,7013.6,25,No,4,5,UPI
ORD-102692,11-05-2025 22:00,CUST-11611,Consumer,Fashion,Backpack,North,Website,1,4493.33,15,Yes,4.2,4,Wallet
ORD-101417,27-08-2024 09:00,CUST-10731,Consumer,Electronics,Smart Watch,South,Mobile App,1,9461.05,10,No,4.2,5,Debit Card
ORD-103098,10-04-2024 05:00,CUST-11721,Consumer,Fashion,Backpack,West,Marketplace,5,5060.37,25,No,3.6,1,UPI
ORD-103723,26-06-2025 12:00,CUST-10550,Consumer,Electronics,Smart Watch,North,Mobile App,8,16837.34,0,No,4.5,2,Debit Card
ORD-102482,08-04-2024 10:00,CUST-10539,Consumer,Home & Kitchen,Coffee Maker,West,Website,1,10307.49,20,No,3.4,4,UPI
ORD-104973,25-02-2025 19:00,CUST-10738,Consumer,Electronics,Power Bank,East,Mobile App,1,3009.41,0,No,4.3,5,Debit Card
ORD-105758,20-10-2024 06:00,CUST-10738,Enterprise,Home & Kitchen,Desk Lamp,East,Mobile App,1,3295.34,20,No,4.5,2,Wallet
ORD-104013,24-09-2024 03:00,,Consumer,Fashion,Sports Cap,North,Website,1,1751,5,No,4.7,3,Wallet
ORD-103764,13-08-2024 06:00,CUST-10315,Consumer,Home & Kitchen,Water Bottle,West,Website,4,4944.44,15,No,2.7,4,Net Banking
ORD-105695,05-02-2024 01:00,CUST-10734,Consumer,Home & Kitchen,Storage Set,Central,Marketplace,2,11055.57,10,No,3.8,5,UPI
ORD-102630,25-05-2025 22:00,CUST-11559,Enterprise,Home & Kitchen,Air Fryer,West,Website,1,2942.49,5,No,3.3,1,UPI
ORD-105222,18-05-2025 00:00,CUST-10986,Consumer,Home & Kitchen,Coffee Maker,Central,Mobile App,1,3265.48,0,No,4.5,1,Debit Card
ORD-104241,29-05-2024 13:00,CUST-11901,Consumer,Home & Kitchen,Water Bottle,West,Mobile App,2,10627.37,0,No,4,3,Debit Card
ORD-104789,20-11-2024 23:00,CUST-10717,Consumer,Electronics,Power Bank,East,Marketplace,2,6252.84,0,No,3.8,5,UPI
ORD-105084,10-10-2024 17:00,CUST-11907,Small Business,Electronics,Bluetooth Speaker,North,Mobile App,1,19751.61,0,No,4.5,2,Debit Card
ORD-105567,10-07-2024 21:00,CUST-11858,Consumer,Home & Kitchen,Desk Lamp,West,Website,2,6241.61,30,No,3.4,6,Wallet
ORD-100605,19-10-2024 17:00,CUST-11116,Small Business,Electronics,Bluetooth Speaker,West,Website,1,16902.53,5,No,4.9,3,Credit Card
ORD-100538,22-10-2024 00:00,CUST-11590,Consumer,Electronics,Bluetooth Speaker,East,Website,3,18970.6,5,No,3.4,4,Wallet
ORD-105718,04-01-2024 14:00,CUST-10342,Consumer,Fashion,Casual Shirt,South,Website,1,1728.19,5,No,4.9,1,Debit Card
ORD-103465,13-02-2025 08:00,CUST-11292,Small Business,Books,Leadership Book,West,Marketplace,1,339.98,10,No,3.3,4,Debit Card
ORD-104334,15-05-2025 14:00,CUST-11810,Small Business,Home & Kitchen,Air Fryer,South,Mobile App,2,9075.67,20,No,3.8,3,Wallet
ORD-103409,15-09-2024 18:00,CUST-10133,Small Business,Electronics,Wireless Earbuds,Central,Mobile App,2,4239.06,25,No,4,1,Wallet
ORD-103830,05-05-2025 00:00,CUST-10981,Consumer,Home & Kitchen,Air Fryer,Central,Website,1,9695.44,25,No,3.8,2,Wallet
ORD-103306,30-05-2024 12:00,CUST-11793,Small Business,Fashion,Backpack,North,Website,4,2693.21,10,No,4.3,2,Debit Card
ORD-103964,19-04-2024 02:00,CUST-10612,Consumer,Electronics,Bluetooth Speaker,East,Website,2,8445.08,0,No,5,3,Debit Card
ORD-101592,28-07-2024 07:00,CUST-11398,Consumer,Beauty,Perfume,North,Mobile App,1,3302.33,10,No,3.8,2,UPI
ORD-104720,08-11-2024 10:00,CUST-11844,Consumer,Electronics,Power Bank,North,Mobile App,2,5791.28,10,No,4.1,3,Credit Card
ORD-102159,01-07-2024 10:00,CUST-11671,Consumer,Home & Kitchen,Desk Lamp,North,Website,5,11391.56,0,No,3.7,3,Credit Card
ORD-103331,09-04-2025 16:00,CUST-10691,Consumer,Books,Leadership Book,West,Website,1,1308.29,15,No,4.4,4,Debit Card
ORD-100388,02-05-2025 00:00,CUST-10667,Consumer,Home & Kitchen,Desk Lamp,East,Marketplace,4,9134.55,0,No,4.4,3,UPI
ORD-105751,28-04-2024 09:00,CUST-11835,Consumer,Home & Kitchen,Coffee Maker,South,Website,1,4429.24,0,No,4.8,2,Credit Card
ORD-103356,31-01-2024 23:00,CUST-11176,Small Business,Home & Kitchen,Desk Lamp,Central,Website,5,560.9,20,No,5,2,Net Banking
ORD-104527,20-02-2024 15:00,CUST-11117,Consumer,Beauty,Skin Serum,Central,Mobile App,2,675.95,10,No,4.2,2,Debit Card
ORD-102958,06-10-2024 21:00,CUST-11705,Consumer,Fashion,Sports Cap,South,Mobile App,1,5322.62,20,No,3.6,1,Debit Card
ORD-103079,01-09-2024 18:00,CUST-10507,Consumer,Books,SQL Handbook,South,Website,2,389.97,5,No,3.8,3,Net Banking
ORD-100932,20-05-2024 14:00,CUST-11306,Consumer,Fashion,Sports Cap,West,Marketplace,2,3105.09,0,Yes,3.7,5,Debit Card
ORD-102536,27-06-2024 00:00,CUST-11233,Consumer,Home & Kitchen,Storage Set,Central,Website,2,4635.52,25,No,4.8,6,Credit Card
ORD-104105,04-09-2024 02:00,CUST-10498,Consumer,Electronics,Power Bank,Central,Website,4,6492.56,0,No,4.7,2,Debit Card
ORD-105183,02-05-2025 16:00,CUST-11752,Small Business,Electronics,Bluetooth Speaker,North,Marketplace,4,2774.91,15,Yes,4.6,2,Debit Card
ORD-102137,13-01-2024 16:00,CUST-10928,Consumer,Electronics,Bluetooth Speaker,East,Marketplace,1,21469.06,5,No,3.8,2,Debit Card
ORD-100312,05-03-2024 21:00,CUST-10948,Consumer,Fashion,Casual Shirt,East,Marketplace,2,1535.51,10,No,2.9,1,UPI
ORD-102609,27-03-2025 11:00,CUST-10055,Consumer,Fashion,Sports Cap,South,Mobile App,6,5868.56,5,No,2.4,3,UPI
ORD-100456,21-03-2024 22:00,CUST-11208,Consumer,Books,Leadership Book,Central,Mobile App,3,603.06,20,Yes,4.2,5,Net Banking
ORD-103220,16-01-2025 23:00,CUST-11319,Consumer,Home & Kitchen,Storage Set,Central,Marketplace,1,2619.92,0,No,3.1,3,Credit Card
ORD-103818,08-12-2024 05:00,CUST-11576,Consumer,Electronics,Power Bank,East,Mobile App,1,1731.75,10,No,4.5,4,UPI
ORD-105452,05-04-2025 06:00,CUST-11357,Consumer,Electronics,Smart Watch,South,Marketplace,1,20924.97,15,No,4,2,UPI
ORD-100082,28-03-2024 17:00,CUST-11504,Small Business,Fashion,Hoodie,West,Mobile App,8,2279.75,10,No,3.5,6,UPI
ORD-102806,06-06-2024 16:00,CUST-10829,Consumer,Fashion,Sports Cap,Central,Website,3,3345.06,10,No,3,2,UPI
ORD-105070,11-05-2025 11:00,CUST-10708,Consumer,Home & Kitchen,Coffee Maker,Central,Mobile App,4,11937.75,25,No,4.1,5,UPI
ORD-103240,24-04-2024 00:00,CUST-10069,Consumer,Fashion,Sports Cap,West,Mobile App,1,3821.23,15,No,3.3,3,UPI
ORD-101114,16-04-2024 03:00,CUST-10063,Small Business,Beauty,Skin Serum,Central,Marketplace,1,747.57,5,No,4.7,3,UPI
ORD-101408,01-01-2024 20:00,CUST-11745,Consumer,Books,Fiction Novel,West,Website,2,430.13,20,No,4.8,4,Debit Card
ORD-101508,16-04-2025 09:00,CUST-10682,Consumer,Beauty,Perfume,Central,Website,1,1540.83,20,Yes,3.6,4,Wallet
ORD-100183,15-01-2025 05:00,CUST-11239,Consumer,Electronics,USB-C Hub,Central,Website,4,14326.86,20,No,4.6,3,Debit Card
ORD-103876,14-01-2025 10:00,CUST-11828,Consumer,Electronics,Power Bank,South,Mobile App,3,19899.28,5,No,3.7,6,Debit Card
ORD-104137,21-05-2024 08:00,CUST-10895,Small Business,Electronics,USB-C Hub,North,Mobile App,1,5679.83,5,No,4,3,Credit Card
ORD-101559,12-04-2025 03:00,CUST-11662,Small Business,Fashion,Sports Cap,North,Website,1,4433.24,0,No,3.6,5,Debit Card
ORD-101470,05-05-2025 05:00,CUST-10112,Consumer,Books,Leadership Book,North,Website,2,1258.83,25,No,4.5,3,Credit Card
ORD-104190,22-08-2024 08:00,CUST-11154,Small Business,Fashion,Sports Cap,East,Mobile App,3,2015.4,20,Yes,3.9,5,Wallet
ORD-103049,21-01-2025 16:00,CUST-10469,Consumer,Fashion,Sports Cap,West,Mobile App,1,5889.62,5,No,4.3,5,Debit Card
ORD-101402,12-06-2024 15:00,CUST-10789,Small Business,Electronics,Smart Watch,East,Website,3,8706.62,10,No,5,5,Net Banking
ORD-103853,11-07-2024 07:00,CUST-10041,Consumer,Home & Kitchen,Storage Set,North,Website,2,5360.02,0,No,4.8,4,Credit Card
ORD-103657,18-05-2025 06:00,CUST-11021,Small Business,Books,Leadership Book,North,Mobile App,2,1460.39,5,Yes,4.4,2,UPI
ORD-102379,22-12-2024 20:00,CUST-10455,Consumer,Beauty,Skin Serum,North,Mobile App,2,2582.4,30,No,4,4,UPI
ORD-103149,29-02-2024 07:00,CUST-10140,Consumer,Beauty,Perfume,South,Website,1,4746.9,15,No,4.6,1,Wallet
ORD-102556,12-03-2025 00:00,CUST-10692,Consumer,Home & Kitchen,Storage Set,South,Marketplace,1,862.33,10,No,4.3,3,UPI
ORD-100917,04-03-2025 03:00,CUST-10899,Consumer,Fashion,Backpack,South,Mobile App,3,5110.54,0,Yes,3.8,4,Debit Card
ORD-103835,30-01-2025 18:00,CUST-11369,Enterprise,Electronics,Smart Watch,East,Marketplace,2,16474.74,0,No,3.7,4,UPI
ORD-103253,21-07-2024 21:00,CUST-10301,Consumer,Home & Kitchen,Coffee Maker,South,Marketplace,2,3266.4,30,No,4.9,1,
ORD-103511,11-11-2024 22:00,CUST-10577,Consumer,Electronics,USB-C Hub,North,Website,2,13716.36,15,No,4,5,Credit Card
ORD-103089,12-09-2024 06:00,CUST-11617,Consumer,Beauty,Skin Serum,West,Mobile App,2,2758.07,15,No,4.2,5,Debit Card
ORD-105783,19-06-2025 19:00,CUST-11736,Consumer,Electronics,Wireless Earbuds,South,Marketplace,10,21468,0,No,4,2,Debit Card
ORD-104552,24-02-2024 01:00,CUST-11803,Consumer,Home & Kitchen,Desk Lamp,West,Mobile App,2,9238.73,20,No,3.8,4,Debit Card
ORD-105624,23-04-2024 12:00,CUST-10617,Consumer,Home & Kitchen,Water Bottle,North,Website,2,11664.59,5,No,4.2,4,Credit Card
ORD-105050,25-08-2024 02:00,CUST-10258,Consumer,Home & Kitchen,Air Fryer,North,Mobile App,1,6365.25,5,No,4.5,6,Debit Card
ORD-102855,12-02-2024 06:00,CUST-10145,Consumer,Beauty,Body Lotion,Central,Mobile App,2,3156.16,5,No,4.2,5,UPI
ORD-105835,11-04-2025 12:00,CUST-11204,Consumer,Electronics,Smart Watch,South,Mobile App,2,18469.16,10,No,3.8,5,Debit Card
ORD-105709,17-02-2025 22:00,CUST-10307,Small Business,Home & Kitchen,Coffee Maker,South,Website,3,8793.87,20,No,3.6,1,UPI
ORD-104813,30-10-2024 12:00,CUST-10049,Consumer,Electronics,Smart Watch,South,Mobile App,3,13011.26,0,No,4.1,5,Net Banking
ORD-104130,05-01-2024 13:00,CUST-11208,Small Business,Home & Kitchen,Air Fryer,North,Website,5,810.2,15,No,3.9,4,Wallet
ORD-105246,15-11-2024 00:00,CUST-10415,Small Business,Electronics,Power Bank,North,Mobile App,4,2905.3,20,No,4.1,3,Wallet
ORD-100449,05-06-2024 09:00,CUST-10792,Consumer,Beauty,Face Wash,West,Marketplace,1,2385.26,30,No,3.9,3,Debit Card
ORD-100277,03-03-2025 09:00,CUST-10795,Consumer,Fashion,Hoodie,South,Website,3,4153.79,15,No,3.8,3,Wallet
ORD-104076,19-06-2025 01:00,CUST-10664,Consumer,Electronics,Wireless Earbuds,South,Website,4,2741.55,15,No,4.3,4,UPI
ORD-102876,28-12-2024 17:00,CUST-11460,Consumer,Fashion,Backpack,West,Mobile App,5,5577.27,20,Yes,3.7,3,Credit Card
ORD-105243,07-06-2025 23:00,CUST-11401,Consumer,Home & Kitchen,Coffee Maker,North,Marketplace,3,8037.32,0,Yes,4.7,2,UPI
ORD-104044,13-08-2024 16:00,CUST-11928,Consumer,Books,Leadership Book,West,Mobile App,4,1487.03,5,No,3.2,4,Credit Card
ORD-101613,13-01-2025 11:00,CUST-10928,Enterprise,Home & Kitchen,Desk Lamp,South,Website,1,8502.28,15,No,3.9,3,Wallet
ORD-100037,27-03-2025 22:00,CUST-11089,Small Business,Electronics,Smart Watch,East,Marketplace,2,12262.2,20,No,4.4,5,Debit Card
ORD-104561,17-08-2024 11:00,CUST-11377,Consumer,Home & Kitchen,Air Fryer,West,Website,2,4614.38,15,No,3.6,5,Credit Card
ORD-105867,26-04-2025 13:00,CUST-11065,Small Business,Home & Kitchen,Desk Lamp,Central,Website,1,2737.26,0,No,4.5,4,Debit Card
ORD-101283,13-03-2025 07:00,CUST-11735,Consumer,Electronics,Wireless Earbuds,South,Marketplace,1,6193.25,0,No,2.7,3,Debit Card
ORD-101524,25-11-2024 14:00,CUST-10613,Small Business,Beauty,Face Wash,Central,Website,4,1492.92,0,No,4.1,5,Credit Card
ORD-105005,03-06-2025 00:00,CUST-11546,Consumer,Fashion,Backpack,Central,Website,6,1552.93,25,No,4.9,1,Debit Card
ORD-102346,27-06-2024 17:00,CUST-11894,Consumer,Beauty,Perfume,north,Website,2,302.81,10,No,3.6,3,Credit Card
ORD-103573,29-06-2024 07:00,CUST-11225,Consumer,Fashion,Casual Shirt,East,Website,1,4635.19,10,No,3.9,2,Credit Card
ORD-102289,15-08-2024 12:00,CUST-11192,Consumer,Fashion,Backpack,Central,Marketplace,2,2547.97,5,No,3.2,3,UPI
ORD-100261,03-04-2024 03:00,CUST-10610,Consumer,Fashion,Running Shoes,East,Website,3,3078.39,20,No,3.9,4,UPI
ORD-101363,20-04-2024 06:00,CUST-10377,Consumer,Books,Business Strategy,West,Website,1,1753.5,10,Yes,3.8,4,UPI
ORD-101093,02-08-2024 08:00,CUST-10270,Consumer,Electronics,Smart Watch,West,Website,3,17028.22,5,No,3.7,6,UPI
ORD-104777,12-02-2025 11:00,CUST-10230,Consumer,Books,Business Strategy,West,Marketplace,2,923.63,10,No,4.7,2,Credit Card
ORD-102852,03-03-2024 06:00,CUST-11383,Small Business,Electronics,USB-C Hub,West,Website,3,15453.58,5,No,3.1,3,Credit Card
ORD-101715,24-04-2025 14:00,CUST-10770,Small Business,Electronics,Smart Watch,North,Website,1,4368.19,5,No,5,2,Credit Card
ORD-101193,18-01-2025 21:00,CUST-10862,Consumer,Beauty,Face Wash,Central,Website,4,1933.62,20,No,4.2,4,UPI
ORD-100848,23-03-2025 17:00,CUST-11032,Small Business,Electronics,Bluetooth Speaker,West,Marketplace,6,2073.81,25,No,4.2,1,Debit Card
ORD-104679,07-02-2024 18:00,CUST-10133,Consumer,Books,Data Analytics Guide,West,Website,3,836.14,5,No,3.9,6,UPI
ORD-101640,29-01-2025 00:00,CUST-10350,Consumer,Electronics,Smart Watch,North,Marketplace,1,3917.91,10,No,3.8,1,Wallet
ORD-101282,02-08-2024 19:00,CUST-10292,Consumer,Fashion,Running Shoes,East,Mobile App,3,5985.19,5,No,4.7,1,Credit Card
ORD-104955,15-04-2024 09:00,CUST-10750,Consumer,Fashion,Sports Cap,East,Website,2,1282.55,0,No,4.5,3,Credit Card
ORD-101835,16-03-2024 05:00,CUST-10090,Consumer,Beauty,Hair Dryer,North,Marketplace,3,3997.33,15,No,3.6,3,UPI
ORD-100165,20-03-2025 11:00,CUST-10504,Small Business,Fashion,Running Shoes,South,Website,1,946.05,0,No,3.8,3,Credit Card
ORD-100720,16-03-2024 23:00,CUST-11869,Consumer,Fashion,Casual Shirt,South,Mobile App,6,2122.93,15,No,3.2,4,UPI
ORD-103462,18-04-2025 13:00,CUST-10150,Consumer,Fashion,Backpack,North,Website,1,4768.66,0,No,4.7,2,Wallet
ORD-100412,01-06-2024 12:00,CUST-11920,Consumer,Fashion,Sports Cap,North,Website,8,5532.77,20,No,5,1,Wallet
ORD-101676,22-03-2024 18:00,CUST-11920,Enterprise,Electronics,Wireless Earbuds,North,Mobile App,2,11395.17,30,No,5,4,Credit Card
ORD-104528,30-08-2024 06:00,CUST-10100,Consumer,Home & Kitchen,Desk Lamp,Central,Marketplace,1,1361.48,5,No,3.9,4,Debit Card
ORD-102103,11-03-2024 15:00,CUST-10156,Small Business,Fashion,Running Shoes,West,Mobile App,6,5953.03,10,No,4,3,UPI
ORD-105951,23-03-2025 11:00,CUST-10915,Small Business,Fashion,Hoodie,West,Marketplace,1,4641.17,0,No,3.3,3,Wallet
ORD-104530,17-01-2024 11:00,CUST-10511,Consumer,Electronics,Bluetooth Speaker,East,Mobile App,3,13130.73,20,No,4.5,5,Credit Card
ORD-100855,08-04-2025 19:00,CUST-10720,Small Business,Electronics,USB-C Hub,West,Mobile App,2,14317.08,20,No,5,3,Credit Card
ORD-105798,03-11-2024 04:00,CUST-11797,Consumer,Electronics,Power Bank,North,Website,1,2047.58,10,No,4.5,5,Wallet
ORD-102809,13-04-2024 09:00,CUST-11637,Consumer,Beauty,Skin Serum,West,Marketplace,1,281.39,15,No,4.4,3,Credit Card
ORD-103042,28-06-2024 03:00,CUST-11811,Consumer,Beauty,Body Lotion,North,Mobile App,5,726.42,10,No,5,5,Net Banking
ORD-105764,20-06-2024 19:00,CUST-10650,Consumer,Home & Kitchen,Storage Set,South,Marketplace,1,2059.29,15,No,,7,UPI
ORD-103435,27-11-2024 02:00,CUST-10738,Consumer,Home & Kitchen,Desk Lamp,East,Mobile App,4,4887.78,15,No,3.4,5,Wallet
ORD-100320,24-06-2024 02:00,CUST-10563,Consumer,Electronics,Wireless Earbuds,East,Website,5,10828.69,5,No,3.4,1,
ORD-102595,31-03-2024 16:00,CUST-10280,Consumer,Fashion,Backpack,Central,Website,2,4099.55,10,No,4.4,5,UPI
ORD-103132,19-02-2025 02:00,CUST-10759,Consumer,Beauty,Perfume,North,WEBSITE,1,4027.06,15,Yes,4.1,3,Net Banking
ORD-104638,02-12-2024 01:00,CUST-11558,Consumer,Fashion,Sports Cap,Central,Mobile App,2,1307.27,0,No,3.2,2,Wallet
ORD-102816,02-01-2025 23:00,CUST-11212,Small Business,Home & Kitchen,Water Bottle,South,Mobile App,4,9223.98,10,No,4.4,6,Credit Card
ORD-104023,05-06-2024 11:00,CUST-10685,Consumer,Home & Kitchen,Water Bottle,West,Website,6,7912.67,0,No,4.7,4,UPI
ORD-103472,05-02-2025 05:00,CUST-10414,Small Business,Books,Data Analytics Guide,East,Marketplace,5,1266,15,No,4.7,1,Credit Card
ORD-102566,13-03-2025 04:00,CUST-11117,Consumer,Fashion,Casual Shirt,West,Website,2,4160.95,0,No,3.7,2,Debit Card
ORD-104449,05-05-2025 13:00,CUST-11744,Enterprise,Home & Kitchen,Air Fryer,South,Marketplace,3,3737.36,15,No,3.4,5,Net Banking
ORD-105085,04-07-2024 11:00,CUST-10866,Consumer,Beauty,Hair Dryer,West,Mobile App,1,2031.78,20,No,3.9,2,Credit Card
ORD-105335,08-02-2024 06:00,CUST-11040,Small Business,Fashion,Sports Cap,Central,Mobile App,1,5061.39,20,No,2.8,2,Credit Card
ORD-102647,05-03-2025 13:00,CUST-10936,Small Business,Electronics,USB-C Hub,Central,Website,3,18600.27,20,No,4.3,4,UPI
ORD-104942,02-04-2025 04:00,CUST-11790,Consumer,Fashion,Casual Shirt,East,Website,1,1726.13,0,No,5,3,Credit Card
ORD-102762,17-07-2024 23:00,CUST-10269,Small Business,Beauty,Hair Dryer,South,Website,1,2913.04,20,No,3,6,Debit Card
ORD-105056,01-06-2025 07:00,CUST-10848,Small Business,Fashion,Sports Cap,West,Marketplace,2,5054.56,25,No,4.4,3,Credit Card
ORD-102469,26-04-2024 21:00,CUST-10748,Consumer,Electronics,Smart Watch,East,Mobile App,1,20669.66,15,No,4.5,4,Credit Card
ORD-100112,30-10-2024 09:00,CUST-10737,Consumer,Fashion,Backpack,North,Mobile App,3,4538.8,20,No,4.6,1,Net Banking
ORD-100077,03-05-2024 21:00,CUST-10757,Consumer,Fashion,Hoodie,Central,Mobile App,2,5945.05,5,Yes,4.8,2,Credit Card
ORD-100321,28-02-2024 19:00,CUST-10467,Consumer,Home & Kitchen,Coffee Maker,Central,Marketplace,2,5265.72,10,No,3.8,3,Debit Card
ORD-102574,26-02-2025 01:00,CUST-11503,Small Business,Home & Kitchen,Air Fryer,North,Marketplace,1,6075.94,5,No,3.9,6,Wallet
ORD-100655,17-10-2024 21:00,CUST-11792,Consumer,Electronics,Wireless Earbuds,Central,Website,2,11021.55,15,No,2.9,1,Credit Card
ORD-104915,25-02-2024 06:00,CUST-11269,Small Business,Books,Business Strategy,South,Website,1,919.23,0,No,4.7,3,Credit Card
ORD-105206,20-01-2025 06:00,CUST-10117,Consumer,Home & Kitchen,Water Bottle,North,Mobile App,2,10794.69,25,No,3.8,4,Wallet
ORD-102582,08-06-2024 00:00,CUST-11740,Enterprise,Home & Kitchen,Air Fryer,Central,Website,1,5914.39,0,No,3.8,2,Debit Card
ORD-100923,20-03-2024 05:00,CUST-10238,Consumer,Books,Business Strategy,West,Marketplace,1,567.08,0,No,4.8,1,UPI
ORD-103692,16-04-2024 14:00,CUST-10618,Small Business,Books,Leadership Book,West,Website,4,929.39,0,No,3.7,3,Credit Card
ORD-103274,12-05-2024 18:00,CUST-10302,Consumer,Electronics,Wireless Earbuds,East,Mobile App,2,14107.28,15,No,2.3,3,Credit Card
ORD-105702,31-05-2024 09:00,CUST-10112,Consumer,Electronics,Bluetooth Speaker,South,Mobile App,2,5372.63,5,No,4.6,2,Credit Card
ORD-100750,08-06-2025 21:00,CUST-10765,Small Business,Electronics,Power Bank,North,Mobile App,1,20158.78,5,No,4.4,6,Debit Card
ORD-102487,31-01-2024 04:00,CUST-10458,Consumer,Electronics,Bluetooth Speaker,Central,Website,1,18168.78,15,No,4.6,4,Wallet
ORD-102226,24-04-2025 06:00,CUST-10249,Consumer,Electronics,USB-C Hub,West,Mobile App,4,1498.67,30,No,4.4,5,Credit Card
ORD-103640,28-01-2025 22:00,CUST-10375,Small Business,Electronics,Power Bank,South,Mobile App,4,1945.1,10,No,2.9,1,Debit Card
ORD-105174,21-04-2024 17:00,CUST-10272,Small Business,Electronics,USB-C Hub,West,Website,3,8959.22,25,No,2.6,2,UPI
ORD-104939,03-07-2024 21:00,CUST-11925,Consumer,Fashion,Casual Shirt,East,Mobile App,1,965.47,15,No,3.5,4,Wallet
ORD-104840,20-02-2025 15:00,CUST-10267,Small Business,Books,SQL Handbook,North,Mobile App,1,722.55,30,No,4,3,UPI
ORD-100974,21-03-2024 18:00,CUST-10727,Consumer,Electronics,Wireless Earbuds,South,Mobile App,2,1908.74,10,No,2.6,1,Wallet
ORD-102819,21-01-2025 12:00,CUST-10165,Small Business,Home & Kitchen,Coffee Maker,South,Website,5,4587.8,10,No,3.5,3,Debit Card
ORD-102344,16-11-2024 19:00,CUST-11882,Consumer,Home & Kitchen,Water Bottle,North,Marketplace,4,4431.66,15,No,3.3,5,UPI
ORD-102803,04-02-2024 11:00,CUST-11284,Consumer,Fashion,Running Shoes,West,Marketplace,3,880.96,20,No,5,6,Debit Card
ORD-102061,02-11-2024 18:00,CUST-10866,Small Business,Electronics,USB-C Hub,North,Mobile App,1,5481.13,10,Yes,4.7,4,Credit Card
ORD-105959,22-04-2025 20:00,CUST-10542,Consumer,Fashion,Sports Cap,West,Website,1,3848.73,25,No,5,6,Wallet
ORD-104810,21-04-2024 03:00,CUST-11190,Small Business,Electronics,Power Bank,North,Website,5,20539.11,0,No,3.6,3,UPI
ORD-102613,22-11-2024 04:00,CUST-11126,Consumer,Fashion,Backpack,South,Website,1,2086.94,0,No,4.1,2,Credit Card
ORD-102711,14-01-2024 02:00,CUST-11298,Enterprise,Fashion,Casual Shirt,West,Marketplace,2,3809.1,20,No,3.6,5,UPI
ORD-100799,29-08-2024 12:00,CUST-10741,Consumer,Electronics,Smart Watch,Central,Marketplace,1,14444.92,0,No,4.5,3,UPI
ORD-105608,27-11-2024 18:00,CUST-11038,Consumer,Electronics,USB-C Hub,North,Website,3,15772.88,20,No,4.4,2,Wallet
ORD-104905,16-12-2024 07:00,CUST-10219,Consumer,Electronics,Bluetooth Speaker,West,Marketplace,2,5337.98,20,No,4.2,2,UPI
ORD-103912,14-04-2024 12:00,CUST-11368,Consumer,Fashion,Running Shoes,West,Website,2,1972.1,20,No,3.7,4,Net Banking
ORD-101132,09-03-2025 19:00,CUST-11673,Consumer,Home & Kitchen,Storage Set,East,Website,3,4470.1,5,No,4.2,2,Wallet
ORD-101987,25-04-2024 17:00,CUST-10612,Consumer,Electronics,Wireless Earbuds,South,Mobile App,3,21966.44,25,No,3,3,Credit Card
ORD-104934,26-07-2024 11:00,CUST-10051,Consumer,Fashion,Casual Shirt,South,Marketplace,2,3873.98,25,No,4,5,Debit Card
ORD-104177,26-01-2025 09:00,CUST-10911,Small Business,Books,SQL Handbook,South,Website,1,1308.19,15,No,3,3,Credit Card
ORD-104890,02-04-2025 15:00,CUST-11645,Consumer,Fashion,Backpack,North,Website,2,1358.52,15,No,3.7,2,UPI
ORD-104121,31-05-2025 05:00,CUST-11940,Small Business,Electronics,USB-C Hub,North,Website,5,21003.73,10,No,4.3,4,Debit Card
ORD-104768,02-03-2024 23:00,CUST-11322,Small Business,Books,Data Analytics Guide,Central,Marketplace,2,908.98,15,No,3.5,3,Wallet
ORD-102986,12-02-2025 05:00,CUST-11908,Consumer,Electronics,Smart Watch,Central,Marketplace,3,19114.88,0,No,2.9,2,
ORD-101919,16-10-2024 06:00,CUST-10163,Consumer,Home & Kitchen,Coffee Maker,Central,Website,6,11460,5,Yes,4.1,2,Credit Card
ORD-105201,12-08-2024 12:00,CUST-11309,Small Business,Books,SQL Handbook,West,Website,3,357.12,30,No,4.3,3,Credit Card
ORD-104930,09-01-2024 04:00,CUST-11352,Consumer,Home & Kitchen,Air Fryer,South,Website,1,10799.48,0,No,4.7,4,UPI
ORD-103782,27-02-2024 05:00,CUST-11745,Consumer,Fashion,Running Shoes,North,Marketplace,2,3221.9,0,No,3.6,3,Debit Card
ORD-101533,12-04-2024 19:00,CUST-11188,Small Business,Home & Kitchen,Coffee Maker,West,Mobile App,3,10959.97,15,No,4.3,6,Credit Card
ORD-104307,12-03-2025 09:00,CUST-11456,Small Business,Beauty,Body Lotion,South,Website,8,2475.8,15,No,3.7,4,Debit Card
ORD-105204,12-10-2024 05:00,CUST-10466,Small Business,Home & Kitchen,Water Bottle,North,Website,4,2925.16,20,No,3.7,5,Net Banking
ORD-103470,01-05-2024 22:00,CUST-11429,Consumer,Home & Kitchen,Storage Set,South,Website,2,3065.08,0,No,4.1,3,UPI
ORD-100264,24-06-2025 09:00,CUST-11846,Consumer,Home & Kitchen,Air Fryer,East,Mobile App,2,8796,30,No,3.9,4,Debit Card
ORD-101020,31-01-2024 13:00,CUST-11294,Consumer,Electronics,Wireless Earbuds,East,Website,4,19735.68,25,No,4.8,1,UPI
ORD-102811,05-06-2024 04:00,CUST-11176,Small Business,Electronics,Bluetooth Speaker,East,Mobile App,5,6759.95,10,No,3.3,2,UPI
ORD-105391,31-03-2024 13:00,CUST-10656,Consumer,Home & Kitchen,Water Bottle,North,Mobile App,1,4500.85,30,No,4.3,1,Credit Card
ORD-103346,25-11-2024 00:00,CUST-10160,Small Business,Books,Business Strategy,East,Mobile App,2,907.53,25,No,4.2,1,Net Banking
ORD-102593,21-02-2024 16:00,CUST-10136,Consumer,Electronics,Smart Watch,West,Marketplace,10,20241.66,15,No,4.5,2,Credit Card
ORD-102932,29-03-2024 12:00,CUST-11759,Consumer,Home & Kitchen,Air Fryer,South,Mobile App,4,10050.02,20,No,4.4,3,Debit Card
ORD-100781,13-12-2024 20:00,CUST-11928,Small Business,Beauty,Body Lotion,East,Marketplace,6,3742.31,5,No,4.2,1,Net Banking
ORD-105881,22-06-2025 17:00,CUST-11154,Consumer,Books,Fiction Novel,North,Mobile App,1,753.4,0,No,4.3,5,Credit Card
ORD-101980,25-12-2024 01:00,CUST-11153,Small Business,Books,Data Analytics Guide,West,Mobile App,1,1179.4,20,No,4.2,5,Wallet
ORD-104393,06-02-2024 20:00,CUST-11114,Consumer,Beauty,Face Wash,East,Website,1,4913.2,10,No,4.9,3,UPI
ORD-103715,05-06-2024 15:00,CUST-11683,Consumer,Beauty,Body Lotion,Central,Marketplace,2,1684.44,15,No,3.5,5,Credit Card
ORD-104844,14-02-2025 03:00,CUST-11410,Consumer,Electronics,USB-C Hub,West,Website,3,18135.74,5,No,3.2,5,Debit Card
ORD-100544,29-03-2025 18:00,CUST-10848,Small Business,Home & Kitchen,Water Bottle,East,Website,4,5460.97,15,No,4,4,Debit Card
ORD-101757,28-11-2024 09:00,CUST-11791,Small Business,Books,Business Strategy,South,Mobile App,1,910.18,25,No,5,3,Wallet
ORD-103448,26-11-2024 14:00,CUST-10862,Consumer,Fashion,Backpack,North,Mobile App,4,5579.97,0,Yes,4.4,3,UPI
ORD-101079,01-04-2025 15:00,CUST-11691,Small Business,Home & Kitchen,Air Fryer,South,Website,1,11927.61,10,No,4.4,4,Debit Card
ORD-102038,23-06-2025 11:00,CUST-10500,Consumer,Books,Fiction Novel,West,Website,1,1560.19,5,No,3.7,2,Debit Card
ORD-103241,23-04-2024 13:00,CUST-10993,Consumer,Electronics,USB-C Hub,East,Website,2,17859.18,0,No,4.9,4,Wallet
ORD-102236,16-05-2024 04:00,CUST-11282,Consumer,Electronics,Bluetooth Speaker,West,Marketplace,2,20854.76,5,No,3.9,2,Wallet
ORD-104483,03-02-2024 02:00,CUST-10882,Small Business,Beauty,Face Wash,Central,Marketplace,4,1286.2,0,No,4.3,4,Credit Card
ORD-104185,08-11-2024 07:00,CUST-11150,Consumer,Home & Kitchen,Desk Lamp,West,Website,1,2088.54,5,No,3.4,5,UPI
ORD-104826,17-04-2024 12:00,,Small Business,Beauty,Face Wash,South,Website,2,3634.53,15,No,5,4,UPI
ORD-104583,21-01-2025 16:00,CUST-11406,Consumer,Beauty,Skin Serum,West,Website,4,4097.56,10,No,,4,Debit Card
ORD-105923,13-06-2025 13:00,CUST-10667,Consumer,Home & Kitchen,Air Fryer,Central,Website,2,6206.82,25,No,3.7,3,Debit Card
ORD-104066,11-04-2025 11:00,CUST-10139,Consumer,Fashion,Sports Cap,South,Mobile App,5,1406.31,5,No,3,5,Credit Card
ORD-102088,15-06-2024 13:00,CUST-10987,Consumer,Books,Business Strategy,West,Marketplace,2,1020.35,5,No,3.9,5,Wallet
ORD-104019,10-01-2025 10:00,CUST-10514,Consumer,Fashion,Sports Cap,South,Website,2,5976.47,15,No,5,5,UPI
ORD-104996,11-02-2025 17:00,CUST-10848,Small Business,Electronics,Bluetooth Speaker,Central,Website,1,20870.36,0,No,3.4,3,Net Banking
ORD-105175,31-03-2024 15:00,CUST-10889,Consumer,Books,Data Analytics Guide,East,Website,5,806.75,5,No,3.6,1,UPI
ORD-102205,11-03-2025 11:00,CUST-11296,Small Business,Electronics,Power Bank,South,Website,4,3567.77,5,No,3.8,1,Debit Card
ORD-100943,15-09-2024 21:00,CUST-11370,Enterprise,Fashion,Running Shoes,North,Website,2,5059.58,0,No,4.2,3,UPI
ORD-102951,04-10-2024 11:00,CUST-10158,Consumer,Home & Kitchen,Air Fryer,South,Website,5,8613.55,5,No,4.1,3,Debit Card
ORD-100870,06-09-2024 02:00,CUST-11736,Consumer,Home & Kitchen,Air Fryer,South,Website,2,10867.37,5,No,3.7,1,Wallet
ORD-104318,10-04-2025 02:00,CUST-11731,Consumer,Home & Kitchen,Coffee Maker,South,Marketplace,1,5251.42,5,No,4.1,3,Debit Card
ORD-102315,01-01-2024 06:00,CUST-10151,Small Business,Home & Kitchen,Desk Lamp,West,Mobile App,2,1464.69,20,No,4.1,2,Debit Card
ORD-105913,26-03-2024 17:00,CUST-10832,Small Business,Home & Kitchen,Desk Lamp,North,Marketplace,1,11917.66,0,No,4.2,5,Net Banking
ORD-101992,05-06-2024 19:00,CUST-10167,Consumer,Fashion,Running Shoes,West,Marketplace,3,3567.95,10,No,5,3,UPI
ORD-102817,18-04-2025 14:00,CUST-11673,Small Business,Electronics,Smart Watch,North,Website,6,20805.28,0,No,3.7,4,Debit Card
ORD-101028,04-11-2024 16:00,CUST-11634,Consumer,Home & Kitchen,Storage Set,North,Mobile App,1,3312.65,5,No,4.6,4,Credit Card
ORD-103664,07-10-2024 04:00,CUST-10028,Consumer,Electronics,Wireless Earbuds,North,Website,1,4980.28,5,No,4.3,3,Credit Card
ORD-105299,07-04-2025 03:00,CUST-10745,Consumer,Home & Kitchen,Water Bottle,Central,Marketplace,8,797.07,20,No,4,2,Credit Card
ORD-102584,10-07-2024 08:00,CUST-10239,Consumer,Fashion,Backpack,North,Marketplace,3,4836.97,5,No,4.7,7,UPI
ORD-103211,30-05-2024 19:00,CUST-11240,Consumer,Beauty,Face Wash,West,Mobile App,1,1386.17,10,Yes,3.7,3,Credit Card
ORD-105931,23-10-2024 11:00,CUST-11322,Consumer,Home & Kitchen,Air Fryer,west,Website,2,5180.52,0,No,4.4,3,Debit Card
ORD-101610,27-02-2025 22:00,CUST-10554,Small Business,Books,Business Strategy,East,Website,1,1675.96,20,No,3.4,1,Credit Card
ORD-105278,25-07-2024 06:00,CUST-10400,Consumer,Books,Data Analytics Guide, South ,Website,4,772.9,10,No,4.1,4,UPI
ORD-102793,19-10-2024 01:00,CUST-10375,Consumer,Electronics,Wireless Earbuds,South,Website,3,18752.23,10,No,3.5,2,Wallet
ORD-104446,17-06-2024 00:00,CUST-11432,Small Business,Fashion,Casual Shirt,Central,Marketplace,1,2980.86,0,Yes,5,3,Wallet
ORD-101399,12-06-2024 11:00,CUST-10663,Enterprise,Beauty,Skin Serum,South,Website,2,1256.52,10,No,3.9,2,Wallet
ORD-104730,16-05-2025 14:00,CUST-11552,Consumer,Fashion,Casual Shirt,North,Website,1,1071.54,0,No,3.9,3,Debit Card
ORD-104490,12-04-2024 17:00,CUST-10951,Consumer,Books,Business Strategy,South,Website,3,963.78,10,No,3.7,4,Debit Card
ORD-101813,27-09-2024 13:00,CUST-11183,Consumer,Books,Fiction Novel,Central,Mobile App,1,1287.69,20,No,4.2,2,Debit Card
ORD-105157,07-03-2024 18:00,CUST-11889,Enterprise,Electronics,Smart Watch,North,Website,2,20292.09,25,No,4.2,4,Credit Card
ORD-101448,07-02-2025 15:00,CUST-10845,Consumer,Fashion,Hoodie,East,Marketplace,6,5366.7,5,Yes,4.1,2,Credit Card
ORD-103975,13-01-2025 08:00,CUST-11611,Consumer,Electronics,Power Bank,West,Website,3,14232.17,15,No,3.2,5,Debit Card
ORD-105300,06-02-2024 14:00,CUST-11817,Consumer,Fashion,Backpack,West,Website,1,1955.13,0,No,4.4,3,Debit Card
ORD-102537,29-09-2024 06:00,CUST-10674,Consumer,Fashion,Casual Shirt,West,Marketplace,2,5915.52,15,No,4.7,5,Debit Card
ORD-100291,25-05-2024 18:00,CUST-10795,Consumer,Beauty,Body Lotion,East,Website,1,3653.03,0,No,3.1,3,Credit Card
ORD-101691,30-04-2025 18:00,CUST-10259,Consumer,Electronics,USB-C Hub,Central,Mobile App,6,15517.24,5,No,4,4,Credit Card
ORD-100778,27-05-2024 23:00,CUST-11512,Consumer,Beauty,Perfume,West,Mobile App,1,2478.22,15,No,4,1,UPI
ORD-104781,19-11-2024 07:00,CUST-11331,Consumer,Home & Kitchen,Coffee Maker,Central,Mobile App,1,10386.73,5,Yes,5,3,
ORD-103344,20-10-2024 14:00,CUST-11003,Small Business,Home & Kitchen,Water Bottle,West,Mobile App,4,6448.28,30,No,4,4,Wallet
ORD-104928,09-04-2024 11:00,CUST-10053,Consumer,Electronics,Smart Watch,South,Marketplace,2,4218.1,10,No,4.9,6,Net Banking
ORD-105897,06-06-2025 22:00,CUST-10842,Consumer,Home & Kitchen,Storage Set,Central,Mobile App,5,2216.22,20,No,4.6,2,Net Banking
ORD-101883,07-04-2025 05:00,CUST-11384,Consumer,Home & Kitchen,Coffee Maker,North,Website,2,4549.22,20,No,5,1,Wallet
ORD-104325,02-08-2024 10:00,CUST-11010,Consumer,Home & Kitchen,Coffee Maker,Central,Website,10,6214.06,5,No,4.4,7,UPI
ORD-103690,07-08-2024 08:00,CUST-10415,Small Business,Home & Kitchen,Desk Lamp,East,Marketplace,1,1488.22,5,No,3.7,3,Debit Card
ORD-102675,20-11-2024 11:00,CUST-11525,Consumer,Books,SQL Handbook,South,Website,3,386.98,5,No,4.4,4,UPI
ORD-103086,09-04-2024 04:00,CUST-10795,Small Business,Home & Kitchen,Water Bottle,North,Marketplace,2,2187.44,25,No,3.9,5,Credit Card
ORD-102696,10-03-2024 18:00,CUST-10632,Enterprise,Electronics,Smart Watch,Central,Website,2,4972.13,0,No,2.9,1,Wallet
ORD-103370,22-06-2025 19:00,CUST-10639,Consumer,Books,Fiction Novel,East,Website,2,1606.76,10,No,3.7,5,Credit Card
ORD-104875,28-12-2024 18:00,CUST-10471,Small Business,Electronics,Bluetooth Speaker,South,Mobile App,4,2384.78,10,No,3.7,4,Debit Card
ORD-104151,16-10-2024 19:00,CUST-11377,Consumer,Beauty,Skin Serum,South,Mobile App,4,804.7,10,Yes,4.4,3,Debit Card
ORD-105777,29-02-2024 03:00,CUST-10542,Consumer,Beauty,Body Lotion,Central,Mobile App,3,1676.18,5,No,4,2,Debit Card
ORD-104997,23-03-2025 10:00,CUST-10855,Consumer,Home & Kitchen,Storage Set,East,Website,4,9185.79,20,No,4.7,6,UPI
ORD-102775,13-06-2024 18:00,CUST-10029,Small Business,Electronics, Smart Watch ,West,Marketplace,5,2984.54,5,Yes,3.7,3,UPI
ORD-103727,14-10-2024 15:00,CUST-10386,Consumer,Electronics,Bluetooth Speaker,South,Mobile App,6,14958.76,10,No,4.2,1,Credit Card
ORD-103935,08-04-2025 13:00,,Small Business,Fashion,Sports Cap,North,Website,4,511.77,5,No,5,2,UPI
ORD-102100,13-05-2025 15:00,CUST-10242,Consumer,Fashion,Backpack,North,Mobile App,1,1008.46,0,No,3.8,2,Debit Card
ORD-102423,27-03-2025 08:00,CUST-10526,Enterprise,Electronics,USB-C Hub,East,Marketplace,1,20794.8,5,No,2.9,3,Debit Card
ORD-100140,20-06-2025 14:00,CUST-10390,Consumer,Home & Kitchen,Desk Lamp,East,Mobile App,3,4920.92,20,No,3.9,3,UPI
ORD-100798,21-06-2024 05:00,CUST-11318,Small Business,Home & Kitchen,Water Bottle,East,Website,6,6923.36,5,No,3.9,2,UPI
ORD-102045,25-06-2025 13:00,CUST-11415,Consumer,Books,Data Analytics Guide,East,Mobile App,2,678.34,10,No,4.1,2,Debit Card
ORD-105802,26-08-2024 21:00,CUST-10291,Small Business,Electronics,Smart Watch,Central,Website,2,10063.68,10,No,3.3,6,Debit Card
ORD-100246,17-02-2025 14:00,CUST-11099,Consumer,Home & Kitchen,Water Bottle,East,Marketplace,3,6512.13,10,No,3.4,6,Debit Card
ORD-105110,26-10-2024 16:00,CUST-10373,Consumer,Home & Kitchen,Desk Lamp,East,Mobile App,1,6554.64,30,No,3.6,5,UPI
ORD-105511,11-03-2025 11:00,CUST-11668,Small Business,Fashion,Casual Shirt,North,Mobile App,3,1665.82,10,No,5,4,UPI
ORD-104904,13-04-2024 08:00,CUST-11512,Consumer,Books,Leadership Book,North,Marketplace,2,665.25,15,No,3.2,2,Debit Card
ORD-105525,24-02-2024 21:00,CUST-11611,Small Business,Beauty,Face Wash,South,Website,2,2165.79,15,No,2.9,5,UPI
ORD-101003,29-04-2025 00:00,CUST-11869,Consumer,Electronics,Smart Watch,East,Website,1,11239.97,10,No,4.5,3,Wallet
ORD-102721,30-12-2024 22:00,CUST-10536,Consumer,Electronics,Power Bank,South,Website,2,5889.98,0,No,5,3,Credit Card
ORD-102304,15-05-2025 00:00,CUST-10558,Consumer,Electronics,Bluetooth Speaker,East,Marketplace,3,20567.02,0,Yes,5,5,Debit Card
ORD-105657,19-03-2025 16:00,CUST-10243,Consumer,Home & Kitchen,Coffee Maker,North,Website,2,4934.65,10,No,3.5,3,UPI
ORD-103711,29-06-2025 09:00,CUST-11455,Small Business,Books,Data Analytics Guide,Central,Mobile App,4,891.67,10,No,4.8,5,Net Banking
ORD-101135,01-02-2024 17:00,CUST-10308,Small Business,Electronics,Power Bank,South,Website,4,20558.33,10,No,4.6,4,UPI
ORD-102354,17-06-2024 19:00,CUST-10184,Consumer,Books,Fiction Novel,North,Marketplace,1,1695.93,10,No,4.5,4,Net Banking
ORD-104823,16-06-2025 04:00,CUST-10485,Small Business,Electronics,Wireless Earbuds,West,Website,8,20095.05,25,Yes,4.6,2,UPI
ORD-105280,24-01-2025 10:00,CUST-10892,Consumer,Home & Kitchen,Coffee Maker,South,Marketplace,2,1160.04,0,No,3.6,4,Credit Card
ORD-101722,22-12-2024 10:00,CUST-10473,Small Business,Electronics,USB-C Hub, Central ,Mobile App,1,15379.54,15,No,5,5,UPI
ORD-100356,23-03-2024 17:00,CUST-10209,Consumer,Fashion,Backpack,South,Website,1,5661.66,25,No,4.2,5,Credit Card
ORD-105606,03-09-2024 08:00,CUST-10517,Consumer,Electronics,Power Bank,South,Website,2,18714.03,5,No,4.1,6,Credit Card
ORD-101934,21-03-2024 02:00,CUST-11492,Consumer,Fashion,Casual Shirt,East,Mobile App,3,4694.42,25,No,3.8,4,Debit Card
ORD-104381,03-03-2024 21:00,CUST-11817,Consumer,Home & Kitchen,Storage Set,Central,Mobile App,1,4287.09,20,No,3.8,3,Wallet
ORD-101238,11-06-2024 14:00,CUST-10225,Small Business,Fashion,Sports Cap,West,Mobile App,2,1797.92,15,No,4.1,3,Credit Card
ORD-104722,31-05-2025 00:00,CUST-10302,Consumer,Electronics,Power Bank,South,Mobile App,1,9393.28,10,No,5,2,Credit Card
ORD-105256,02-02-2024 15:00,CUST-10070,Consumer,Beauty,Face Wash,West,Mobile App,1,2594.02,0,No,3.8,3,Credit Card
ORD-101421,27-06-2025 03:00,CUST-10927,Consumer,Electronics,Power Bank,Central,Marketplace,4,17636.11,15,No,4.2,3,Credit Card
ORD-104995,25-04-2024 14:00,CUST-10107,Consumer,Home & Kitchen,Water Bottle,West,Marketplace,2,727.97,10,No,3.8,1,Debit Card
ORD-103361,10-02-2025 16:00,CUST-11084,Consumer,Fashion,Backpack,East,Website,4,3125.61,5,No,4.6,3,Wallet
ORD-102960,18-05-2025 07:00,CUST-11316,Consumer,Electronics,Wireless Earbuds,North,Website,2,6087.18,15,No,4.6,2,Net Banking
ORD-103363,24-03-2025 00:00,CUST-11091,Small Business,Electronics,Power Bank,North,Mobile App,3,19584.4,20,No,4.7,5,UPI
ORD-103948,13-06-2025 15:00,CUST-11098,Consumer,Fashion,Backpack,North,Website,1,1857.05,15,No,3.9,3,Credit Card
ORD-104348,22-02-2025 16:00,CUST-10301,Consumer,Electronics,Power Bank,North,Marketplace,5,21976.03,5,No,5,1,UPI
ORD-103720,14-12-2024 19:00,CUST-10353,Consumer,Home & Kitchen,Storage Set,East,Mobile App,5,10395.8,20,No,4.5,3,UPI
ORD-100907,04-04-2024 12:00,CUST-10751,Enterprise,Books,Leadership Book,South,Website,1,1337.94,10,No,4.7,2,Debit Card
ORD-105168,11-07-2024 15:00,CUST-10567,Small Business,Electronics,Power Bank,North,Mobile App,1,16428.27,15,No,4.4,1,Credit Card
ORD-101632,19-02-2024 17:00,CUST-11852,Small Business,Home & Kitchen,Air Fryer,North,Mobile App,2,11343.64,10,No,4.5,4,UPI
ORD-100692,23-05-2025 13:00,CUST-11809,Consumer,Electronics,Wireless Earbuds,North,Mobile App,3,20622.76,0,No,3.2,4,Net Banking
ORD-101595,31-03-2024 08:00,CUST-10318,Small Business,Books,Data Analytics Guide,Central,Marketplace,4,973.84,0,No,4.1,5,UPI
ORD-105211,19-03-2024 17:00,CUST-11210,Consumer,Books,Business Strategy,West,Website,2,1477.31,15,No,4.6,2,Net Banking
ORD-103737,15-10-2024 14:00,CUST-11737,Consumer,Fashion,Casual Shirt,West,Website,1,5797.95,10,No,4.1,4,Debit Card
ORD-100686,10-08-2024 02:00,CUST-11082,Enterprise,Home & Kitchen,Coffee Maker,North,Website,1,9063.48,20,No,3.5,2,Net Banking
ORD-102299,02-05-2025 15:00,CUST-10745,Consumer,Electronics,Smart Watch, North ,Website,1,12867.34,0,No,4.1,1,Credit Card
ORD-103404,02-08-2024 04:00,CUST-10058,Consumer,Electronics,Bluetooth Speaker,North,Website,1,12792.62,5,No,5,4,UPI
ORD-102719,30-03-2024 05:00,CUST-11542,Consumer,Electronics,Smart Watch,Central,Marketplace,1,8140.24,20,No,4.9,4,Wallet
ORD-104608,21-04-2025 08:00,CUST-10019,Small Business,Home & Kitchen,Air Fryer,North,Mobile App,2,796.76,10,No,3.1,8,Credit Card
ORD-104594,02-12-2024 18:00,CUST-11725,Small Business,Fashion,Casual Shirt,south,Website,2,3318.99,5,Yes,4.3,5,Debit Card
ORD-104330,11-04-2024 01:00,CUST-10703,Consumer,Electronics,Power Bank,Central,Mobile App,3,6581.13,5,No,3.7,2,Debit Card
ORD-101939,23-04-2024 10:00,CUST-11875,Consumer,Electronics,USB-C Hub,Central,Mobile App,2,19773.79,5,No,4.3,3,Credit Card
ORD-100031,04-05-2024 01:00,CUST-11877,Consumer,Electronics,Power Bank,West,Website,8,14211.24,5,No,4.1,5,Debit Card
ORD-105715,23-08-2024 17:00,CUST-10253,Consumer,Electronics,USB-C Hub,North,Marketplace,1,15221.85,10,No,4.1,4,Debit Card
ORD-101340,18-10-2024 16:00,CUST-10873,Small Business,Electronics,USB-C Hub,West,Mobile App,3,3608.36,20,No,3.4,2,Wallet
ORD-104437,01-06-2025 08:00,CUST-10366,Consumer,Home & Kitchen,Storage Set,East,Marketplace,1,11068.05,0,No,5,7,Debit Card
ORD-104962,22-06-2025 05:00,CUST-11368,Small Business,Fashion,Backpack,Central,MOBILE APP,2,2217.7,15,No,5,3,Credit Card
ORD-101042,14-08-2024 17:00,CUST-10302,Small Business,Electronics,Power Bank,North,Mobile App,3,3443.68,15,No,3.9,2,Credit Card
ORD-101094,28-06-2024 10:00,CUST-11323,Consumer,Electronics,Power Bank,Central,Website,1,9314.75,20,No,4.4,4,Debit Card
ORD-104922,29-10-2024 23:00,CUST-11020,Consumer,Beauty,Body Lotion,South,Mobile App,4,4135.1,10,No,3.7,4,
ORD-101781,04-07-2024 08:00,CUST-11137,Consumer,Books,Fiction Novel,West,Website,3,1777.98,0,No,3,2,UPI
ORD-105950,06-08-2024 15:00,CUST-11244,Small Business,Home & Kitchen,Water Bottle,South,Marketplace,1,11599.88,10,Yes,4.3,4,Debit Card
ORD-105232,12-06-2024 16:00,CUST-10207,Consumer,Books,SQL Handbook,South,Marketplace,6,1559.39,15,No,4.3,1,Net Banking
ORD-105505,02-04-2025 05:00,CUST-11069,Consumer,Electronics,Smart Watch,North,Mobile App,4,14643.88,15,No,4.4,2,Wallet
ORD-104609,26-08-2024 03:00,CUST-11380,Consumer,Books,Leadership Book,North,Website,1,1575.76,20,No,3.9,5,Credit Card
ORD-100245,16-02-2024 02:00,CUST-10034,Enterprise,Fashion,Sports Cap,North,Mobile App,4,3587.87,15,No,5,4,Debit Card
ORD-100834,11-04-2025 12:00,CUST-11181,Consumer,Home & Kitchen,Storage Set,West,Marketplace,1,3617.84,0,No,5,5,Credit Card
ORD-102590,08-02-2024 12:00,CUST-11275,Consumer,Home & Kitchen,Storage Set,South,Marketplace,2,11156.22,10,No,4.7,5,Credit Card
ORD-104336,17-02-2025 08:00,CUST-11863,Consumer,Fashion,Running Shoes,Central,Marketplace,1,1114.39,10,No,3.6,4,Debit Card
ORD-100415,05-01-2025 00:00,CUST-11070,Consumer,Electronics,USB-C Hub,South,Mobile App,2,21291.89,10,No,5,3,Wallet
ORD-105312,23-04-2024 22:00,CUST-11932,Consumer,Electronics,Power Bank,North,Mobile App,1,5260.74,10,No,5,2,Credit Card
ORD-103864,10-12-2024 20:00,CUST-10443,Small Business,Fashion,Casual Shirt,West,Website,3,4094.75,5,No,3.9,4,Debit Card
ORD-105014,25-12-2024 19:00,CUST-10265,Consumer,Electronics,USB-C Hub,West,Mobile App,1,18486.57,15,No,4.4,3,Wallet
ORD-102119,17-01-2025 23:00,CUST-11423,Consumer,Fashion,Sports Cap,West,Mobile App,1,2002.72,10,No,4.3,5,Debit Card
ORD-105727,26-02-2024 22:00,CUST-10891,Enterprise,Home & Kitchen,Water Bottle,South,Mobile App,1,11559.36,10,No,3.8,4,Credit Card
ORD-105363,11-04-2025 03:00,CUST-10544,Consumer,Home & Kitchen,Storage Set,East,Website,6,1831.29,25,No,3.5,2,Credit Card
ORD-103543,26-02-2025 20:00,CUST-11655,Small Business,Fashion,Hoodie,West,Marketplace,1,3475.2,15,No,4.2,4,Wallet
ORD-103550,28-08-2024 06:00,CUST-10649,Small Business,Books,Business Strategy,West,Marketplace,1,1333.12,0,No,4.6,2,Credit Card
ORD-100530,22-11-2024 20:00,CUST-10997,Consumer,Electronics,Wireless Earbuds,Central,Mobile App,8,4950.75,15,No,4.6,3,Wallet
ORD-100167,01-04-2024 04:00,CUST-11422,Consumer,Electronics,Bluetooth Speaker,North,Website,3,21875.4,15,No,3.7,5,Credit Card
ORD-104671,11-01-2025 15:00,CUST-11148,Consumer,Electronics,Wireless Earbuds,West,Mobile App,2,20146.68,10,No,3.4,4,Credit Card
ORD-102340,19-08-2024 04:00,CUST-11245,Consumer,Home & Kitchen,Storage Set,East,Mobile App,2,7402.89,20,No,4.1,2,Net Banking
ORD-102737,12-04-2024 21:00,CUST-11899,Small Business,Fashion,Backpack,South,Mobile App,2,3277.46,20,No,3.9,1,Debit Card
ORD-103421,06-03-2025 04:00,CUST-11113,Consumer,Fashion,Sports Cap,South,Website,2,1600.35,10,No,4.8,4,Debit Card
ORD-104087,22-05-2025 08:00,CUST-10472,Consumer,Electronics,Bluetooth Speaker,Central,Mobile App,1,1320.88,10,No,3.8,2,Debit Card
ORD-105632,11-10-2024 16:00,CUST-11510,Consumer,Electronics,Bluetooth Speaker,North,Mobile App,10,4924.13,15,No,4.3,4,Net Banking
ORD-101749,27-01-2025 18:00,CUST-10299,Consumer,Electronics,Bluetooth Speaker,East,Marketplace,3,13194.44,10,No,4.5,3,UPI
ORD-100953,21-08-2024 15:00,CUST-11265,Small Business,Fashion,Backpack,Central,Website,1,3440.2,20,No,4,3,Credit Card
ORD-103305,19-05-2024 02:00,CUST-11772,Small Business,Electronics,Power Bank,West,Mobile App,1,15184.04,15,No,4.4,4,Wallet
ORD-104319,24-01-2024 04:00,CUST-11687,Small Business,Home & Kitchen,Coffee Maker,South,Website,2,4368.48,5,No,5,5,Credit Card
ORD-103888,17-03-2024 06:00,CUST-10391,Consumer,Fashion,Backpack,West,Marketplace,2,5746.13,0,No,4.3,3,UPI
ORD-102231,08-02-2024 00:00,CUST-10160,Consumer,Books,Fiction Novel,North,Mobile App,4,588.62,0,No,3.8,4,Credit Card
ORD-103860,23-10-2024 21:00,CUST-10637,Enterprise,Electronics,Wireless Earbuds,North,Website,3,8964.48,20,No,4.1,1,Wallet
ORD-100318,27-05-2025 14:00,CUST-10209,Small Business,Electronics,Bluetooth Speaker,Central,Mobile App,1,10929.51,15,No,4.6,1,UPI
ORD-101252,10-02-2024 10:00,CUST-11745,Small Business,Electronics,Power Bank,South,Website,2,9657.69,25,No,5,3,UPI
ORD-102473,23-04-2024 00:00,CUST-11898,Small Business,Electronics,Power Bank,West,Website,5,1869.17,10,No,5,5,Wallet
ORD-103119,18-04-2025 12:00,CUST-10809,Consumer,Electronics,Power Bank,West,Website,3,9903.49,15,No,2.8,3,Debit Card
ORD-101102,16-05-2025 18:00,CUST-11853,Consumer,Fashion,Hoodie,South,Mobile App,2,2763.79,0,No,3.8,1,Debit Card
ORD-102365,16-02-2024 22:00,CUST-10608,Enterprise,Books,Data Analytics Guide,North,Mobile App,4,1453.42,5,No,3.6,1,UPI
ORD-100400,28-06-2025 23:00,CUST-10162,Consumer,Electronics,USB-C Hub,South,Mobile App,3,15172.2,30,No,4.4,4,Debit Card
ORD-103164,10-03-2024 23:00,CUST-10383,Consumer,Books,Fiction Novel,South,Mobile App,1,1036.41,5,No,4.2,3,Wallet
ORD-101990,16-10-2024 23:00,CUST-11454,Small Business,Electronics,Power Bank,Central,Marketplace,2,16293.06,20,No,3.7,2,Debit Card
ORD-105566,30-04-2024 10:00,CUST-10860,Consumer,Books,Business Strategy,West,Website,1,636.68,10,Yes,4.2,2,Net Banking
ORD-104981,07-06-2025 16:00,CUST-10471,Consumer,Books,Business Strategy,Central,Mobile App,3,567.6,20,No,3.9,4,Debit Card
ORD-100892,12-10-2024 08:00,CUST-11495,Consumer,Fashion,Running Shoes,South,Website,4,2027.28,15,No,4.8,3,Wallet
ORD-105799,17-08-2024 09:00,CUST-11507,Consumer,Home & Kitchen,Water Bottle,Central,Mobile App,1,9259.08,15,No,3.7,4,UPI
ORD-105508,05-11-2024 17:00,CUST-11338,Consumer,Books,Fiction Novel,Central,Mobile App,2,1468,15,No,3.7,3,Debit Card
ORD-103837,23-11-2024 07:00,CUST-11308,Consumer,Fashion,Sports Cap,North,Website,4,5324.97,15,No,5,7,Debit Card
ORD-103879,24-01-2024 05:00,CUST-11330,Consumer,Electronics,Power Bank,East,Mobile App,3,17471.09,5,No,3.5,4,Debit Card
ORD-104586,27-04-2024 05:00,CUST-11520,Consumer,Electronics,Smart Watch,West,Mobile App,4,16279.32,15,No,4.2,5,Credit Card
ORD-100240,17-03-2024 13:00,CUST-10203,Small Business,Books,Leadership Book,North,Mobile App,2,1294.54,20,No,4.4,2,UPI
ORD-105119,17-01-2024 22:00,CUST-10178,Consumer,Beauty,Hair Dryer,North,Mobile App,1,3957.61,25,No,3.8,6,UPI
ORD-102385,22-04-2025 19:00,CUST-11385,Consumer,Beauty,Skin Serum,South,Website,6,3296.36,20,No,3.1,3,Wallet
ORD-102547,15-11-2024 07:00,CUST-10160,Consumer,Fashion,Hoodie,Central,Marketplace,2,707.48,15,Yes,3.4,5,Debit Card
ORD-101704,17-05-2025 07:00,CUST-11412,Consumer,Electronics,Smart Watch,South,Marketplace,2,3764.13,0,Yes,4.7,5,UPI
ORD-105177,03-09-2024 07:00,CUST-10866,Consumer,Fashion,Running Shoes,West,Website,1,4591.17,10,No,3.8,4,Credit Card
ORD-105971,11-05-2024 18:00,CUST-10552,Consumer,Home & Kitchen,Coffee Maker,Central,Marketplace,1,7653.11,15,No,4.6,5,Credit Card
ORD-100385,08-03-2024 00:00,CUST-10708,Consumer,Fashion,Backpack,Central,Mobile App,1,2598.86,5,No,1.9,4,Wallet
ORD-104337,27-06-2024 23:00,CUST-11868,Consumer,Home & Kitchen,Desk Lamp,North,Mobile App,1,10757.3,15,No,4,1,Debit Card
ORD-102642,20-04-2024 21:00,CUST-11876,Consumer,Beauty,Body Lotion,West,Website,2,3347.54,0,No,4.5,7,Wallet
ORD-105429,14-04-2025 21:00,CUST-10944,Consumer,Fashion,Sports Cap,Central,Marketplace,1,2237.61,5,No,3.6,1,UPI
ORD-103893,19-04-2024 22:00,CUST-11915,Consumer,Electronics,Power Bank,Central,Marketplace,1,15396.75,15,No,4,2,Debit Card
ORD-103559,12-09-2024 08:00,CUST-11871,Small Business,Electronics,USB-C Hub,West,Website,2,21220.07,5,No,2.2,3,Debit Card
ORD-100098,13-12-2024 16:00,CUST-10665,Consumer,Electronics,Smart Watch,North,Mobile App,4,19204.28,20,No,4.9,1,UPI
ORD-102440,16-07-2024 20:00,CUST-11728,Consumer,Electronics,USB-C Hub,Central,Website,5,5647.54,5,No,3.8,2,Debit Card
ORD-103112,02-02-2024 05:00,CUST-11593,Consumer,Electronics,Bluetooth Speaker,West,Mobile App,1,21798.98,5,No,3.7,3,Debit Card
ORD-103006,23-11-2024 02:00,CUST-11454,Consumer,Fashion,Casual Shirt,Central,Mobile App,1,2219.48,5,No,4.6,4,UPI
ORD-105496,24-02-2025 21:00,CUST-11710,Consumer,Electronics,USB-C Hub,South,Marketplace,1,20362.43,0,No,4.8,4,Debit Card
ORD-105118,21-04-2025 15:00,CUST-10889,Small Business,Home & Kitchen,Water Bottle,West,Mobile App,1,11585.02,20,Yes,3.6,5,Debit Card
ORD-101368,09-06-2025 22:00,CUST-10353,Consumer,Electronics,Smart Watch,East,Mobile App,5,15216.64,10,No,3.4,3,UPI
ORD-105641,06-06-2024 03:00,CUST-10870,Consumer,Books,Leadership Book,Central,Website,8,1721.13,10,No,4.4,1,Wallet
ORD-102703,02-04-2025 10:00,CUST-10795,Small Business,Beauty,Hair Dryer,West,Marketplace,2,329.62,5,No,5,4,Debit Card
ORD-105261,15-02-2024 00:00,CUST-11266,Small Business,Electronics,Smart Watch,Central,Mobile App,3,7824.87,20,No,3.8,1,Net Banking
ORD-100096,10-05-2024 19:00,CUST-11251,Enterprise,Electronics,USB-C Hub,East,Website,1,9255.67,25,Yes,4.3,5,UPI
ORD-101748,15-03-2025 13:00,CUST-10474,Consumer,Books,Leadership Book,West,Marketplace,1,511.23,5,No,3.8,1,Credit Card
ORD-101150,20-07-2024 23:00,CUST-11159,Small Business,Electronics,Wireless Earbuds,South,Marketplace,1,16539.36,5,No,3,4,UPI
ORD-100409,08-01-2024 14:00,CUST-11811,Consumer,Electronics,Wireless Earbuds,North,Mobile App,2,13507.79,20,No,4.5,3,UPI
ORD-103277,14-05-2024 06:00,CUST-10375,Consumer,Fashion,Backpack,Central,Mobile App,1,4868.47,5,Yes,4,4,Debit Card
ORD-101319,04-08-2024 17:00,CUST-10537,Consumer,Home & Kitchen,Coffee Maker,North,Marketplace,1,970.86,0,No,4.3,3,Net Banking
ORD-105571,12-01-2025 19:00,CUST-11346,Consumer,Books,Business Strategy,West,Mobile App,4,525.28,10,No,3,5,Credit Card
ORD-102884,13-07-2024 00:00,CUST-11440,Consumer,Home & Kitchen,Air Fryer,East,Marketplace,3,9489.63,5,No,,4,Debit Card
ORD-102189,15-11-2024 23:00,CUST-10747,Consumer,Fashion,Sports Cap,South,Marketplace,2,5096.61,25,No,2.8,3,Debit Card
ORD-104518,23-01-2025 05:00,CUST-10217,Consumer,Home & Kitchen,Air Fryer,West,Marketplace,1,6068.85,30,No,4.8,6,Credit Card
ORD-100926,22-10-2024 13:00,CUST-11034,Enterprise,Fashion,Running Shoes,Central,Website,6,3990.75,0,No,,4,Credit Card
ORD-101530,19-02-2024 01:00,CUST-10042,Consumer,Beauty,Face Wash,East,Website,1,3981.14,5,No,4.1,1,UPI
ORD-103750,13-11-2024 16:00,CUST-10842,Consumer,Electronics,Bluetooth Speaker,West,Marketplace,6,2263.6,20,No,4.4,2,Credit Card
ORD-105260,26-06-2025 10:00,CUST-11311,Consumer,Home & Kitchen,Storage Set,South,Website,4,7639.23,0,No,4.2,5,Net Banking
ORD-102502,15-02-2025 06:00,CUST-11737,Small Business,Electronics,Wireless Earbuds,Central,Website,1,11353.64,10,No,3.8,3,Wallet
ORD-101875,06-03-2024 21:00,CUST-10134,Enterprise,Fashion,Hoodie,North,Website,3,2022.21,5,No,4.1,2,Credit Card
ORD-102196,07-06-2024 17:00,CUST-11048,Consumer,Home & Kitchen,Water Bottle,East,Mobile App,2,2687.33,30,No,3.7,1,UPI
ORD-104189,06-05-2025 11:00,CUST-10626,Consumer,Fashion,Running Shoes,West,Mobile App,3,1464.49,20,No,4.6,4,Debit Card
ORD-103438,25-05-2025 11:00,CUST-11380,Consumer,Books,Data Analytics Guide,West,Website,1,1728.26,10,No,4.2,3,UPI
ORD-100831,11-05-2024 12:00,CUST-11266,Consumer,Fashion,Backpack,North,Website,4,3335.45,0,No,4.4,5,Debit Card
ORD-105550,24-11-2024 20:00,CUST-11314,Consumer,Fashion,Backpack,South,Website,1,2636.38,20,No,3.8,4,Net Banking
ORD-102254,10-06-2024 03:00,CUST-11261,Consumer,Beauty,Face Wash,West,Marketplace,1,4563.04,20,No,4.1,6,UPI
ORD-101263,25-03-2025 03:00,CUST-11117,Consumer,Beauty,Perfume,South,Website,1,1859.8,25,No,3,1,Debit Card
ORD-104001,05-04-2025 04:00,CUST-10112,Small Business,Books,SQL Handbook,West,Website,1,816.77,20,No,4.5,3,Wallet
ORD-104472,23-09-2024 13:00,,Consumer,Home & Kitchen,Water Bottle,North,Mobile App,2,2964.45,30,No,4.2,3,UPI
ORD-101095,13-02-2024 17:00,CUST-10973,Consumer,Home & Kitchen,Desk Lamp,West,Website,2,6659.85,20,No,5,5,Wallet
ORD-101336,14-12-2024 12:00,CUST-11841,Consumer,Electronics,Bluetooth Speaker,North,Website,4,3551.63,0,No,3.8,2,UPI
ORD-104714,16-01-2024 07:00,CUST-10355,Small Business,Electronics,USB-C Hub,North,Mobile App,3,3501.94,20,No,3.6,4,Debit Card
ORD-102910,02-03-2024 06:00,CUST-10187,Consumer,Books,Fiction Novel,East,Website,1,651.23,15,No,4.4,3,Debit Card
ORD-105487,21-02-2025 14:00,CUST-10786,Consumer,Electronics,Bluetooth Speaker,Central,Website,3,6442.88,25,No,3.7,6,Net Banking
ORD-105656,29-03-2025 13:00,CUST-11204,Consumer,Electronics,Power Bank,North,Mobile App,3,13511.09,15,No,4.9,3,Debit Card
ORD-101326,05-01-2025 22:00,CUST-11929,Small Business,Electronics,USB-C Hub,West,Website,5,20087.78,5,No,4.3,1,Credit Card
ORD-104978,19-05-2025 06:00,CUST-10502,Consumer,Books,Business Strategy,South,Marketplace,1,1654.12,5,No,3.6,4,UPI
ORD-102825,04-04-2025 20:00,CUST-10192,Consumer,Electronics,Wireless Earbuds,West,Website,1,17121.3,5,No,5,5,Credit Card
ORD-103047,19-02-2025 06:00,CUST-10682,Consumer,Electronics,USB-C Hub,West,Mobile App,2,8242.89,15,No,4.4,1,Net Banking
ORD-104418,24-01-2025 06:00,CUST-11587,Enterprise,Home & Kitchen,Water Bottle,East,Marketplace,1,5515.35,15,No,3.4,2,Credit Card
ORD-105543,12-03-2025 13:00,CUST-11088,Consumer,Books,Fiction Novel,East,Marketplace,4,789.93,20,No,5,3,UPI
ORD-101465,01-03-2024 22:00,CUST-11359,Consumer,Electronics,Power Bank,Central,Website,8,2796.72,5,No,4.6,6,Net Banking
ORD-101382,08-07-2024 07:00,CUST-11831,Enterprise,Electronics,Wireless Earbuds,North,Website,2,5807.29,0,No,4.2,2,UPI
ORD-101942,22-04-2025 09:00,CUST-10417,Consumer,Fashion,Casual Shirt,North,Website,1,4384.86,5,Yes,3.8,4,UPI
ORD-105994,13-03-2024 12:00,CUST-10836,Small Business,Home & Kitchen,Water Bottle,North,Mobile App,6,2129.58,25,No,5,4,UPI
ORD-105097,23-06-2024 13:00,,Consumer,Fashion,Hoodie,West,Mobile App,1,3367.88,10,Yes,4.1,4,Credit Card
ORD-101608,09-05-2024 00:00,CUST-11024,Consumer,Electronics,Bluetooth Speaker,East,Website,1,9424.13,30,No,5,3,Debit Card
ORD-101902,28-01-2025 02:00,CUST-11432,Small Business,Electronics,USB-C Hub,West,Mobile App,6,14672.65,15,No,4.7,3,Debit Card
ORD-100336,09-06-2025 22:00,CUST-11191,Enterprise,Fashion,Sports Cap,Central,Website,1,1010.94,0,No,4.6,3,UPI
ORD-100131,29-10-2024 06:00,CUST-10014,Small Business,Books,Leadership Book,South,Mobile App,1,523.48,0,No,4,4,Wallet
ORD-102333,25-03-2025 11:00,CUST-10045,Small Business,Electronics,Power Bank,East,Mobile App,1,1908.19,25,No,5,4,Credit Card
ORD-103575,09-01-2025 14:00,CUST-11847,Consumer,Fashion,Running Shoes,Central,Website,1,2196.83,20,No,3.6,2,Credit Card
ORD-105190,04-02-2025 06:00,CUST-10845,Consumer,Fashion,Sports Cap,West,Website,2,4043.43,5,No,3.7,4,Debit Card
ORD-101623,10-01-2024 01:00,CUST-11836,Small Business,Books,Data Analytics Guide,East,Mobile App,1,1788.33,5,No,4.8,1,UPI
ORD-102468,15-01-2024 17:00,CUST-10229,Consumer,Fashion,Sports Cap,North,Mobile App,6,2155.31,0,No,3.9,3,UPI
ORD-103176,01-12-2024 14:00,CUST-10668,Small Business,Fashion,Casual Shirt,West,Website,1,1977.64,0,No,4.3,2,Debit Card
ORD-103617,11-08-2024 08:00,CUST-11193,Consumer,Books,Data Analytics Guide,North,Marketplace,2,564.85,0,No,4.3,4,Credit Card
ORD-101973,05-07-2024 09:00,CUST-11429,Consumer,Books,SQL Handbook,North,Website,3,918.37,10,No,3.8,3,Wallet
ORD-103367,06-06-2024 04:00,CUST-11671,Consumer,Electronics,Power Bank,Central,Website,1,12994.94,20,No,4.5,2,Debit Card
ORD-100671,01-12-2024 11:00,CUST-10679,Consumer,Fashion,Sports Cap,South,Mobile App,3,5579.81,20,No,4.5,3,Wallet
ORD-105087,16-05-2024 09:00,CUST-10424,Consumer,Electronics,Power Bank,Central,Marketplace,3,7159.69,0,No,2.8,3,Wallet
ORD-103028,02-05-2024 15:00,CUST-11455,Consumer,Books,Fiction Novel,Central,Marketplace,4,1274.09,10,No,3.7,4,Debit Card
ORD-100846,26-03-2024 08:00,CUST-10050,Small Business,Beauty,Hair Dryer,North,Website,5,2279.68,20,No,5,1,Credit Card
ORD-102121,04-06-2025 08:00,CUST-10364,Consumer,Home & Kitchen,Water Bottle,South,Website,1,3737.92,5,No,4.1,2,Credit Card
ORD-104397,21-05-2024 04:00,CUST-11015,Consumer,Home & Kitchen,Air Fryer,North,Mobile App,4,7201.07,25,No,4.5,3,Net Banking
ORD-104129,19-08-2024 08:00,CUST-10171,Consumer,Home & Kitchen,Coffee Maker,West,Website,4,5730.52,15,No,3.7,1,Credit Card
ORD-104903,28-01-2025 06:00,CUST-10574,Small Business,Fashion,Sports Cap,South,Mobile App,4,5233.12,10,No,4.5,1,Credit Card
ORD-100762,02-06-2025 05:00,CUST-10154,Consumer,Electronics,Bluetooth Speaker,South,Website,3,10101.35,0,No,4.8,5,Debit Card
ORD-104780,08-04-2025 18:00,CUST-10203,Consumer,Beauty,Body Lotion,West,Mobile App,1,3154.71,10,No,4.2,4,Net Banking
ORD-103110,21-10-2024 11:00,CUST-11201,Enterprise,Electronics,USB-C Hub,Central,Website,1,5502.25,20,No,3.8,3,UPI
ORD-100432,27-03-2025 00:00,CUST-11394,Small Business,Books,SQL Handbook,West,Mobile App,2,425.4,10,No,5,5,Credit Card
ORD-100092,04-04-2025 14:00,CUST-10908,Consumer,Books,Fiction Novel,North,Mobile App,1,703.79,15,No,3.2,2,Debit Card
ORD-104460,25-02-2024 23:00,CUST-10203,Consumer,Home & Kitchen,Coffee Maker,West,Website,3,3427.14,10,No,4.4,1,Debit Card
ORD-105268,16-01-2025 15:00,,Consumer,Beauty,Face Wash,West,Website,2,3948.25,20,No,3.7,4,Credit Card
ORD-103917,09-04-2025 00:00,CUST-11117,Small Business,Fashion,Backpack,West,Marketplace,2,1692.94,0,No,3.4,1,UPI
ORD-101657,22-04-2025 04:00,CUST-10703,Small Business,Electronics,USB-C Hub,Central,Website,1,11248.45,10,No,4.1,3,UPI
ORD-100905,22-01-2025 11:00,CUST-10913,Consumer,Fashion,Sports Cap,North,Mobile App,4,5390.95,20,Yes,3.9,3,Debit Card
ORD-103207,20-03-2025 17:00,CUST-10638,Consumer,Home & Kitchen,Desk Lamp,North,Mobile App,3,10385.59,10,No,4.9,4,Credit Card
ORD-104478,19-04-2025 17:00,CUST-10338,Consumer,Home & Kitchen,Desk Lamp,Central,Website,2,9025.77,20,No,3.9,2,UPI
ORD-100498,20-05-2025 21:00,CUST-10015,Consumer,Home & Kitchen,Air Fryer,West,Mobile App,5,3161.31,10,Yes,3,1,Credit Card
ORD-105904,12-04-2024 14:00,CUST-10088,Consumer,Books,Data Analytics Guide,West,Mobile App,6,1448.25,15,No,4.3,1,Credit Card
ORD-101981,06-12-2024 00:00,CUST-10100,Small Business,Electronics,Bluetooth Speaker,West,Website,2,6762.5,15,No,4,4,Credit Card
ORD-100631,27-06-2024 19:00,CUST-10248,Consumer,Books,SQL Handbook,Central,Mobile App,3,1379.5,20,No,3.1,2,Debit Card
ORD-104347,23-03-2024 21:00,CUST-11699,Consumer,Home & Kitchen,Water Bottle,West,Website,6,9984.92,5,Yes,4.8,2,UPI
ORD-101350,02-02-2024 22:00,CUST-11313,Consumer,Electronics,USB-C Hub,Central,Website,1,16560.41,5,No,4.7,2,Wallet
ORD-105392,13-03-2025 10:00,CUST-11600,Consumer,Home & Kitchen,Water Bottle,Central,Mobile App,3,6997.11,30,No,4.4,6,UPI
ORD-103680,22-01-2025 09:00,CUST-10082,Consumer,Fashion,Hoodie,Central,Marketplace,1,4073.24,0,No,5,3,Net Banking
ORD-103101,12-03-2024 11:00,CUST-10307,Consumer,Electronics,Power Bank,Central,Marketplace,2,9320.4,0,No,4.9,4,Debit Card
ORD-102710,06-02-2024 01:00,CUST-11391,Small Business,Beauty,Hair Dryer,North,Mobile App,5,1101.89,5,No,3.5,2,Net Banking
ORD-101064,15-02-2025 05:00,CUST-11625,Consumer,Electronics,USB-C Hub,South,Mobile App,1,8480.12,15,No,5,3,Net Banking
ORD-105757,15-10-2024 21:00,CUST-11408,Enterprise,Electronics,Wireless Earbuds,North,Mobile App,1,19641.51,0,No,3.3,5,UPI
ORD-104688,05-01-2024 08:00,CUST-10911,Consumer,Home & Kitchen,Coffee Maker,South,Mobile App,1,6365.12,0,No,4.1,3,Credit Card
ORD-104081,04-06-2024 12:00,CUST-11588,Consumer,Beauty,Perfume,Central,Mobile App,1,3577.73,15,No,4,4,Debit Card
ORD-103665,03-09-2024 00:00,CUST-10706,Small Business,Fashion,Hoodie,West,Website,1,4896.19,30,No,4.9,3,Credit Card
ORD-104757,14-03-2024 01:00,CUST-11226,Consumer,Electronics,USB-C Hub,North,Mobile App,5,12135.46,0,No,4.2,1,Debit Card
ORD-101154,15-06-2024 12:00,CUST-11351,Consumer,Fashion,Running Shoes,South,Mobile App,10,5499.9,15,No,4.1,6,Debit Card
ORD-102256,10-03-2025 21:00,CUST-10092,Small Business,Fashion,Casual Shirt,South,Website,3,513.54,20,Yes,3.3,5,Credit Card
ORD-103419,04-06-2024 02:00,CUST-10621,Consumer,Fashion,Casual Shirt,East,Marketplace,6,552.6,5,Yes,4.2,5,Credit Card
ORD-101792,06-07-2024 17:00,CUST-10244,Consumer,Electronics,USB-C Hub,South,Website,6,6657.37,10,No,3.6,2,Credit Card
ORD-100650,24-09-2024 03:00,CUST-10086,Consumer,Home & Kitchen,Desk Lamp,East,Website,3,2035.23,30,No,3.2,3,Debit Card
ORD-104906,04-06-2024 21:00,CUST-11938,Small Business,Fashion,Hoodie,East,Marketplace,2,2914.24,5,No,4,3,Debit Card
ORD-103491,13-12-2024 01:00,CUST-10679,Small Business,Fashion,Backpack,North,Mobile App,2,826.87,5,No,4.6,4,Credit Card
ORD-104054,04-01-2024 04:00,CUST-10554,Consumer,Electronics,Power Bank,North,Mobile App,6,10011.39,15,No,4.2,2,Credit Card
ORD-100888,09-01-2024 14:00,CUST-10574,Small Business,Books,Fiction Novel,Central,Mobile App,3,1633.84,5,No,4.1,5,UPI
ORD-101188,05-11-2024 08:00,CUST-11583,Consumer,Electronics,Power Bank,East,Mobile App,3,2786.43,25,Yes,4.6,4,Debit Card
ORD-100126,13-02-2024 05:00,CUST-11933,Consumer,Fashion,Running Shoes,South,Website,1,2148.42,5,No,3.5,7,Debit Card
ORD-102751,14-02-2024 02:00,,Small Business,Home & Kitchen,Desk Lamp,Central,Marketplace,8,3654.49,20,No,4.6,4,Debit Card
ORD-104909,07-12-2024 03:00,CUST-10064,Consumer,Home & Kitchen,Desk Lamp,North,Marketplace,2,8811.2,0,No,3.5,2,Wallet
ORD-103848,08-02-2025 07:00,CUST-11755,Consumer,Electronics,Smart Watch,North,Website,1,21842.09,25,No,3.8,4,UPI
ORD-102646,06-11-2024 01:00,CUST-10688,Consumer,Fashion,Sports Cap,North,Marketplace,4,2071.96,0,Yes,4.3,1,UPI
ORD-100248,05-03-2025 16:00,CUST-11701,Small Business,Books,Business Strategy,South,Marketplace,6,1068.79,15,No,5,2,Wallet
ORD-100849,26-11-2024 20:00,CUST-11892,Consumer,Home & Kitchen,Desk Lamp,West,Website,1,7603.85,5,No,4.4,5,Debit Card
ORD-102371,25-03-2025 10:00,CUST-11650,Consumer,Books,Business Strategy,South,Mobile App,1,780.82,0,No,3.9,4,Credit Card
ORD-101168,29-06-2025 01:00,CUST-10124,Consumer,Fashion,Sports Cap,Central,Website,4,3068.02,5,No,2.6,1,Credit Card
ORD-105788,24-10-2024 02:00,CUST-11584,Consumer,Home & Kitchen,Water Bottle,East,Website,1,10087.36,5,No,4.4,2,Debit Card
ORD-102937,29-01-2025 04:00,CUST-11080,Consumer,Home & Kitchen,Storage Set,East,Website,8,1170.78,15,No,4.7,1,Net Banking
ORD-100323,15-05-2025 04:00,CUST-10511,Consumer,Beauty,Perfume,North,Mobile App,2,1971.84,0,No,4.5,2,Debit Card
ORD-105043,03-11-2024 14:00,CUST-10646,Consumer,Home & Kitchen,Air Fryer,north,Mobile App,4,958.36,10,No,3.8,2,UPI
ORD-101163,17-10-2024 04:00,,Consumer,Home & Kitchen, Air Fryer ,North,Mobile App,1,2261.95,0,No,5,2,Wallet
ORD-101009,11-10-2024 02:00,CUST-11795,Consumer,Fashion,Backpack,East,Mobile App,3,2698.47,15,No,4.7,2,Wallet
ORD-105074,19-03-2024 05:00,CUST-10573,Consumer,Books,Data Analytics Guide,West,Mobile App,1,883,20,No,4.5,4,Credit Card
ORD-103217,22-08-2024 18:00,CUST-11308,Consumer,Fashion,Sports Cap,East,Mobile App,4,4754.3,15,No,3.8,5,Debit Card
ORD-104721,29-03-2025 14:00,CUST-11558,Consumer,Books,SQL Handbook,West,Mobile App,3,1267.41,0,No,3.9,2,Credit Card
ORD-101904,30-06-2024 21:00,CUST-10208,Consumer,Fashion,Hoodie,East,Website,2,796.85,10,No,3.6,2,Credit Card
ORD-100837,18-04-2024 05:00,CUST-10420,Consumer,Electronics,USB-C Hub,North,Website,2,7197.04,20,No,4,4,UPI
ORD-101514,14-05-2024 19:00,CUST-10401,Consumer,Electronics,Wireless Earbuds,South,Marketplace,1,5380.33,5,No,3.5,3,UPI
ORD-102082,26-06-2024 09:00,CUST-10669,Consumer,Home & Kitchen,Coffee Maker,North,Marketplace,3,4409.7,10,No,4.5,1,Credit Card
ORD-105797,06-12-2024 05:00,CUST-10889,Consumer,Fashion,Hoodie,Central,Website,2,2513.99,10,No,3.8,2,Credit Card
ORD-104037,01-12-2024 11:00,CUST-11356,Small Business,Beauty,Face Wash,North,Website,5,1694.21,5,Yes,3.9,4,Credit Card
ORD-105389,22-04-2025 16:00,CUST-10226,Consumer,Fashion,Hoodie,East,Website,4,5869.32,5,No,3.5,2,UPI
ORD-104532,19-01-2025 13:00,CUST-11698,Small Business,Home & Kitchen,Water Bottle,North,Marketplace,3,9800.1,5,No,4.9,4,Wallet
ORD-100608,12-06-2025 00:00,CUST-11080,Consumer,Electronics,USB-C Hub,South,Marketplace,8,7727.05,10,No,5,2,Credit Card
ORD-103078,22-04-2024 12:00,CUST-10056,Small Business,Electronics,USB-C Hub,East,Marketplace,3,14223.09,20,No,4.5,5,UPI
ORD-104421,29-06-2025 21:00,CUST-11105,Consumer,Electronics,Smart Watch,North,Mobile App,2,16183.57,5,No,4,2,Credit Card
ORD-100386,06-02-2024 22:00,CUST-11144,Consumer,Fashion,Casual Shirt,Central,Mobile App,6,1532.22,5,No,4.5,3,UPI
ORD-102949,10-10-2024 16:00,CUST-11707,Consumer,Fashion,Hoodie,Central,Website,1,2864.77,10,No,4.8,5,Credit Card
ORD-100992,17-04-2024 13:00,CUST-11665,Small Business,Electronics,Smart Watch,East,Website,2,9311.58,10,No,5,5,Credit Card
ORD-103606,27-06-2024 19:00,CUST-11293,Consumer,Books,Business Strategy,Central,Website,2,620.58,5,No,4.1,2,Debit Card
ORD-105466,19-01-2024 12:00,CUST-11835,Enterprise,Home & Kitchen,Storage Set,West,Mobile App,2,2145.69,15,No,2.8,1,Credit Card
ORD-105231,26-09-2024 21:00,CUST-11908,Consumer,Electronics,Wireless Earbuds,Central,Website,3,19568.15,15,No,3.3,3,UPI
ORD-100390,11-02-2025 18:00,CUST-10368,Consumer,Electronics,Bluetooth Speaker,North,Website,1,8610.82,5,Yes,4.2,4,UPI
ORD-101367,04-09-2024 12:00,CUST-11017,Consumer,Fashion,Hoodie,North,Website,5,2157.36,20,No,3.8,4,Debit Card
ORD-104953,19-03-2024 02:00,CUST-10947,Small Business,Electronics,Wireless Earbuds,North,Marketplace,5,18843.64,5,No,5,2,UPI
ORD-103238,27-04-2025 03:00,CUST-10424,Consumer,Beauty,Face Wash,Central,Website,2,3730.27,10,No,4.8,4,UPI
ORD-103907,13-06-2025 18:00,CUST-10200,Consumer,Beauty,Body Lotion,South,Website,2,1041.64,10,No,5,4,UPI
ORD-105249,07-11-2024 21:00,CUST-10519,Consumer,Electronics,Power Bank,West,Mobile App,4,18119.43,0,No,4.5,4,Debit Card
ORD-104774,27-05-2024 04:00,CUST-10610,Consumer,Fashion,Casual Shirt,Central,Website,2,3205.58,10,No,4,3,Debit Card
ORD-105048,08-06-2024 08:00,CUST-11129,Consumer,Fashion,Backpack,Central,Mobile App,4,2619.09,20,No,4.8,5,Debit Card
ORD-101117,16-11-2024 05:00,CUST-10977,Consumer,Books,Fiction Novel,North,Mobile App,1,1718.45,15,Yes,3.6,3,Credit Card
ORD-105583,11-02-2024 00:00,CUST-10105,Consumer,Electronics,Smart Watch,West,Marketplace,2,8173.47,20,No,5,3,Wallet
ORD-101482,07-06-2024 08:00,CUST-10940,Small Business,Beauty,Hair Dryer,Central,Mobile App,10,1504.4,0,No,4.5,2,Net Banking
ORD-103475,27-04-2024 21:00,CUST-11598,Consumer,Electronics,Bluetooth Speaker,South,Mobile App,1,12275.79,15,No,4.8,4,Debit Card
ORD-101644,13-03-2024 02:00,CUST-11779,Consumer,Electronics,Smart Watch,East,Marketplace,1,5984.01,10,No,4.6,3,Credit Card
ORD-105892,09-03-2024 10:00,CUST-10129,Consumer,Beauty,Skin Serum,East,Mobile App,2,4824.53,15,No,5,4,Debit Card
ORD-102777,08-05-2025 01:00,CUST-10604,Small Business,Fashion,Running Shoes,East,Marketplace,4,1865.72,5,No,4.9,5,Debit Card
ORD-105707,24-06-2024 04:00,CUST-10881,Consumer,Electronics,Power Bank,North,Marketplace,1,5827.22,5,No,4.5,1,Credit Card
ORD-105682,26-07-2024 21:00,,Small Business,Beauty,Skin Serum,North,Mobile App,2,2278.1,10,No,4.8,1,UPI
ORD-105644,28-11-2024 21:00,CUST-11795,Consumer,Home & Kitchen,Coffee Maker,West,Mobile App,2,2372.43,15,No,3.2,4,UPI
ORD-103115,28-09-2024 21:00,CUST-11370,Consumer,Beauty,Face Wash,East,Marketplace,1,2769.08,5,No,4.5,1,Credit Card
ORD-103050,01-04-2025 14:00,CUST-11245,Consumer,Home & Kitchen,Coffee Maker,North,Mobile App,2,0,15,No,3.2,2,UPI
ORD-102622,26-02-2024 17:00,CUST-10289,Small Business,Fashion,Backpack,South,Website,2,5900.11,20,No,4,3,Net Banking
ORD-103583,16-06-2024 23:00,CUST-10022,Consumer,Electronics,Power Bank,North,Mobile App,2,3453.24,0,No,4.8,4,Credit Card
ORD-101669,31-01-2025 07:00,CUST-11236,Small Business,Electronics,Power Bank,Central,Mobile App,1,15992.1,10,No,3.6,4,Credit Card
ORD-100567,16-05-2024 04:00,CUST-10856,Consumer,Home & Kitchen,Air Fryer,Central,Mobile App,1,4546.16,15,No,4,2,Wallet
ORD-105983,24-03-2025 18:00,CUST-11425,Consumer,Beauty,Skin Serum,East,Website,6,3861.62,15,No,4,6,Credit Card
ORD-102380,08-04-2024 01:00,CUST-10039,Consumer,Electronics,Wireless Earbuds,South,Marketplace,2,12720.51,10,No,4.3,1,Debit Card
ORD-103929,07-02-2025 22:00,CUST-10089,Small Business,Books,Fiction Novel,North,Mobile App,3,507.93,10,No,3.6,4,Net Banking
ORD-101552,18-10-2024 04:00,CUST-11884,Small Business,Electronics,USB-C Hub,Central,Mobile App,2,2462.97,15,No,3.5,5,UPI
ORD-105582,22-01-2025 11:00,CUST-10962,Small Business,Fashion,Sports Cap,East,Website,1,2720.98,25,No,4,3,UPI
ORD-102431,11-10-2024 23:00,CUST-11361,Enterprise,Home & Kitchen,Storage Set,North,Marketplace,5,8430.38,25,No,3.4,2,Debit Card
ORD-101888,03-02-2024 13:00,CUST-10823,Small Business,Home & Kitchen,Storage Set,West,Marketplace,1,8502.46,0,No,3.6,1,UPI
ORD-102578,13-06-2025 06:00,CUST-11875,Consumer,Books,Fiction Novel,North,Mobile App,1,410.7,15,Yes,5,2,Wallet
ORD-100433,12-03-2024 13:00,CUST-10913,Consumer,Electronics,Power Bank,East,Mobile App,2,21464.17,0,No,4.9,2,UPI
ORD-100931,17-01-2025 02:00,CUST-10976,Consumer,Fashion,Hoodie,South,Mobile App,2,3651.64,10,No,4.7,5,Net Banking
ORD-102031,06-04-2024 18:00,CUST-10346,Small Business,Books,Business Strategy,East,Mobile App,2,1320.27,5,No,4.6,5,Debit Card
ORD-100437,21-05-2025 11:00,CUST-11546,Consumer,Home & Kitchen,Desk Lamp,South,Website,5,709.25,0,No,4.2,1,Debit Card
ORD-105432,30-06-2024 18:00,CUST-10818,Consumer,Books,SQL Handbook,South,Mobile App,6,527.85,25,No,5,4,Credit Card
ORD-104988,23-05-2025 18:00,CUST-10003,Consumer,Fashion,Backpack,South,Website,2,3620.28,0,No,4.5,3,Net Banking
ORD-100810,25-01-2024 02:00,CUST-11830,Consumer,Fashion,Hoodie,West,Mobile App,3,4443.22,25,No,3.5,1,Net Banking
ORD-102532,20-05-2025 01:00,CUST-11587,Small Business,Fashion,Running Shoes,South,MOBILE APP,2,3705.84,5,No,3,5,Debit Card
ORD-104591,22-01-2024 13:00,CUST-11770,Consumer,Books,SQL Handbook,Central,Mobile App,2,1347.3,15,No,3.5,4,Debit Card
ORD-101923,25-08-2024 06:00,CUST-11374,Consumer,Books,Fiction Novel,South,Website,2,1793.6,30,No,3.9,3,Credit Card
ORD-101616,09-03-2025 18:00,CUST-10667,Consumer,Electronics,Wireless Earbuds,North,Website,5,2898.39,5,No,3.2,4,Credit Card
ORD-104952,03-03-2025 10:00,CUST-11211,Small Business,Books,Leadership Book,East,Website,4,1770.45,10,No,4.1,6,Credit Card
ORD-100620,24-08-2024 18:00,CUST-11746,Consumer,Fashion,Casual Shirt,North,Marketplace,1,4471.92,10,No,3.5,7,Net Banking
ORD-101614,02-02-2024 21:00,CUST-11013,Small Business,Home & Kitchen,Coffee Maker,South,Mobile App,1,10521.23,25,No,3.6,3,UPI
ORD-104051,03-08-2024 04:00,CUST-10562,Consumer,Electronics,Smart Watch,West,Website,1,10476.81,0,No,4.3,4,Debit Card
ORD-102827,30-05-2025 03:00,CUST-10120,Consumer,Electronics,USB-C Hub,West,Website,4,3244.17,25,No,3.2,3,UPI
ORD-100549,06-01-2025 16:00,CUST-10492,Enterprise,Books,Leadership Book,East,Mobile App,3,855.36,25,Yes,4.5,4,Wallet
ORD-104295,26-06-2025 21:00,CUST-10257,Consumer,Books,Business Strategy,North,Marketplace,2,0,20,No,3.5,1,Net Banking
ORD-105321,04-04-2025 01:00,CUST-11146,Consumer,Fashion,Casual Shirt,Central,Mobile App,1,4430.21,30,No,4.1,1,UPI
ORD-102232,27-05-2025 10:00,CUST-11283,Consumer,Home & Kitchen,Desk Lamp,East,Mobile App,3,9650.17,10,No,3.7,1,Net Banking
ORD-100562,26-09-2024 05:00,CUST-11264,Consumer,Books,Data Analytics Guide,West,Mobile App,1,1406.52,15,No,4.6,2,UPI
ORD-102280,20-02-2025 16:00,CUST-11574,Consumer,Books,SQL Handbook,East,Mobile App,1,948.49,20,No,4.4,4,UPI
ORD-103295,10-03-2025 16:00,CUST-10761,Consumer,Beauty,Perfume,West,Mobile App,3,1144.89,15,No,5,3,Wallet
ORD-105517,03-01-2025 02:00,CUST-11150,Consumer,Electronics,Bluetooth Speaker,North,Website,1,1370.52,0,No,4.8,7,Debit Card
ORD-101430,13-09-2024 18:00,CUST-11082,Consumer,Home & Kitchen,Desk Lamp,South,Marketplace,1,11550.14,10,No,5,1,UPI
ORD-104046,03-09-2024 22:00,CUST-10596,Consumer,Home & Kitchen,Water Bottle,North,Marketplace,1,5843.2,25,No,4.2,5,Wallet
ORD-100905,22-01-2025 11:00,CUST-10913,Consumer,Fashion,Sports Cap,North,Mobile App,4,5390.95,20,Yes,3.9,3,Debit Card
ORD-103349,02-03-2025 08:00,CUST-10166,Consumer,Fashion,Sports Cap,North,Mobile App,1,2040.57,25,No,3.5,4,Net Banking
ORD-103795,30-05-2024 04:00,CUST-11685,Consumer,Fashion,Casual Shirt,West,Marketplace,1,4277.49,20,No,5,2,Debit Card
ORD-105422,10-02-2024 04:00,CUST-10105,Consumer,Fashion,Sports Cap,South,Mobile App,3,2235.94,10,Yes,3.9,2,Debit Card
ORD-102679,23-07-2024 11:00,CUST-10529,Consumer,Home & Kitchen,Desk Lamp,North,Mobile App,1,7819.31,20,No,4,1,UPI
ORD-100471,15-03-2025 05:00,CUST-10047,Consumer,Home & Kitchen,Coffee Maker,Central,Website,3,2978.98,20,No,4.4,1,Wallet
ORD-105622,19-04-2024 18:00,CUST-11874,Consumer,Electronics,Power Bank,West,Website,1,18150.27,20,Yes,3.4,5,Debit Card
ORD-105868,19-05-2025 22:00,CUST-10272,Consumer,Home & Kitchen,Water Bottle,East,Website,1,8376.9,20,No,3.4,4,UPI
ORD-103151,02-05-2024 22:00,CUST-11544,Consumer,Beauty,Body Lotion,West,Mobile App,8,4909.26,20,No,3.5,3,UPI
ORD-100823,20-12-2024 23:00,CUST-10241,Consumer,Electronics,Bluetooth Speaker,West,Website,2,14566.22,0,No,4.3,3,Wallet
ORD-101617,04-10-2024 00:00,CUST-11521,Consumer,Fashion,Backpack,East,Mobile App,2,5965.41,30,No,5,3,Debit Card
ORD-104404,22-05-2024 15:00,CUST-11890,Consumer,Fashion,Sports Cap,West,Website,2,3197.7,20,No,3.5,3,Wallet
ORD-103504,10-01-2024 10:00,CUST-10252,Consumer,Beauty,Perfume,West,Marketplace,1,1087.97,15,No,3.7,3,Wallet
ORD-103939,05-10-2024 09:00,CUST-10768,Consumer,Electronics,USB-C Hub,Central,Website,2,4375.46,10,No,3.5,5,UPI
ORD-100661,05-02-2025 06:00,CUST-11565,Consumer,Books,Leadership Book,South,Marketplace,1,754.17,15,No,3.3,7,Net Banking
ORD-105155,14-04-2025 00:00,CUST-11556,Consumer,Books,Data Analytics Guide,West,Website,5,1038.68,10,No,4.4,1,Debit Card
ORD-100150,12-04-2025 05:00,CUST-10843,Consumer,Electronics,USB-C Hub,North,Website,3,1960.98,5,Yes,3.4,4,Debit Card
ORD-103325,03-03-2025 11:00,CUST-10412,Small Business,Electronics,Power Bank,North,Website,4,7752.08,10,No,4.6,2,UPI
ORD-105499,18-01-2024 23:00,CUST-10563,Small Business,Electronics, Smart Watch ,East,Mobile App,3,6259.52,15,Yes,3.7,5,UPI
ORD-103977,23-06-2025 02:00,CUST-10952,Consumer,Electronics,Bluetooth Speaker,West,Website,1,19449.31,15,No,4.2,4,Net Banking
ORD-103013,06-02-2025 04:00,CUST-11404,Small Business,Fashion,Backpack,South,Website,1,4824.09,15,No,3.8,3,UPI
ORD-105343,01-09-2024 05:00,CUST-11293,Consumer,Home & Kitchen,Desk Lamp,Central,Marketplace,3,7208.29,5,No,4.1,3,Debit Card
ORD-103313,02-05-2024 16:00,CUST-11556,Consumer,Electronics,Smart Watch,South,Website,1,16518.59,25,No,2.8,2,Debit Card
ORD-105597,06-01-2025 00:00,CUST-11772,Consumer,Fashion,Running Shoes,Central,Website,2,5698.64,30,No,3.8,3,Credit Card
ORD-101067,15-12-2024 22:00,CUST-11307,Small Business,Fashion,Backpack,Central,Mobile App,3,5050.58,5,No,3.8,6,Credit Card
ORD-104062,11-12-2024 07:00,CUST-10756,Enterprise,Electronics,USB-C Hub,Central,Mobile App,2,13584.24,0,No,4.5,3,Debit Card
ORD-101344,11-04-2024 22:00,CUST-10142,Enterprise,Beauty,Hair Dryer,North,Website,3,996.28,10,No,4.1,5,Credit Card
ORD-101303,04-05-2025 01:00,CUST-10244,Consumer,Home & Kitchen,Water Bottle,South,Website,6,10742.99,0,No,3.2,3,Net Banking
ORD-103288,04-04-2024 21:00,CUST-11434,Small Business,Home & Kitchen,Storage Set,West,Marketplace,1,9436.69,20,No,3.8,3,Credit Card
ORD-105267,10-12-2024 02:00,CUST-10588,Enterprise,Electronics,Wireless Earbuds,East,Mobile App,2,7072.16,30,No,3.1,5,Credit Card
ORD-100056,25-10-2024 10:00,CUST-11042,Enterprise,Fashion,Sports Cap,Central,Website,1,2470.21,0,No,4.1,4,Debit Card
ORD-103245,18-03-2025 06:00,,Small Business,Electronics,Power Bank,West,Mobile App,3,21230.79,15,Yes,4.3,3,UPI
ORD-105675,27-05-2024 16:00,CUST-10321,Small Business,Beauty,Perfume,South,Website,3,1758.13,10,No,4.8,6,UPI
ORD-102241,28-12-2024 06:00,CUST-10137,Small Business,Home & Kitchen,Air Fryer,South,Website,1,1269.74,25,No,3.9,3,Net Banking
ORD-104157,13-06-2024 13:00,CUST-10106,Consumer,Books,Data Analytics Guide,East,Website,1,1625,25,Yes,3.8,4,Debit Card
ORD-102912,14-09-2024 16:00,CUST-11529,Small Business,Fashion,Sports Cap,Central,Marketplace,2,3875.32,25,No,4.2,1,Debit Card
ORD-105117,10-09-2024 05:00,CUST-10441,Consumer,Home & Kitchen,Desk Lamp,North,Mobile App,1,993.56,0,No,2.8,1,Credit Card
ORD-105077,07-01-2024 18:00,CUST-11322,Consumer,Electronics,Smart Watch,East,Mobile App,6,17640.92,20,No,4.8,5,Credit Card
ORD-102182,27-11-2024 00:00,CUST-11550,Consumer,Electronics,Smart Watch,West,Website,5,13082.11,15,No,4.8,4,
ORD-100987,21-06-2024 15:00,CUST-10570,Enterprise,Home & Kitchen,Storage Set,West,Marketplace,1,893.1,20,No,4.1,2,UPI
ORD-104409,25-06-2024 12:00,CUST-11356,Small Business,Electronics,Wireless Earbuds,South,Website,2,11116.04,20,No,5,3,Debit Card
ORD-102906,07-12-2024 04:00,CUST-11748,Small Business,Fashion,Hoodie,South,Mobile App,4,4086.83,20,No,2.9,3,Debit Card
ORD-100970,12-06-2024 02:00,CUST-10018,Consumer,Books,SQL Handbook,West,Website,2,346.01,10,No,4.2,2,Debit Card
ORD-104230,10-02-2024 02:00,CUST-10093,Consumer,Home & Kitchen,Air Fryer,East,Mobile App,3,2086.62,10,No,3.5,1,Credit Card
ORD-103601,29-11-2024 06:00,CUST-10068,Small Business,Electronics,Wireless Earbuds,Central,Mobile App,2,5694.2,15,No,4.1,6,UPI
ORD-105376,03-04-2024 06:00,CUST-11908,Small Business,Beauty,Skin Serum,Central,Website,5,4647.58,10,No,4.7,3,UPI
ORD-102043,13-02-2025 07:00,CUST-10030,Consumer,Home & Kitchen,Coffee Maker,Central,Marketplace,1,10423,25,No,4,5,Credit Card
ORD-105586,02-05-2024 06:00,CUST-11484,Consumer,Electronics,Power Bank,North,Marketplace,1,19005.87,10,No,4.3,3,Net Banking
ORD-103499,02-09-2024 11:00,CUST-10041,Consumer,Fashion,Running Shoes,East,Mobile App,2,1359.82,10,Yes,3.3,4,Debit Card
ORD-104014,03-06-2024 10:00,CUST-11277,Consumer,Electronics,USB-C Hub,South,Marketplace,1,12147.96,25,No,5,3,Wallet
ORD-102467,06-01-2025 01:00,CUST-10627,Small Business,Electronics,Bluetooth Speaker,North,Marketplace,1,5363.6,10,No,3.8,1,Credit Card
ORD-100827,04-05-2025 19:00,CUST-10374,Consumer,Home & Kitchen,Water Bottle,Central,Website,2,2340.68,5,No,4.5,4,Credit Card
ORD-103382,08-06-2025 17:00,CUST-10844,Consumer,Fashion,Backpack,South,Mobile App,1,0,15,No,5,4,Credit Card
ORD-102066,30-01-2025 22:00,CUST-10356,Consumer,Fashion,Sports Cap,West,Website,2,5780.73,5,No,4.9,4,UPI
ORD-100218,01-09-2024 02:00,CUST-11380,Consumer,Home & Kitchen,Water Bottle,North,Mobile App,2,11833.7,0,No,4.6,5,Debit Card
ORD-103243,10-10-2024 08:00,CUST-10667,Consumer,Beauty,Hair Dryer,South,Website,1,4804.38,5,No,4.3,1,UPI
ORD-104174,06-08-2024 16:00,CUST-11699,Consumer,Home & Kitchen,Storage Set,Central,Website,1,11024.73,0,No,4.5,2,Wallet
ORD-103894,28-11-2024 07:00,CUST-11774,Consumer,Electronics,Smart Watch,West,Marketplace,8,17328.71,15,No,4.3,4,Wallet
ORD-105058,19-05-2024 05:00,CUST-11440,Consumer,Fashion,Backpack,East,Website,1,2718.35,0,No,4.6,1,Credit Card
ORD-102112,14-05-2025 07:00,CUST-10477,Consumer,Beauty,Body Lotion,North,Website,1,2605.22,30,No,3.5,3,Wallet
ORD-102624,18-05-2025 01:00,CUST-11231,Consumer,Electronics,Smart Watch,Central,Website,2,21712.46,5,No,4.2,1,Wallet
ORD-100063,12-06-2025 07:00,CUST-10789,Consumer,Books,SQL Handbook,South,Mobile App,2,1481.08,5,No,3.7,7,Credit Card
ORD-101050,04-10-2024 13:00,CUST-10042,Consumer,Books,SQL Handbook,North,Mobile App,2,481.81,5,No,5,3,Net Banking
ORD-101285,27-01-2024 17:00,CUST-10523,Consumer,Electronics,Power Bank,West,Marketplace,4,14783.08,15,No,3.5,1,Net Banking
ORD-105004,25-02-2025 21:00,CUST-10057,Small Business,Beauty,Perfume,South,Website,1,2663.05,25,No,3.9,4,Net Banking
ORD-102768,18-09-2024 07:00,CUST-11418,Consumer,Home & Kitchen,Storage Set,Central,Marketplace,1,2703.93,5,No,4.4,2,Debit Card
ORD-101977,05-07-2024 23:00,CUST-11730,Enterprise,Electronics,Bluetooth Speaker,Central,Website,1,20828.81,10,No,2.8,2,Wallet
ORD-100446,20-06-2024 07:00,CUST-11312,Consumer,Fashion,Running Shoes,North,Website,2,4168.57,20,No,4.1,4,Wallet
ORD-100587,24-02-2024 02:00,CUST-10464,Small Business,Home & Kitchen,Air Fryer,South,Website,1,5908.03,0,No,3.3,3,Net Banking
ORD-103281,16-02-2025 00:00,CUST-11541,Consumer,Electronics,Smart Watch,South,Mobile App,2,3774.38,15,No,4.3,2,UPI
ORD-101890,11-04-2024 03:00,CUST-10910,Consumer,Electronics,Wireless Earbuds,South,Website,2,20315.79,25,No,4.3,6,Credit Card
ORD-103464,15-07-2024 11:00,CUST-11744,Consumer,Fashion,Hoodie,North,Website,1,5004.72,30,Yes,3.5,5,Debit Card
ORD-103074,13-11-2024 13:00,CUST-11048,Consumer,Beauty,Skin Serum,Central,Mobile App,1,2960.44,25,No,4.1,4,Credit Card
ORD-100308,21-06-2024 09:00,CUST-11154,Consumer,Fashion,Casual Shirt,North,Website,2,4105.51,25,No,3.4,6,UPI
ORD-103938,29-01-2025 15:00,CUST-10309,Consumer,Electronics,USB-C Hub,East,Website,1,16447.66,5,No,3.4,5,Debit Card
ORD-104186,25-05-2024 03:00,CUST-10205,Consumer,Electronics,Power Bank,East,Marketplace,1,13591.91,10,No,4.2,6,Debit Card
ORD-105164,12-07-2024 20:00,CUST-10950,Small Business,Home & Kitchen,Water Bottle,West,Website,1,8754.05,0,No,3.6,5,Wallet
ORD-100151,02-06-2024 15:00,CUST-11678,Consumer,Fashion,Running Shoes,North,Marketplace,1,5437.07,0,No,3.5,1,Credit Card
ORD-104118,23-04-2024 07:00,CUST-11281,Small Business,Electronics,USB-C Hub,North,Mobile App,4,20534.97,5,No,4.7,1,Wallet
ORD-100070,10-03-2025 11:00,CUST-11894,Consumer,Electronics,Wireless Earbuds,North,Website,3,15869.35,15,No,4.4,2,Credit Card
ORD-100230,09-09-2024 22:00,CUST-11907,Consumer,Home & Kitchen,Storage Set,Central,Marketplace,1,6252.39,0,No,3.6,3,UPI
ORD-101222,09-06-2025 00:00,CUST-10630,Consumer,Home & Kitchen,Coffee Maker,East,Mobile App,1,8032.91,5,No,4.5,3,Wallet
ORD-100612,04-03-2025 04:00,CUST-11633,Consumer,Fashion,Backpack,Central,Website,2,1195.72,0,No,4.3,3,UPI
ORD-105419,16-12-2024 23:00,CUST-11219,Consumer,Electronics,Smart Watch,Central,Website,3,12512.1,20,No,5,1,Net Banking
ORD-101443,24-08-2024 10:00,CUST-10385,Consumer,Books,SQL Handbook,South,Website,2,1544.16,5,No,3.5,5,
ORD-104141,14-04-2025 08:00,CUST-11061,Consumer,Fashion,Sports Cap,North,Website,5,2511.75,5,No,3.8,4,UPI
ORD-100198,04-07-2024 01:00,CUST-11849,Consumer,Electronics,Bluetooth Speaker,East,Mobile App,4,12366.48,0,No,3.9,6,UPI
ORD-104099,02-07-2024 15:00,CUST-11288,Consumer,Electronics,Bluetooth Speaker,South,Marketplace,1,21422.2,25,No,3.8,4,
ORD-100585,20-05-2025 00:00,CUST-11249,Enterprise,Beauty,Body Lotion,North,Website,1,1814.1,30,No,3.2,3,Credit Card
ORD-105509,26-04-2025 15:00,CUST-10501,Consumer,Books,Leadership Book,East,Website,4,391.46,10,No,4.4,2,Credit Card
ORD-102978,03-06-2024 10:00,CUST-11059,Small Business,Electronics,Bluetooth Speaker,North,Website,2,19773.65,10,No,3.6,6,Net Banking
ORD-104351,04-11-2024 22:00,CUST-10456,Enterprise,Electronics,USB-C Hub,West,Website,2,11452.38,10,No,4.3,3,Debit Card
ORD-101379,22-10-2024 07:00,CUST-10450,Consumer,Electronics,Wireless Earbuds,West,Website,4,19178.84,5,Yes,4.5,2,Credit Card
ORD-100256,05-01-2025 01:00,CUST-10597,Consumer,Electronics,Bluetooth Speaker,Central,Website,2,15843.14,5,No,4.2,4,Wallet
ORD-101428,25-05-2024 19:00,CUST-10142,Small Business,Electronics,Smart Watch,Central,Mobile App,2,4902.33,0,No,4,4,UPI
ORD-100773,26-01-2025 22:00,CUST-11032,Enterprise,Beauty,perfume,West,Website,2,384.25,0,No,3.6,4,Debit Card
ORD-100656,22-02-2025 10:00,CUST-10640,Consumer,Electronics,USB-C Hub,Central,Mobile App,4,5359.75,20,No,3.1,3,Net Banking
ORD-104784,06-04-2025 00:00,CUST-11199,Consumer,Home & Kitchen,Desk Lamp,South,Website,1,6456.89,5,No,4.6,2,Debit Card
ORD-104589,12-06-2024 08:00,CUST-11612,Small Business,Home & Kitchen,Storage Set,North,Marketplace,2,6311.61,20,No,4.2,3,UPI
ORD-100900,03-01-2024 09:00,CUST-10063,Small Business,Electronics,Bluetooth Speaker,South,Mobile App,3,6240.21,5,No,3.3,4,Net Banking
ORD-102394,15-09-2024 08:00,CUST-10620,Consumer,Home & Kitchen,Storage Set,Central,Website,6,8981.8,20,No,5,3,Debit Card
ORD-100145,10-04-2025 23:00,CUST-10618,Small Business,Fashion,Casual Shirt,Central,Mobile App,1,811.4,15,No,4.5,2,Net Banking
ORD-103396,04-09-2024 18:00,CUST-10260,Consumer,Beauty,Skin Serum,Central,Mobile App,1,4158.76,20,No,4,1,Debit Card
ORD-103468,13-10-2024 13:00,CUST-11925,Consumer,Books,Fiction Novel,Central,Website,5,448.14,10,No,3.4,4,Debit Card
ORD-105964,10-02-2025 03:00,CUST-11422,Small Business,Home & Kitchen,Storage Set,North,Mobile App,2,5457.11,10,No,3.8,3,Credit Card
ORD-101733,17-04-2025 15:00,CUST-11383,Consumer,Electronics,Wireless Earbuds,West,Website,6,16966.31,0,No,4.6,5,Wallet
ORD-100460,29-01-2025 23:00,CUST-11238,Consumer,Home & Kitchen,Water Bottle,West,Marketplace,1,9793.26,15,No,3.9,1,UPI
ORD-100863,25-02-2025 14:00,CUST-11918,Consumer,Home & Kitchen,Coffee Maker,West,Website,4,2344.96,15,No,3,1,UPI
ORD-105829,06-09-2024 03:00,CUST-10073,Small Business,Books,SQL Handbook,South,Marketplace,1,870.88,20,No,3.4,6,Credit Card
ORD-101301,07-08-2024 03:00,CUST-11147,Small Business,Fashion,Sports Cap,south,Mobile App,5,5415.7,15,No,4,1,Credit Card
ORD-101410,03-02-2024 02:00,CUST-10125,Consumer,Home & Kitchen,Coffee Maker,East,Mobile App,4,9744.72,10,No,4.1,7,Credit Card
ORD-104723,29-01-2024 06:00,CUST-10935,Small Business,Home & Kitchen,Storage Set,South,Website,2,2312.54,30,No,3.8,3,UPI
ORD-102399,05-02-2025 04:00,CUST-10257,Consumer,Electronics,Power Bank,North,Website,2,16054.3,10,No,4.5,3,Credit Card
ORD-103355,28-08-2024 22:00,CUST-11917,Small Business,Home & Kitchen,Desk Lamp,Central,Mobile App,1,5109.76,10,No,4.9,3,Credit Card
ORD-101424,19-05-2024 14:00,CUST-10173,Small Business,Fashion,Running Shoes,West,Website,2,2984.62,0,Yes,4.9,5,Net Banking
ORD-104083,06-03-2025 00:00,CUST-10442,Consumer,Electronics,Bluetooth Speaker,North,Website,1,19116.89,10,No,4.1,4,Credit Card
ORD-101515,23-05-2025 00:00,CUST-10630,Consumer,Home & Kitchen,Storage Set,South,Mobile App,1,10279.7,5,No,,4,Credit Card
ORD-104525,07-09-2024 07:00,CUST-10850,Consumer,Electronics,USB-C Hub,South,Website,2,11838.48,20,No,4,4,UPI
ORD-105687,13-05-2024 23:00,CUST-11050,Consumer,Electronics,USB-C Hub,West,Website,1,6296.92,20,No,4.6,4,Debit Card
ORD-100135,14-06-2024 23:00,CUST-10174,Consumer,Beauty,Hair Dryer,South,Website,1,2718.64,10,No,5,5,Debit Card
ORD-104030,22-10-2024 19:00,CUST-11932,Consumer,Electronics,Bluetooth Speaker,South,Website,4,20286.83,10,No,5,5,Net Banking
ORD-101173,06-04-2024 22:00,CUST-11516,Consumer,Home & Kitchen,Coffee Maker,South,Mobile App,-3,5906.15,30,No,2.8,5,UPI
ORD-101807,19-09-2024 21:00,CUST-10856,Consumer,Fashion,Backpack,West,Website,3,2195.32,10,No,3.4,2,Wallet
ORD-104455,06-02-2024 16:00,CUST-11577,Consumer,Fashion,Casual Shirt,North,Website,4,4437.7,5,Yes,3.9,1,UPI
ORD-102252,13-05-2024 01:00,CUST-11571,Consumer,Electronics,Bluetooth Speaker,South,Mobile App,1,15933.85,5,No,2.8,3,Debit Card
ORD-104538,31-03-2025 10:00,CUST-11291,Consumer,Electronics,Bluetooth Speaker,West,Website,3,9516.24,5,No,3.3,3,Wallet
ORD-100231,12-04-2025 17:00,CUST-10022,Small Business,Electronics,Power Bank,East,Marketplace,1,20460.09,10,No,4.2,6,UPI
ORD-105186,16-04-2025 06:00,CUST-10795,Small Business,Home & Kitchen,Desk Lamp,West,Website,1,4254.88,10,No,2.9,3,UPI
ORD-105316,20-10-2024 09:00,CUST-11519,Consumer,Books,Leadership Book,West,Website,1,1366.85,15,No,3.4,3,Credit Card
ORD-103314,07-08-2024 23:00,CUST-10665,Enterprise,Fashion,Running Shoes,Central,Website,4,2787.08,30,No,4.4,5,Net Banking
ORD-102979,16-09-2024 16:00,CUST-10354,Consumer,Fashion,Casual Shirt,North,Mobile App,4,3827.61,15,No,4.8,5,UPI
ORD-100894,13-02-2025 05:00,CUST-11791,Consumer,Books,Leadership Book,West,Mobile App,5,1218.48,5,No,5,5,Credit Card
ORD-102240,02-05-2024 02:00,CUST-11648,Consumer,Electronics,Wireless Earbuds,North,Mobile App,4,0,10,No,5,4,Debit Card
ORD-104226,02-09-2024 09:00,CUST-10814,Enterprise,Electronics,Smart Watch,West,Website,1,21675.61,25,No,3,4,Credit Card
ORD-103556,19-01-2025 17:00,CUST-11455,Consumer,Books,Data Analytics Guide,West,Website,1,1593.55,5,No,4.3,2,Credit Card
ORD-104158,19-04-2024 01:00,CUST-11688,Consumer,Electronics,Smart Watch,East,Mobile App,1,20088.95,10,No,3,1,Debit Card
ORD-105793,16-06-2025 02:00,CUST-11362,Consumer,Beauty,Skin Serum,South,Mobile App,1,914.46,15,No,3,1,Credit Card
ORD-103111,20-02-2025 17:00,CUST-11476,Consumer,Home & Kitchen,Water Bottle,Central,Marketplace,2,4722.48,20,No,3.9,2,Credit Card
ORD-102245,30-03-2025 14:00,CUST-11645,Consumer,Fashion,Running Shoes,Central,Website,1,3854.74,5,No,3.7,4,Wallet
ORD-103486,04-07-2024 20:00,CUST-10842,Small Business,Electronics,USB-C Hub,North,Website,3,3660.62,20,No,2.8,3,Credit Card
ORD-105407,19-03-2025 13:00,CUST-11634,Consumer,Fashion,Backpack,Central,Website,2,2289.46,10,No,,4,Credit Card
ORD-103106,14-04-2025 20:00,CUST-10144,Consumer,Books,Business Strategy,North,Website,8,963.99,15,No,4.5,3,Debit Card
ORD-102130,27-01-2025 01:00,CUST-11809,Consumer,Home & Kitchen,Desk Lamp,North,MOBILE APP,1,10448.07,0,No,4.3,4,Credit Card
ORD-103589,11-05-2025 18:00,CUST-10811,Consumer,Fashion,Running Shoes,East,Mobile App,2,4886.81,5,No,5,3,Credit Card
ORD-101176,21-06-2024 19:00,CUST-11563,Consumer,Fashion,Sports Cap,East,Website,3,3251.63,10,No,3.3,2,UPI
ORD-102257,22-12-2024 09:00,CUST-10164,Consumer,Home & Kitchen,Air Fryer,West,Mobile App,2,5764.91,0,No,3.9,2,UPI
ORD-100154,25-08-2024 03:00,CUST-11357,Consumer,Electronics,USB-C Hub,North,Mobile App,2,15880.37,5,No,4.3,1,Net Banking
ORD-102602,02-03-2025 04:00,CUST-10087,Consumer,Books,Data Analytics Guide,West,Website,1,1116.88,30,No,4.1,2,Wallet
ORD-100113,07-09-2024 14:00,CUST-11130,Consumer,Fashion,Casual Shirt,East,Mobile App,1,1419.14,0,No,4.5,3,UPI
ORD-104628,20-02-2025 04:00,CUST-11390,Consumer,Electronics,Power Bank,South,Website,2,3515.71,5,No,5,1,Credit Card
ORD-100539,12-01-2024 13:00,CUST-10494,Consumer,Home & Kitchen,Water Bottle,Central,Website,1,8138.08,15,No,4.3,5,Credit Card
ORD-104175,09-07-2024 11:00,CUST-11512,Consumer,Electronics,USB-C Hub,East,Mobile App,1,16650.28,0,No,4,3,UPI
ORD-103437,25-12-2024 13:00,CUST-10193,Consumer,Home & Kitchen,Air Fryer,North,Mobile App,1,6306.44,10,No,4.4,3,UPI
ORD-102908,10-03-2024 16:00,CUST-11378,Consumer,Home & Kitchen,Air Fryer,South,Mobile App,1,5332.03,25,No,4.4,4,UPI
ORD-103265,16-12-2024 16:00,CUST-11005,Small Business,Beauty,Perfume,East,Mobile App,2,339.78,10,No,5,4,Credit Card
ORD-102570,13-03-2025 22:00,CUST-10244,Consumer,Electronics,Bluetooth Speaker,South,Website,2,21575.99,5,No,4.6,3,Credit Card
ORD-100751,21-03-2024 16:00,CUST-10338,Consumer,Fashion,Hoodie,East,Mobile App,4,1219.37,0,No,3.2,3,Credit Card
ORD-103531,08-02-2024 22:00,CUST-10346,Consumer,Books,Data Analytics Guide,East,Mobile App,1,1713.27,0,No,4,5,Debit Card
ORD-101272,23-05-2025 16:00,CUST-11396,Consumer,Beauty,Perfume,Central,Website,3,4491.38,20,No,4.1,3,UPI
ORD-104166,09-09-2024 11:00,CUST-10029,Enterprise,Fashion,Casual Shirt,Central,Website,3,3833.82,10,No,3.8,2,Debit Card
ORD-102172,28-06-2025 06:00,CUST-10326,Small Business,Beauty,Hair Dryer,South,Mobile App,3,3176.47,30,No,3.6,2,UPI
ORD-102271,22-06-2024 19:00,CUST-11099,Enterprise,Books,Data Analytics Guide,West,Mobile App,3,1491.96,10,No,4.3,4,Debit Card
ORD-101540,16-09-2024 15:00,CUST-10336,Small Business,Electronics,Power Bank,West,Mobile App,1,3460.85,5,No,3.6,3,UPI
ORD-101042,14-08-2024 17:00,CUST-10302,Small Business,Electronics,Power Bank,North,Mobile App,3,3443.68,15,No,3.9,2,Credit Card
ORD-103173,07-07-2024 04:00,CUST-10268,Consumer,Home & Kitchen,Desk Lamp,Central,Mobile App,5,10229.6,0,No,3.9,1,Credit Card
ORD-100640,01-01-2025 07:00,CUST-11344,Small Business,Electronics,Wireless Earbuds,Central,Mobile App,1,13044.4,5,No,4.5,4,Debit Card
ORD-104276,07-02-2024 03:00,CUST-10249,Enterprise,Home & Kitchen,Coffee Maker,West,Marketplace,1,2211.15,15,Yes,3.6,2,Credit Card
ORD-102197,14-04-2025 21:00,CUST-10242,Consumer,Home & Kitchen,Air Fryer,West,Mobile App,1,4109.52,5,No,3.7,2,Debit Card
ORD-101262,30-08-2024 16:00,CUST-11124,Consumer,Home & Kitchen,Desk Lamp,East,Website,3,3092.84,15,No,3.9,4,Credit Card
ORD-102928,11-04-2024 08:00,CUST-11597,Consumer,Books,Leadership Book,East,Website,2,959.4,25,No,4.5,4,UPI
ORD-100268,30-11-2024 10:00,CUST-10970,Small Business,Books,Business Strategy,West,Website,1,322.13,10,Yes,4.4,2,UPI
ORD-104770,10-06-2024 08:00,CUST-11031,Enterprise,Electronics,Smart Watch,East,Website,1,21960.51,5,No,4.2,6,Debit Card
ORD-105149,24-10-2024 16:00,CUST-10367,Consumer,Electronics,Power Bank,West,Website,2,3717.37,10,No,3.7,2,UPI
ORD-105332,01-08-2024 10:00,CUST-10349,Consumer,Electronics,Power Bank,North,Website,3,5769.32,10,No,4,3,UPI
ORD-103865,28-02-2025 01:00,CUST-10047,Consumer,Home & Kitchen,Desk Lamp,North,Marketplace,1,1609.76,5,No,5,3,Wallet
ORD-103639,04-12-2024 09:00,CUST-11643,Small Business,Home & Kitchen,Coffee Maker,South,Mobile App,2,4948.99,30,No,5,2,Debit Card
ORD-102028,13-10-2024 23:00,CUST-10904,Consumer,Fashion,Hoodie,South,Mobile App,3,4521.22,5,No,3.9,3,UPI
ORD-100227,12-11-2024 06:00,CUST-10519,Consumer,Electronics,USB-C Hub,West,Mobile App,1,11803.99,10,No,3.9,1,UPI
ORD-102665,19-10-2024 22:00,CUST-10112,Consumer,Fashion,Backpack,West,Website,4,3154.78,10,No,4.2,5,Wallet
ORD-102452,21-02-2024 21:00,CUST-10827,Consumer,Beauty,Perfume,North,Website,1,632.45,5,No,4.5,4,Net Banking
ORD-101666,14-02-2025 10:00,CUST-11272,Consumer,Beauty,Perfume,South,Website,6,2999.97,15,No,4.1,3,UPI
ORD-102661,27-02-2025 03:00,CUST-11274,Consumer,Electronics,Bluetooth Speaker,North,Mobile App,1,11039.98,5,Yes,3.3,3,UPI
ORD-100122,23-12-2024 08:00,CUST-10927,Enterprise,Home & Kitchen,Storage Set,Central,Marketplace,2,2791.08,5,No,3.9,3,Wallet
ORD-102991,14-12-2024 08:00,CUST-11917,Consumer,Fashion,Sports Cap,North,Website,5,1307.63,10,No,4.9,4,Credit Card
ORD-102425,02-11-2024 10:00,CUST-11371,Small Business,Fashion,Running Shoes,North,Website,3,2932.55,15,No,3.9,5,UPI
ORD-101011,12-03-2025 18:00,CUST-11862,Consumer,Electronics,Smart Watch,South,Website,3,13790.62,0,No,4.4,1,Credit Card
ORD-103779,31-08-2024 16:00,CUST-10351,Consumer,Beauty,Face Wash,West,Mobile App,2,2126.22,20,No,3.8,3,Debit Card
ORD-101031,04-04-2024 11:00,CUST-11621,Consumer,Home & Kitchen,Water Bottle,Central,Marketplace,3,4537.52,0,No,4.8,3,Wallet
ORD-100438,14-02-2024 03:00,CUST-10970,Small Business,Electronics,Smart Watch,West,Website,1,12526.27,15,No,4.3,2,Wallet
ORD-101357,14-03-2024 08:00,CUST-11747,Consumer,Home & Kitchen,Storage Set,South,Mobile App,1,1472.24,10,No,4.9,2,Credit Card
ORD-102212,26-11-2024 07:00,CUST-11468,Small Business,Books,Leadership Book,East,Website,1,384.26,20,No,5,3,Credit Card
ORD-101975,28-01-2024 08:00,CUST-10016,Small Business,Home & Kitchen,Water Bottle,West,Marketplace,1,9913.34,15,No,4.6,3,Net Banking
ORD-101889,02-09-2024 15:00,CUST-11089,Consumer,Books,Data Analytics Guide,Central,Mobile App,1,488.3,20,No,3.2,4,Credit Card
ORD-105559,14-03-2024 20:00,CUST-11880,Enterprise,Books,SQL Handbook,Central,Mobile App,1,1243.87,30,No,3.1,2,Debit Card
ORD-104543,30-11-2024 10:00,CUST-10219,Consumer,Books,Data Analytics Guide,South,Website,1,1635.11,25,No,4.1,6,UPI
ORD-103372,17-06-2024 13:00,CUST-10601,Consumer,Books,Data Analytics Guide,Central,Website,4,1709.23,15,No,3.8,5,UPI
ORD-103297,10-05-2025 14:00,CUST-11645,Consumer,Fashion,Hoodie,South,Marketplace,1,1579.21,0,No,5,1,Wallet
ORD-105250,22-03-2024 11:00,CUST-11334,Small Business,Home & Kitchen,Air Fryer,North,Mobile App,1,7794.21,5,No,4.3,2,UPI
ORD-100120,28-08-2024 01:00,CUST-10729,Consumer,Electronics,Power Bank,Central,Mobile App,3,9339.52,5,No,4.5,5,Debit Card
ORD-103088,06-05-2024 07:00,CUST-11682,Small Business,Home & Kitchen,Desk Lamp,Central,Website,8,2609.85,0,No,4.6,3,UPI
ORD-104587,16-06-2024 23:00,CUST-10518,Consumer,Books,Fiction Novel,North,Website,2,1798.6,5,No,4.4,1,Wallet
ORD-103997,06-04-2025 18:00,CUST-11014,Small Business,Home & Kitchen,Storage Set,Central,Mobile App,2,4424.74,5,No,4.3,4,Credit Card
ORD-101697,22-03-2024 13:00,CUST-11186,Small Business,Home & Kitchen,Coffee Maker,West,Marketplace,1,4489.95,15,No,3.5,5,Wallet
ORD-105561,04-03-2024 20:00,CUST-10414,Small Business,Electronics,Wireless Earbuds,South,Website,4,18050.95,15,No,4.5,3,Credit Card
ORD-103010,20-07-2024 16:00,CUST-10161,Small Business,Beauty,Hair Dryer,Central,Mobile App,2,977.08,15,No,3.8,3,Net Banking
ORD-103854,20-09-2024 05:00,CUST-10434,Consumer,Electronics,Smart Watch,West,Marketplace,1,21329.99,15,No,4,3,Credit Card
ORD-104210,23-03-2024 11:00,CUST-11129,Consumer,Fashion,Hoodie,South,Website,1,4553.08,5,No,3.6,1,Net Banking
ORD-101800,01-02-2024 03:00,CUST-10403,Consumer,Home & Kitchen,Air Fryer,South,Marketplace,2,4142.37,30,Yes,4.4,3,Wallet
ORD-101940,30-03-2024 18:00,CUST-11644,Consumer,Books,SQL Handbook,South,Website,10,1442.06,15,No,5,2,Wallet
ORD-105060,20-10-2024 21:00,CUST-10414,Small Business,Fashion,Backpack,West,Mobile App,2,5904.76,25,No,4,3,Credit Card
ORD-101798,18-09-2024 11:00,CUST-11402,Small Business,Beauty,Skin Serum,West,Mobile App,2,1070.26,5,No,4.8,4,Wallet
ORD-105714,06-06-2025 16:00,CUST-10014,Consumer,Electronics,USB-C Hub,North,Website,1,14125.58,15,Yes,4.6,4,Net Banking
ORD-103108,06-05-2025 20:00,CUST-10009,Consumer,Home & Kitchen,Air Fryer,East,Mobile App,2,5840.02,20,No,4.5,4,UPI
ORD-104523,22-06-2025 18:00,CUST-11350,Consumer,Electronics,Power Bank,Central,Mobile App,1,2478.69,10,No,3.9,3,Credit Card
ORD-100052,17-07-2024 16:00,CUST-10733,Enterprise,Fashion,Hoodie,West,Mobile App,10,991.9,10,No,3.1,6,UPI
ORD-102008,06-03-2025 01:00,CUST-11703,Small Business,Fashion,Casual Shirt,North,Website,4,5778.41,10,No,3.7,6,Wallet
ORD-100249,23-01-2024 17:00,CUST-11454,Consumer,Home & Kitchen,Water Bottle,East,Marketplace,1,5303.33,5,No,4.5,2,UPI
ORD-101232,13-06-2025 20:00,CUST-10662,Consumer,Beauty,Face Wash,East,Website,2,3445.05,10,No,3.3,2,Credit Card
ORD-102104,20-04-2025 16:00,CUST-10479,Consumer,Beauty,Skin Serum,West,Marketplace,3,4349.33,5,No,4.6,5,Credit Card
ORD-105313,03-08-2024 08:00,CUST-10340,Small Business,Home & Kitchen,Coffee Maker,South,Marketplace,2,10949.49,5,No,4.5,5,Credit Card
ORD-101466,13-12-2024 01:00,CUST-10083,Consumer,Electronics,Bluetooth Speaker,South,Mobile App,1,5540.73,30,No,3.3,3,Credit Card
ORD-102976,26-09-2024 22:00,CUST-11743,Consumer,Beauty,Skin Serum,West,Website,1,1969.47,20,No,4.4,2,Net Banking
ORD-101947,15-05-2025 15:00,CUST-11377,Consumer,Beauty,Skin Serum,East,Website,1,358.92,15,No,3.9,3,Credit Card
ORD-104910,31-05-2025 22:00,CUST-10188,Consumer,Books,Data Analytics Guide,South,Website,2,966.92,0,Yes,3.5,3,Net Banking
ORD-105051,23-03-2024 10:00,,Consumer,Beauty,Body Lotion,North,Mobile App,10,1574.56,5,No,3.6,1,Credit Card
ORD-100850,19-06-2025 03:00,CUST-11328,Consumer,Home & Kitchen,Water Bottle,West,Mobile App,1,8672.81,20,No,4.1,2,UPI
ORD-104792,14-06-2025 06:00,CUST-11605,Small Business,Electronics,Power Bank,Central,Marketplace,1,10161.43,10,No,3.9,4,Credit Card
ORD-105428,17-01-2024 05:00,CUST-10358,Consumer,Books,Leadership Book,North,Marketplace,2,1150.35,30,No,4.1,3,Net Banking
ORD-104937,18-11-2024 21:00,CUST-10042,Consumer,Electronics,Power Bank,South,Website,1,13091.22,15,No,4.5,5,Net Banking
ORD-103915,12-02-2024 16:00,CUST-11701,Small Business,Books,Fiction Novel,West,Website,1,341.7,20,No,4.2,3,UPI
ORD-104785,15-07-2024 03:00,CUST-11287,Consumer,Books,Leadership Book,West,Mobile App,3,1119.49,5,No,3.4,5,Debit Card
ORD-105617,10-04-2024 08:00,CUST-11155,Consumer,Fashion,Running Shoes,North,Website,5,1845,5,No,3.4,4,UPI
ORD-103002,22-05-2025 18:00,CUST-10465,Consumer,Fashion,Casual Shirt,west,Website,4,2161.38,10,No,4.1,1,Wallet
ORD-105336,07-02-2025 13:00,CUST-10488,Consumer,Beauty,Skin Serum,West,Mobile App,4,4627.98,0,No,3.8,6,Credit Card
ORD-105631,01-11-2024 01:00,CUST-11147,Enterprise,Fashion,Casual Shirt,Central,Website,3,5041.71,10,No,4.9,1,UPI
ORD-103447,03-11-2024 16:00,CUST-11467,Small Business,Home & Kitchen,Air Fryer,West,Mobile App,2,6011.06,5,No,4.8,3,Net Banking
ORD-104433,03-03-2024 06:00,CUST-11873,Consumer,Electronics,Power Bank,Central,Website,3,20012.24,30,No,4.5,1,Credit Card
ORD-102870,03-06-2024 08:00,CUST-11139,Enterprise,Fashion,Backpack,West,Marketplace,1,3538.63,0,Yes,4.1,4,Wallet
ORD-105828,05-03-2024 12:00,CUST-10294,Enterprise,Electronics,Bluetooth Speaker,South,Website,1,11608.66,15,No,3.5,4,UPI
ORD-100873,09-03-2024 05:00,CUST-11826,Small Business,Electronics,Bluetooth Speaker,South,Website,2,17318.76,10,No,3.7,4,Credit Card
ORD-104550,25-01-2024 11:00,CUST-10817,Small Business,Books,SQL Handbook,Central,Mobile App,3,0,0,No,3.7,3,Credit Card
ORD-104796,02-10-2024 04:00,CUST-11211,Enterprise,Electronics,USB-C Hub,East,Marketplace,8,12796.53,10,No,3.3,1,Net Banking
ORD-102959,17-09-2024 23:00,CUST-11041,Small Business,Home & Kitchen,Water Bottle,Central,Website,5,3758.97,20,No,3,2,UPI
ORD-100084,09-12-2024 21:00,CUST-11583,Consumer,Beauty,Body Lotion,South,Mobile App,6,4459.26,5,No,4.5,5,UPI
ORD-101925,12-03-2024 22:00,CUST-11231,Consumer,Home & Kitchen,Air Fryer,South,Website,2,6410.19,0,No,3.6,7,Wallet
ORD-105769,26-10-2024 10:00,CUST-11908,Enterprise,Electronics,Bluetooth Speaker,East,Website,6,12646.52,5,No,4,2,Wallet
ORD-105856,16-09-2024 08:00,CUST-10406,Consumer,Books,Fiction Novel,West,Website,2,1377.3,20,No,4.3,4,Credit Card
ORD-101414,15-11-2024 10:00,CUST-10278,Consumer,Electronics,USB-C Hub,East,Marketplace,1,6088.57,20,No,4,3,Wallet
ORD-104818,18-10-2024 16:00,CUST-11717,Consumer,Books,Business Strategy,North,Mobile App,3,1651.48,20,No,4.5,4,Wallet
ORD-100005,13-04-2025 19:00,CUST-10655,Consumer,Beauty,Hair Dryer,East,Marketplace,3,1462.72,5,No,,6,Credit Card
ORD-102542,06-06-2025 06:00,CUST-10215,Consumer,Fashion,Hoodie,North,Mobile App,5,3802.51,10,No,2.3,1,UPI
ORD-101578,02-03-2024 16:00,CUST-11202,Consumer,Home & Kitchen,Desk Lamp,Central,Mobile App,1,10362.09,25,No,4.7,1,Debit Card
ORD-100771,22-06-2025 17:00,CUST-10435,Consumer,Books,Fiction Novel,Central,Mobile App,2,667.89,0,No,3.2,2,Credit Card
ORD-103847,15-07-2024 09:00,CUST-11547,Consumer,Home & Kitchen,Coffee Maker,West,Website,1,2700.23,15,No,3.9,4,Credit Card
ORD-103071,19-09-2024 17:00,CUST-11252,Small Business,Electronics,Bluetooth Speaker,North,Website,1,19673.65,30,No,5,1,Credit Card
ORD-101834,11-08-2024 22:00,CUST-10837,Enterprise,Home & Kitchen,Coffee Maker,East,Website,4,8986.96,15,No,3.7,2,Credit Card
ORD-105853,08-01-2025 11:00,CUST-11591,Consumer,Fashion,Hoodie,Central,Marketplace,2,1743.16,20,No,4.2,3,UPI
ORD-100263,20-05-2025 03:00,CUST-10397,Small Business,Home & Kitchen,Desk Lamp,South,Website,2,2824.55,10,No,4.8,4,UPI
ORD-105228,17-02-2024 02:00,CUST-11677,Consumer,Books,Business Strategy,Central,Marketplace,5,1708.18,20,No,4.6,3,Debit Card
ORD-105301,26-06-2025 06:00,CUST-10629,Small Business,Home & Kitchen,Storage Set,West,Mobile App,6,5022.95,0,No,5,3,UPI
ORD-102515,23-03-2025 15:00,CUST-11285,Consumer,Books,Fiction Novel,South,Mobile App,1,1191.71,0,No,4.1,4,Credit Card
ORD-105398,26-05-2025 02:00,CUST-10834,Consumer,Books,Data Analytics Guide,North,Website,2,1492.99,25,No,3.6,3,Credit Card
ORD-102576,27-05-2024 22:00,CUST-11261,Consumer,Books,Data Analytics Guide,North,Website,1,1255.17,10,No,4.1,2,Debit Card
ORD-102048,14-02-2025 01:00,CUST-10526,Enterprise,Electronics,USB-C Hub,North,Website,1,10147.63,15,No,3.6,7,
ORD-104031,11-10-2024 23:00,CUST-11140,Consumer,Electronics,USB-C Hub,North,Mobile App,1,18483.88,0,No,4.5,4,Credit Card
ORD-104611,26-06-2024 06:00,CUST-11037,Small Business,Beauty,Hair Dryer,East,Marketplace,1,1879.09,15,No,3.5,2,Credit Card
ORD-102426,27-03-2024 03:00,CUST-11450,Consumer,Books,Business Strategy,North,Marketplace,4,418.4,15,No,4.7,2,Credit Card
ORD-101751,29-04-2025 15:00,CUST-10704,Consumer,Fashion,Hoodie,South,Mobile App,3,3378.59,5,No,4,4,UPI
ORD-102799,04-08-2024 21:00,CUST-11258,Small Business,Home & Kitchen,Water Bottle,East,Website,1,7420.28,30,No,4.8,1,UPI
ORD-103128,02-10-2024 08:00,CUST-10470,Consumer,Fashion,Casual Shirt,North,Website,2,1463.51,20,No,4.1,4,Wallet
ORD-100691,10-03-2025 03:00,CUST-10589,Consumer,Fashion,Backpack,Central,Marketplace,1,3663.44,5,No,4.4,4,Credit Card
ORD-102292,08-05-2024 10:00,CUST-10592,Small Business,Books,Leadership Book,East,Website,1,1177.63,0,No,4.9,1,Net Banking
ORD-101823,23-04-2025 17:00,CUST-11207,Consumer,Fashion,Casual Shirt,South,Marketplace,4,5153.87,25,No,3.5,3,Debit Card
ORD-103961,14-04-2025 08:00,CUST-11831,Consumer,Electronics,Bluetooth Speaker,South,Mobile App,6,13012.12,25,No,4.5,4,Credit Card
ORD-101481,01-01-2024 21:00,CUST-10002,Consumer,Fashion,Backpack,South,Website,1,1397.08,0,No,4.2,4,Credit Card
ORD-102225,04-12-2024 08:00,CUST-10796,Consumer,Home & Kitchen,Coffee Maker,North,Mobile App,4,11690.2,0,No,4.1,2,Credit Card
ORD-105974,10-06-2025 02:00,CUST-10336,Consumer,Home & Kitchen,Storage Set,North,Website,4,11083.48,0,No,5,3,Debit Card
ORD-101190,14-08-2024 21:00,CUST-11632,Consumer,Electronics,Bluetooth Speaker,East,Marketplace,6,7068.99,0,No,3.9,3,Debit Card
ORD-100569,07-11-2024 22:00,CUST-10440,Consumer,Home & Kitchen,Storage Set,South,Mobile App,2,5834.48,20,Yes,2.4,2,Credit Card
ORD-102118,25-10-2024 02:00,CUST-11055,Small Business,Electronics,USB-C Hub,Central,Website,2,15417.31,20,No,4.8,4,Wallet
ORD-100051,16-04-2024 06:00,CUST-10163,Enterprise,Electronics,USB-C Hub,Central,Website,1,4115.92,30,No,5,2,UPI
ORD-101847,23-10-2024 03:00,CUST-11563,Small Business,Fashion,Running Shoes,West,Mobile App,3,1644.77,20,No,3.1,5,Wallet
ORD-100588,02-04-2025 02:00,CUST-11474,Consumer,Beauty,Skin Serum,North,Mobile App,1,2645.28,0,No,5,1,UPI
ORD-100006,16-02-2024 22:00,CUST-10938,Enterprise,Fashion,Backpack,North,Marketplace,5,1797.54,0,No,3.5,3,Credit Card
ORD-105469,28-05-2024 13:00,CUST-11379,Small Business,Home & Kitchen,Water Bottle,South,Marketplace,2,2944.76,5,No,3.3,3,Credit Card
ORD-102012,24-03-2024 15:00,CUST-10264,Consumer,Electronics,Bluetooth Speaker,North,Mobile App,1,17576.58,20,No,4.3,2,Credit Card
ORD-102717,11-01-2025 20:00,CUST-10712,Consumer,Books,Leadership Book,Central,Website,3,1399.39,0,No,3.2,2,Net Banking
ORD-105530,18-11-2024 21:00,CUST-10846,Small Business,Fashion,Backpack,Central,Mobile App,3,4221.45,20,No,5,5,Wallet
ORD-101236,03-01-2024 13:00,CUST-10952,Enterprise,Home & Kitchen,Air Fryer,East,Website,3,1769.5,15,No,5,6,Debit Card
ORD-103239,22-01-2024 02:00,CUST-10276,Consumer,Fashion,Casual Shirt,South,Marketplace,8,2063.81,5,No,3.8,4,Wallet
ORD-103799,30-01-2024 23:00,CUST-11882,Consumer,Electronics,Wireless Earbuds,Central,Website,1,20213.04,15,No,4.9,3,UPI
ORD-100589,05-04-2025 15:00,CUST-10733,Consumer,Home & Kitchen,Air Fryer,Central,Mobile App,1,9362.49,5,No,3.6,3,Wallet
ORD-100435,08-03-2024 13:00,CUST-10078,Consumer,Fashion,Sports Cap,south,Website,2,3271.64,25,No,3.9,4,UPI
ORD-100185,31-08-2024 14:00,CUST-10083,Consumer,Electronics,Wireless Earbuds,South,Mobile App,1,9312.08,0,No,4,3,Credit Card
ORD-102287,24-03-2025 10:00,CUST-10758,Enterprise,Fashion,Running Shoes,West,Mobile App,4,1050.73,5,No,4.4,3,Credit Card
ORD-101653,21-11-2024 06:00,CUST-10850,Small Business,Electronics,Power Bank,North,Marketplace,5,9141.1,5,No,3.5,2,Net Banking
ORD-103873,16-09-2024 09:00,CUST-10393,Small Business,Home & Kitchen,Desk Lamp,North,Website,4,8145.33,10,No,5,2,Net Banking
ORD-102369,05-04-2024 17:00,CUST-10716,Small Business,Home & Kitchen,Air Fryer,North,Website,2,10914.19,0,No,4.4,6,Debit Card
ORD-105529,09-02-2024 13:00,CUST-10285,Small Business,Electronics,Power Bank,West,WEBSITE,2,8808.66,15,No,3.4,4,Credit Card
ORD-102055,19-07-2024 00:00,CUST-11876,Small Business,Electronics,Wireless Earbuds,North,Website,1,2375.96,0,No,4.3,3,Debit Card
ORD-105822,21-04-2025 07:00,CUST-11101,Enterprise,Fashion,Running Shoes,West,Website,1,2731.64,20,No,5,3,Debit Card
ORD-105287,16-04-2025 04:00,CUST-11840,Consumer,Books,Leadership Book,Central,Website,1,1301.12,15,No,4.3,3,Credit Card
ORD-100343,08-10-2024 05:00,CUST-10343,Consumer,Electronics,Smart Watch,North,Mobile App,2,19504.03,30,No,2.9,2,UPI
ORD-105787,29-11-2024 05:00,CUST-11929,Consumer,Fashion,Casual Shirt,Central,Mobile App,8,1508.87,15,No,4.6,5,Credit Card
ORD-100815,01-04-2025 23:00,CUST-11819,Consumer,Home & Kitchen,Air Fryer,Central,Website,5,4764.3,0,No,4.2,2,UPI
ORD-102263,09-10-2024 00:00,CUST-10234,Consumer,Books,Business Strategy,West,Website,4,369.45,10,No,3,3,Wallet
ORD-103726,29-02-2024 17:00,CUST-11671,Small Business,Electronics,Bluetooth Speaker,Central,Mobile App,4,7906.38,30,No,4.2,1,Credit Card
ORD-105244,10-07-2024 15:00,CUST-11712,Consumer,Books,Leadership Book,East,Website,1,1520.49,20,No,4.9,3,UPI
ORD-103924,14-12-2024 11:00,CUST-10681,Consumer,Home & Kitchen,Water Bottle,East,Mobile App,2,7640.31,10,No,4,3,Wallet
ORD-104430,17-05-2025 21:00,CUST-11224,Consumer,Beauty,Perfume,West,Mobile App,2,3840.49,5,No,2.4,1,UPI
ORD-103059,29-05-2024 07:00,CUST-11055,Consumer,Books,Fiction Novel,Central,Website,1,426.36,15,No,3,1,Debit Card
ORD-101255,16-02-2024 07:00,CUST-11934,Small Business,Electronics,Bluetooth Speaker,South,Website,1,1533.97,0,No,4.1,3,Credit Card
ORD-102577,03-09-2024 06:00,CUST-10322,Consumer,Fashion,Backpack,North,Website,3,911.51,15,No,3.3,3,UPI
ORD-105815,01-02-2024 10:00,CUST-11886,Consumer,Home & Kitchen,Water Bottle,South,Mobile App,1,7164.13,20,No,4.2,2,Credit Card
ORD-101881,24-05-2024 10:00,CUST-11379,Consumer,Fashion,Sports Cap,West,Mobile App,1,1573.6,10,No,5,5,Credit Card
ORD-104402,06-08-2024 07:00,CUST-10844,Small Business,Home & Kitchen,Coffee Maker,North,Website,3,9893.82,20,No,3.3,2,UPI
ORD-102282,25-06-2024 18:00,CUST-10777,Small Business,Books,Data Analytics Guide,East,Mobile App,3,1404.35,20,No,3.9,2,Debit Card
ORD-102975,13-09-2024 02:00,CUST-10303,Consumer,Electronics,Wireless Earbuds,East,Marketplace,4,16793.42,15,No,3.8,4,Wallet
ORD-102610,14-06-2025 00:00,CUST-11944,Consumer,Electronics,USB-C Hub,West,Marketplace,2,1442.26,5,No,4,4,UPI
ORD-102171,10-02-2025 19:00,CUST-10365,Small Business,Fashion,Sports Cap,South,Website,8,1958.21,15,No,5,2,Debit Card
ORD-104704,05-02-2025 07:00,CUST-11345,Consumer,Home & Kitchen,Water Bottle,West,Mobile App,3,4763.64,5,No,3.9,5,Credit Card
ORD-104665,27-03-2025 10:00,CUST-10871,Consumer,Home & Kitchen,Storage Set,East,Website,5,1823.53,15,No,3.8,4,Net Banking
ORD-100788,24-10-2024 07:00,CUST-11476,Consumer,Home & Kitchen,Air Fryer,Central,Marketplace,8,9449.57,5,No,4.1,1,Wallet
ORD-105909,09-10-2024 18:00,CUST-10245,Consumer,Electronics,Power Bank,West,Website,5,20460.02,110,No,5,3,Credit Card
ORD-101567,25-11-2024 11:00,CUST-11501,Consumer,Electronics,Bluetooth Speaker,South,Marketplace,1,4182.34,5,No,3.2,6,Net Banking
ORD-100711,12-10-2024 09:00,CUST-10779,Consumer,Beauty,Skin Serum,South,Website,2,1347.33,25,No,2.9,4,Credit Card
ORD-101473,23-04-2024 01:00,CUST-10132,Consumer,Electronics,Wireless Earbuds,Central,Website,1,3833.06,5,No,4,3,Wallet
ORD-103797,05-02-2024 11:00,CUST-11365,Consumer,Electronics,Wireless Earbuds,Central,Website,3,16112.45,0,No,4,1,Wallet
ORD-105735,31-10-2024 02:00,CUST-10011,Consumer,Electronics,Smart Watch,West,Website,3,21804.33,5,No,4.2,3,Debit Card
ORD-103745,22-06-2025 04:00,CUST-11790,Consumer,Electronics,Power Bank,West,Website,6,4940.91,5,No,4,4,Debit Card
ORD-102050,04-04-2024 01:00,CUST-10273,Consumer,Electronics,Wireless Earbuds,Central,Mobile App,1,7512.73,5,No,2.8,8,Debit Card
ORD-100638,08-03-2025 21:00,CUST-10925,Consumer,Beauty,Face Wash,South,Marketplace,2,2746.85,20,No,3.9,1,Credit Card
ORD-101740,23-08-2024 08:00,CUST-10232,Enterprise,Electronics,Power Bank,North,Mobile App,1,12507.99,0,No,5,3,Debit Card
ORD-104292,26-09-2024 02:00,CUST-11704,Consumer,Beauty,Hair Dryer,West,Website,1,1530.71,15,No,4.3,5,UPI
ORD-102163,13-05-2025 08:00,CUST-11258,Consumer,Home & Kitchen,Coffee Maker,East,Marketplace,3,8569.45,25,No,3.7,3,UPI
ORD-101409,03-06-2024 15:00,CUST-11867,Small Business,Electronics,Bluetooth Speaker,South,Marketplace,5,5310.74,25,No,4.2,3,Wallet
ORD-100865,16-01-2025 04:00,CUST-10608,Small Business,Home & Kitchen,Storage Set,South,Mobile App,1,10647.87,15,No,4,4,Debit Card
ORD-103181,16-04-2024 13:00,CUST-11724,Small Business,Fashion,Running Shoes,North,Mobile App,1,4912.73,15,Yes,3.5,3,Wallet
ORD-101029,01-07-2024 10:00,CUST-10955,Consumer,Books,Business Strategy,East,Marketplace,4,792,0,No,3.5,5,Credit Card
ORD-102032,19-02-2024 12:00,CUST-11187,Enterprise,Electronics,Power Bank,South,Mobile App,3,6165.2,15,No,4.7,5,Credit Card
ORD-100985,22-12-2024 06:00,CUST-10718,Consumer,Electronics,Power Bank,North,Mobile App,2,15608.71,10,No,3.4,3,UPI
ORD-103957,04-02-2025 20:00,CUST-11277,Consumer,Fashion,Backpack,Central,Mobile App,2,4081.05,5,No,2.8,3,Debit Card
ORD-103227,25-07-2024 13:00,CUST-11842,Small Business,Home & Kitchen,Air Fryer,Central,Website,1,9068.85,5,No,4.6,3,Net Banking
ORD-105463,12-06-2024 03:00,CUST-10807,Consumer,Beauty,Skin Serum,West,Marketplace,3,1349.03,0,No,3.5,3,Wallet
ORD-100782,08-03-2024 00:00,CUST-10755,Consumer,Books,Fiction Novel,East,Website,1,1155.5,10,No,4.4,2,Debit Card
ORD-104508,25-05-2024 01:00,CUST-11732,Consumer,Fashion,Casual Shirt,North,Website,3,3518.39,30,No,4.4,2,Debit Card
ORD-104453,20-01-2025 02:00,CUST-11835,Consumer,Fashion,Hoodie,South,Website,2,3119.11,5,No,3.6,2,Wallet
ORD-105763,21-02-2024 02:00,CUST-10048,Enterprise,Fashion,Sports Cap,North,Website,1,2827.23,0,No,3.6,3,Debit Card
ORD-104597,03-01-2024 15:00,CUST-10704,Consumer,Fashion,Casual Shirt,North,Marketplace,6,1478.59,10,No,3,3,Net Banking
ORD-103429,13-06-2024 12:00,CUST-10482,Consumer,Electronics,Smart Watch,North,Website,1,17622.07,15,No,3.7,4,UPI
ORD-100180,27-05-2025 05:00,CUST-10215,Consumer,Books,SQL Handbook,South,Mobile App,2,721.38,30,No,3.5,1,Net Banking
ORD-100779,09-04-2025 10:00,CUST-11435,Consumer,Books,Business Strategy,North,Mobile App,1,1438.87,5,No,5,4,Debit Card
ORD-103091,02-08-2024 01:00,CUST-10361,Small Business,Electronics,Power Bank,North,Mobile App,8,14456.56,15,No,4.6,2,Net Banking
ORD-103647,24-11-2024 17:00,CUST-11717,Enterprise,Electronics,USB-C Hub,East,Marketplace,1,17521.3,10,Yes,3.2,1,Net Banking
ORD-104279,06-04-2025 00:00,CUST-11117,Consumer,Beauty,Face Wash,West,Mobile App,8,489.69,30,No,3.2,2,Debit Card
ORD-102114,08-02-2025 22:00,,Small Business,Electronics,Power Bank,South,Website,3,9587.03,0,No,4.6,4,Credit Card
ORD-105814,19-11-2024 18:00,CUST-11660,Consumer,Books,SQL Handbook,West,Website,2,1542.38,0,No,2.7,4,Net Banking
ORD-104739,11-10-2024 17:00,CUST-11447,Consumer,Home & Kitchen,Water Bottle,South,Mobile App,1,9897.01,0,No,5,4,Credit Card
ORD-100753,26-05-2025 03:00,CUST-10848,Small Business,Beauty,Perfume,East,Mobile App,1,953.51,15,Yes,4.4,7,Credit Card
ORD-102000,24-04-2025 11:00,CUST-11409,Consumer,Electronics,Wireless Earbuds,North,Mobile App,3,13208.83,5,No,5,3,Wallet
ORD-105176,19-04-2024 07:00,CUST-10356,Small Business,Fashion,Sports Cap,North,Website,1,3838.61,5,No,4.1,1,UPI
ORD-101605,30-04-2025 23:00,CUST-11289,Consumer,Home & Kitchen,Desk Lamp,East,Website,2,8032.06,10,No,4.4,5,Debit Card
ORD-102882,03-11-2024 10:00,CUST-11909,Small Business,Beauty,Hair Dryer,West,Website,4,653.35,20,No,2.6,3,UPI
ORD-104924,29-06-2024 17:00,CUST-10692,Small Business,Beauty,Perfume,West,Mobile App,2,3685.36,10,No,3.7,5,Credit Card
ORD-101174,05-01-2024 16:00,CUST-10145,Consumer,Beauty,Face Wash,West,Marketplace,5,863.34,0,No,4.8,4,UPI
ORD-100503,18-04-2025 16:00,CUST-11458,Consumer,Fashion,Hoodie,South,Mobile App,1,5372.42,30,No,3.8,6,Debit Card
ORD-104974,13-03-2025 14:00,CUST-10735,Consumer,Beauty,Perfume,East,Mobile App,5,4907.47,5,No,4.8,3,Credit Card
ORD-101896,09-11-2024 14:00,CUST-11718,Small Business,Electronics,Wireless Earbuds,South,Marketplace,3,9281.11,5,No,3.6,5,Credit Card
ORD-101461,19-06-2024 16:00,CUST-10766,Consumer,Home & Kitchen,Coffee Maker,North,Website,4,6247.4,15,No,5,1,Credit Card
ORD-103949,05-04-2024 10:00,,Consumer,Books,Leadership Book,Central,Mobile App,4,1434.75,5,No,5,2,Net Banking
ORD-103656,08-10-2024 00:00,CUST-10316,Consumer,Fashion,Sports Cap,North,Mobile App,1,1741.73,10,No,4,6,Net Banking
ORD-105745,12-01-2024 01:00,CUST-11192,Consumer,Home & Kitchen,Desk Lamp,South,Mobile App,3,7800.98,10,Yes,3.6,5,UPI
ORD-102643,11-09-2024 07:00,CUST-10716,Consumer,Home & Kitchen,Storage Set,North,Marketplace,2,8794.82,10,No,4.4,4,Net Banking
ORD-105081,03-10-2024 22:00,CUST-10902,Consumer,Fashion,Sports Cap,South,Marketplace,1,2487.85,10,No,4.9,7,UPI
ORD-103185,02-06-2025 08:00,CUST-10783,Consumer,Beauty,Body Lotion,North,Mobile App,1,2452.82,20,No,4,3,UPI
ORD-100463,16-08-2024 20:00,CUST-10702,Small Business,Home & Kitchen,Desk Lamp,South,Mobile App,2,1410.22,0,No,5,4,Debit Card
ORD-105690,21-07-2024 08:00,CUST-11077,Consumer,Fashion,Backpack,East,Mobile App,2,531.56,0,No,3.9,2,UPI
ORD-102782,19-02-2025 23:00,CUST-10945,Consumer,Home & Kitchen,Water Bottle,West,Marketplace,10,7138.95,10,No,3.8,1,Wallet
ORD-101265,21-01-2024 04:00,CUST-10825,Enterprise,Fashion,Hoodie,West,Mobile App,6,3308.18,20,No,4.1,4,Net Banking
ORD-102002,05-08-2024 01:00,CUST-10339,Small Business,Beauty,Skin Serum,South,Website,1,3466.44,0,No,3.8,2,UPI
ORD-102181,11-05-2024 04:00,CUST-11083,Consumer,Home & Kitchen,Desk Lamp,South,Marketplace,3,10136.44,0,No,3.5,4,Credit Card
ORD-100290,16-03-2025 23:00,CUST-11268,Enterprise,Home & Kitchen,Water Bottle,South,Website,2,8475.31,10,No,,4,UPI
ORD-101898,11-02-2025 22:00,CUST-11894,Consumer,Books,Business Strategy,West,Website,1,855.71,0,No,4.4,4,Debit Card
ORD-104845,21-02-2025 21:00,CUST-10512,Consumer,Electronics,Smart Watch,West,Website,3,4618.19,25,No,4.4,6,Credit Card
ORD-105553,20-12-2024 03:00,CUST-10346,Consumer,Fashion,Running Shoes,South,Marketplace,2,2701.1,15,No,3.1,3,Net Banking
ORD-100078,04-11-2024 05:00,CUST-11721,Consumer,Fashion,Hoodie,West,Website,1,1194.24,10,No,3.5,3,Wallet
ORD-102274,07-04-2024 02:00,CUST-11152,Consumer,Home & Kitchen,Storage Set,West,Marketplace,4,5140.32,20,No,4.4,3,UPI
ORD-103169,27-11-2024 01:00,CUST-11155,Small Business,Fashion,Backpack,Central,Website,2,4173.12,10,No,4.9,3,Net Banking
ORD-105975,26-10-2024 17:00,CUST-10873,Consumer,Electronics,Wireless Earbuds,East,Mobile App,1,19653.05,0,No,3.6,4,Credit Card
ORD-104303,19-01-2024 15:00,CUST-10061,Consumer,Home & Kitchen,Air Fryer,South,Website,2,5256.97,0,Yes,4,3,Credit Card
ORD-104605,14-09-2024 12:00,CUST-10080,Enterprise,Books,SQL Handbook,North,Mobile App,2,418.67,15,No,4.8,1,Credit Card
ORD-102527,01-06-2025 23:00,CUST-11436,Enterprise,Electronics,Bluetooth Speaker,South,Website,1,19584.79,15,No,5,1,Debit Card
ORD-102087,27-12-2024 23:00,CUST-11671,Consumer,Home & Kitchen,Desk Lamp,East,Website,1,1469.87,5,No,3.9,3,Debit Card
ORD-103276,09-02-2024 01:00,CUST-10686,Consumer,Electronics,Power Bank,East,Mobile App,1,5026.93,5,No,3.2,2,Net Banking
ORD-100194,08-06-2025 00:00,CUST-11086,Small Business,Fashion,Running Shoes,North,Website,1,1869.62,10,No,3.9,3,Debit Card
ORD-105402,02-01-2025 14:00,CUST-10190,Consumer,Fashion,Casual Shirt,West,Marketplace,1,3200.76,15,No,4.6,3,Credit Card
ORD-105839,22-01-2025 01:00,CUST-10047,Consumer,Fashion,Backpack,North,Website,1,4461.4,0,Yes,3.1,1,UPI
ORD-102853,19-02-2024 00:00,CUST-11494,Consumer,Electronics,Wireless Earbuds,North,Website,3,6944.55,25,No,4.9,3,Credit Card
ORD-100431,07-02-2025 12:00,CUST-10683,Consumer,Fashion,Casual Shirt,East,Marketplace,2,5192.07,0,No,4.4,4,Net Banking
ORD-105154,13-03-2025 09:00,CUST-10786,Consumer,Fashion,Sports Cap,South,Website,4,5976.78,10,No,4.2,4,Debit Card
ORD-103005,21-07-2024 12:00,CUST-11087,Consumer,Home & Kitchen,Air Fryer,North,Website,1,2473.09,0,No,3.7,3,Credit Card
ORD-104812,14-10-2024 14:00,CUST-11603,Consumer,Fashion,Backpack,South,Website,3,5152.61,0,Yes,4.3,4,Debit Card
ORD-104272,24-05-2025 15:00,CUST-11455,Small Business,Electronics,Smart Watch,Central,Mobile App,1,2777.84,5,No,3.3,3,Wallet
ORD-103841,26-09-2024 18:00,CUST-11813,Small Business,Books,Fiction Novel,East,Website,10,1183.2,20,No,4.2,1,Debit Card
ORD-100783,07-03-2024 13:00,CUST-10618,Consumer,Electronics,Power Bank,Central,Website,1,11695.79,5,No,3,5,UPI
ORD-103064,21-01-2025 02:00,CUST-11492,Consumer,Home & Kitchen,Water Bottle,Central,Mobile App,1,6285.14,20,No,3.3,4,UPI
ORD-104798,01-08-2024 11:00,CUST-11779,Small Business,Home & Kitchen,Coffee Maker,North,Mobile App,1,5445.4,10,No,3.7,5,Credit Card
ORD-101171,10-12-2024 11:00,CUST-11670,Consumer,Fashion,Sports Cap,North,Website,3,1398.95,10,No,3.2,4,Wallet
ORD-104244,11-07-2024 08:00,,Small Business,Home & Kitchen,Coffee Maker,West,Website,4,3545.67,10,No,4.2,4,Credit Card
ORD-103441,14-01-2024 08:00,CUST-11440,Consumer,Books,Business Strategy,Central,Mobile App,3,1709.35,15,No,3.8,3,Net Banking
ORD-105928,02-03-2024 17:00,CUST-11387,Small Business,Home & Kitchen,Storage Set,South,Website,4,7778.55,10,No,4.4,2,Credit Card
ORD-100682,08-06-2025 03:00,CUST-10555,Consumer,Home & Kitchen,Water Bottle,Central,Mobile App,1,901.86,10,No,4.4,4,Debit Card
ORD-104434,15-11-2024 03:00,CUST-11352,Small Business,Electronics,Power Bank,West,Mobile App,2,4706.17,0,No,3.7,3,UPI
ORD-101140,26-04-2025 03:00,CUST-10669,Small Business,Home & Kitchen,Desk Lamp,North,Website,3,8557.54,10,No,4.1,3,Debit Card
ORD-101370,25-04-2025 21:00,CUST-10251,Consumer,Home & Kitchen,Water Bottle,South,Website,2,814.44,20,No,3.9,3,Debit Card
ORD-102554,20-06-2025 03:00,CUST-10413,Consumer,Fashion,Running Shoes,South,Marketplace,1,3876.06,0,No,3.3,8,Credit Card
ORD-105670,11-07-2024 20:00,CUST-10598,Consumer,Electronics,Smart Watch,South,Mobile App,1,13441.26,10,Yes,4.2,4,Wallet
ORD-105430,09-06-2025 00:00,CUST-10805,Consumer,Electronics,Power Bank,South,Mobile App,4,4995.7,0,No,3,1,UPI
ORD-103652,11-08-2024 19:00,CUST-11498,Consumer,Fashion,Casual Shirt,North,Marketplace,1,5201.2,15,No,4.3,2,Credit Card
ORD-105364,29-05-2024 02:00,CUST-11004,Consumer,Fashion,Running Shoes,East,Website,3,4747.95,15,No,4,4,UPI
ORD-101509,08-01-2025 02:00,CUST-10442,Consumer,Home & Kitchen,Desk Lamp,East,Mobile App,3,9912.9,10,No,3.2,3,Debit Card
ORD-102126,17-06-2024 00:00,CUST-10728,Small Business,Home & Kitchen,Storage Set,West,Marketplace,1,4320.31,10,No,2.6,6,Net Banking
ORD-104736,03-02-2024 11:00,CUST-11440,Consumer,Beauty,Hair Dryer,West,Mobile App,1,3578.9,10,No,4.6,2,Credit Card
ORD-104237,29-02-2024 02:00,CUST-10763,Consumer,Fashion,Backpack,South,Marketplace,1,3221.04,30,No,3.6,3,Debit Card
ORD-100881,09-04-2025 18:00,CUST-10009,Consumer,Books,Fiction Novel,Central,Marketplace,2,1315.62,25,No,4.4,4,Wallet
ORD-105976,23-05-2025 16:00,CUST-11446,Enterprise,Electronics,Smart Watch,Central,Mobile App,5,13711.57,5,No,3.8,2,Net Banking
ORD-104032,26-05-2024 19:00,CUST-11928,Consumer,Electronics,Smart Watch,South,Mobile App,5,3490.33,15,No,4.7,3,UPI
ORD-102705,04-06-2024 07:00,CUST-10031,Enterprise,Home & Kitchen,Storage Set,West,Website,4,805.5,30,No,5,3,Debit Card
ORD-102930,05-04-2024 02:00,CUST-10895,Consumer,Books,Fiction Novel,West,Mobile App,4,713.22,10,No,3.6,3,Debit Card
ORD-100255,19-03-2024 21:00,CUST-10002,Small Business,Beauty,Body Lotion,Central,Website,1,4547.06,10,No,4.9,4,Credit Card
ORD-104394,04-10-2024 20:00,CUST-11252,Small Business,Books,Data Analytics Guide,Central,Mobile App,3,361.63,15,No,3.5,2,Debit Card
ORD-105780,15-04-2024 17:00,CUST-10143,Consumer,Fashion,Hoodie,Central,Website,3,1666.17,15,No,3.8,1,UPI
ORD-103703,09-05-2025 14:00,CUST-11926,Small Business,Electronics,USB-C Hub,Central,Mobile App,2,18416.34,10,No,4.2,4,Credit Card
ORD-102893,13-05-2025 05:00,CUST-10472,Consumer,Beauty,Perfume,Central,Mobile App,4,4268.39,15,No,3.7,1,UPI
ORD-105908,10-03-2025 10:00,CUST-11591,Small Business,Home & Kitchen,Coffee Maker,Central,Website,1,9167.62,0,No,3.9,2,Wallet
ORD-101933,04-06-2025 11:00,CUST-11372,Consumer,Electronics,Bluetooth Speaker,West,Website,1,11129.02,10,No,3.5,5,Debit Card
ORD-104685,01-02-2025 10:00,CUST-10366,Consumer,Beauty,Skin Serum,North,Website,5,4029.9,0,No,3.8,5,Wallet
ORD-105990,28-01-2024 03:00,CUST-11604,Small Business,Books,Data Analytics Guide,North,Website,3,253.64,5,No,4.3,4,UPI
ORD-104669,21-08-2024 22:00,CUST-10818,Consumer,Fashion,Running Shoes,East,Marketplace,2,3405.81,10,No,5,2,Credit Card
ORD-102998,25-08-2024 12:00,CUST-10351,Consumer,Books,Fiction Novel,North,Mobile App,4,720.81,0,No,4.5,4,Debit Card
ORD-102183,18-12-2024 02:00,CUST-10887,Consumer,Fashion,Running Shoes,South,Website,5,2253.76,5,No,3.5,1,Credit Card
ORD-104074,26-06-2024 06:00,CUST-10447,Small Business,Beauty,Hair Dryer,Central,Website,3,3426.7,10,No,3.7,6,Debit Card
ORD-105937,09-11-2024 08:00,CUST-11323,Small Business,Electronics,USB-C Hub,West,Mobile App,1,14656.64,15,No,3.6,2,Credit Card
ORD-102871,16-06-2025 19:00,CUST-10669,Enterprise,Home & Kitchen,Water Bottle,East,Website,1,11257.39,10,No,3.9,3,Wallet
ORD-102352,25-01-2025 01:00,CUST-11125,Small Business,Fashion,Backpack,Central,Marketplace,1,3652.05,0,Yes,4.2,2,Credit Card
ORD-102214,03-03-2024 23:00,CUST-11334,Consumer,Home & Kitchen,Air Fryer,West,Website,3,4226.69,15,No,,3,UPI
ORD-101573,20-03-2025 00:00,CUST-10913,Consumer,Home & Kitchen,Coffee Maker,East,Mobile App,2,8327.78,20,No,4.5,5,UPI
ORD-104872,02-02-2024 07:00,CUST-10607,Consumer,Electronics,USB-C Hub,East,Mobile App,5,10862.33,20,Yes,4.5,2,UPI
ORD-103527,19-02-2024 03:00,CUST-11161,Consumer,Electronics,Power Bank,East,Marketplace,4,17798.25,20,No,2.7,3,Debit Card
ORD-100951,15-06-2024 09:00,CUST-10085,Consumer,Books,SQL Handbook,Central,Marketplace,2,450.12,20,No,5,4,Credit Card
ORD-103154,07-02-2024 12:00,CUST-10693,Small Business,Home & Kitchen,Coffee Maker,North,Website,2,7394.79,10,No,5,3,Debit Card
ORD-102559,17-11-2024 19:00,CUST-11713,Consumer,Electronics,Power Bank,West,Website,1,7495.14,15,No,4.1,3,Debit Card
ORD-100429,25-01-2025 15:00,CUST-11128,Consumer,Beauty,Face Wash,South,Website,2,2380.65,20,No,4.2,2,Credit Card
ORD-101046,10-05-2024 17:00,CUST-10724,Consumer,Electronics,Power Bank,North,Mobile App,2,14183.42,0,No,3.5,1,Wallet
ORD-100961,11-08-2024 05:00,CUST-10371,Consumer,Electronics,Power Bank,North,Mobile App,1,13966.07,10,No,5,4,Debit Card
ORD-105284,25-06-2025 15:00,CUST-10115,Consumer,Electronics,Wireless Earbuds,East,Marketplace,1,19934.14,15,No,2.9,4,UPI
ORD-100723,06-03-2024 09:00,CUST-10263,Consumer,Home & Kitchen,Storage Set,West,Marketplace,4,11690.99,10,No,4.2,1,Wallet
ORD-101799,12-10-2024 00:00,CUST-10561,Consumer,Beauty,Perfume,East,Mobile App,1,3128.19,10,Yes,3.8,5,Wallet
ORD-104824,29-09-2024 16:00,CUST-10957,Small Business,Books,Business Strategy,South,Website,1,258.66,25,No,3.9,4,Debit Card
ORD-103412,01-05-2024 06:00,CUST-10238,Consumer,Home & Kitchen,Storage Set,East,Website,4,9656.2,25,No,4.2,5,Credit Card
ORD-100349,30-03-2024 21:00,CUST-10482,Consumer,Home & Kitchen,Water Bottle,South,Mobile App,1,3187.6,5,No,4.3,1,UPI
ORD-104113,18-06-2025 01:00,CUST-11255,Small Business,Fashion,Hoodie,West,Marketplace,1,5594.96,10,Yes,3.6,3,Credit Card
ORD-102027,02-06-2025 18:00,CUST-10784,Small Business,Home & Kitchen,Air Fryer,East,Marketplace,1,8892.74,0,No,4.3,3,Net Banking
ORD-102971,28-01-2024 18:00,CUST-10804,Consumer,Electronics,Smart Watch,East,Marketplace,2,16004.05,20,No,3.4,6,Credit Card
ORD-100652,20-04-2024 11:00,CUST-11213,Consumer,Home & Kitchen,Storage Set,East,Website,4,1689.88,0,No,4.5,3,Wallet
ORD-102476,11-10-2024 17:00,CUST-11564,Consumer,Electronics,USB-C Hub,South,Website,6,10569.06,15,No,5,2,UPI
ORD-100919,13-12-2024 12:00,CUST-11454,Consumer,Home & Kitchen,Water Bottle,Central,Mobile App,2,7790.09,0,No,5,3,UPI
ORD-104416,14-09-2024 04:00,CUST-11515,Consumer,Electronics,Smart Watch,South,Website,5,11170.07,110,No,4,4,Wallet
ORD-100380,03-01-2024 21:00,CUST-10259,Consumer,Home & Kitchen,Desk Lamp,South,Website,1,9507.46,10,No,4,2,UPI
ORD-105354,04-03-2025 02:00,CUST-10455,Consumer,Fashion,Running Shoes,East,Mobile App,4,3875.33,5,No,2.5,4,Wallet
ORD-104462,17-11-2024 07:00,CUST-11195,Consumer,Electronics,Bluetooth Speaker,Central,Mobile App,2,4236.95,0,No,3.6,4,UPI
ORD-102639,10-04-2025 07:00,CUST-11241,Consumer,Fashion,Backpack,Central,Website,2,5345.2,10,No,4.2,5,Credit Card
ORD-105645,30-01-2024 12:00,CUST-11449,Consumer,Home & Kitchen,Desk Lamp,East,Marketplace,2,2602.31,30,No,4.9,3,Wallet
ORD-105236,31-10-2024 16:00,CUST-10409,Consumer,Books,SQL Handbook,South,Website,4,1352.83,0,No,3.6,3,Credit Card
ORD-105169,03-01-2024 03:00,CUST-10916,Consumer,Home & Kitchen,Water Bottle,North,Website,3,2221.69,30,No,4.9,6,Debit Card
ORD-104968,21-01-2024 05:00,CUST-11743,Enterprise,Electronics,Smart Watch,North,Marketplace,1,1462.45,25,No,4,2,Credit Card
ORD-101692,24-12-2024 23:00,CUST-11480,Consumer,Beauty,Perfume,East,Website,3,775.78,10,No,4.7,5,Credit Card
ORD-105468,28-10-2024 12:00,CUST-10766,Consumer,Fashion,Hoodie,North,Website,3,4797.11,20,No,4.4,2,UPI
ORD-100536,05-09-2024 19:00,CUST-10445,Small Business,Electronics,USB-C Hub,South,Mobile App,1,7245.65,10,No,3.6,2,Credit Card
ORD-104089,19-06-2025 16:00,CUST-11598,Enterprise,Home & Kitchen,Desk Lamp,South,Website,4,3831.7,5,No,4.8,4,Credit Card
ORD-105226,19-06-2024 02:00,CUST-10797,Enterprise,Fashion,Sports Cap,South,Website,1,2714.76,5,No,4.5,7,Credit Card
ORD-104918,05-04-2025 23:00,CUST-11366,Enterprise,Books,Leadership Book,East,Website,1,252.12,20,No,3.7,2,UPI
ORD-102187,20-05-2024 18:00,CUST-10261,Small Business,Fashion,Casual Shirt,West,Website,2,2904.24,0,No,5,1,Debit Card
ORD-103291,10-09-2024 06:00,CUST-11404,Consumer,Books,Data Analytics Guide,West,Website,2,392.37,10,No,5,2,Debit Card
ORD-105987,26-10-2024 18:00,CUST-11334,Enterprise,Books,Data Analytics Guide,North,Mobile App,1,678.94,10,No,3.9,5,Credit Card
ORD-103748,16-05-2025 23:00,CUST-10763,Enterprise,Home & Kitchen,Desk Lamp,East,Marketplace,2,6413.01,0,No,4.8,4,UPI
ORD-103024,23-07-2024 04:00,CUST-11683,Enterprise,Beauty,Skin Serum,Central,Mobile App,2,4123.65,25,No,2.8,5,Debit Card
ORD-100895,29-11-2024 22:00,CUST-11900,Consumer,Fashion,Backpack,North,Website,2,3746.06,15,No,4.8,3,Credit Card
ORD-103863,29-11-2024 07:00,CUST-10050,Enterprise,Home & Kitchen,Desk Lamp,Central,Website,1,11670.23,10,No,4.1,5,UPI
ORD-101876,07-05-2024 04:00,CUST-10270,Small Business,Electronics,Smart Watch,Central,Website,6,4776.34,30,No,4,6,UPI
ORD-101858,13-10-2024 03:00,CUST-11103,Consumer,Electronics,USB-C Hub,West,Marketplace,5,11767.7,5,No,3,5,Debit Card
ORD-100626,03-07-2024 16:00,CUST-10481,Small Business,Books,SQL Handbook,North,Website,2,1056.07,15,No,4.2,5,Debit Card
ORD-100414,10-01-2024 19:00,CUST-10844,Small Business,Home & Kitchen,Water Bottle,West,Website,1,7747.13,20,No,5,5,Credit Card
ORD-101292,30-08-2024 07:00,CUST-10957,Consumer,Electronics,USB-C Hub,South,Mobile App,2,14822.82,5,No,4.4,5,Net Banking
ORD-104029,14-08-2024 06:00,CUST-10326,Consumer,Books,SQL Handbook,South,Mobile App,2,1020.44,20,No,3.5,5,Wallet
ORD-102435,04-11-2024 00:00,CUST-11303,Enterprise,Electronics,Wireless Earbuds,Central,Mobile App,2,17293.62,5,No,4.1,3,Wallet
ORD-104345,01-10-2024 11:00,CUST-10382,Consumer,Fashion,Sports Cap,West,Website,4,720.53,5,No,4,3,UPI
ORD-104776,02-07-2024 04:00,CUST-10052,Small Business,Electronics,Smart Watch,East,Website,3,15243.3,10,No,4,5,UPI
ORD-100954,04-03-2025 23:00,CUST-11068,Consumer,Electronics,Power Bank,South,Mobile App,3,20258.78,10,No,2.9,5,Credit Card
ORD-104234,21-05-2024 07:00,CUST-11023,Small Business,Fashion,Sports Cap,North,Mobile App,2,5911.57,20,No,3.3,6,Credit Card
ORD-101124,03-04-2025 23:00,CUST-11783,Consumer,Books,Fiction Novel,West,Mobile App,1,1697.58,20,No,3.3,3,Credit Card
ORD-101956,15-10-2024 15:00,CUST-10790,Consumer,Books,Business Strategy,North,Marketplace,1,602.25,15,No,4.3,4,Credit Card
ORD-103163,20-06-2024 15:00,CUST-11228,Small Business,Fashion,Backpack,South,Marketplace,1,2516.3,15,No,3.6,4,Wallet
ORD-101906,10-06-2024 16:00,CUST-10886,Small Business,Books,SQL Handbook,North,Website,2,888.13,0,No,4.3,8,Net Banking
ORD-100908,21-07-2024 16:00,CUST-10605,Consumer,Fashion,Running Shoes,South,Website,1,2221.79,5,No,3.4,4,Wallet
ORD-103264,14-10-2024 10:00,CUST-10359,Enterprise,Home & Kitchen,Desk Lamp,North,Mobile App,2,2459.49,15,No,3.8,2,UPI
ORD-100417,07-03-2024 12:00,CUST-11914,Small Business,Beauty,Skin Serum,North,Mobile App,3,262.42,5,No,4.4,5,Net Banking
ORD-104659,28-09-2024 22:00,CUST-10549,Consumer,Fashion,Sports Cap,West,Website,4,2903.16,20,No,3.7,4,UPI
ORD-105785,03-12-2024 06:00,CUST-10247,Consumer,Electronics,USB-C Hub,Central,Website,3,5798.15,20,No,3.4,1,Credit Card
ORD-104425,21-04-2025 10:00,CUST-10576,Consumer,Electronics,Bluetooth Speaker,West,Mobile App,4,3836.92,0,No,4.3,3,Debit Card
ORD-105580,21-10-2024 07:00,CUST-10975,Consumer,Fashion,Backpack,East,Marketplace,1,1564.61,5,No,3.8,5,UPI
ORD-105213,01-12-2024 09:00,CUST-11144,Consumer,Fashion,Casual Shirt,North,Website,1,5707.99,10,Yes,4.1,5,UPI
ORD-104825,15-08-2024 15:00,CUST-10956,Consumer,Electronics,Power Bank,West,Mobile App,3,12688.64,15,No,4.4,1,UPI
ORD-103686,27-02-2024 15:00,CUST-10107,Small Business,Books,Leadership Book,West,Mobile App,3,1717.51,20,No,4.4,3,Wallet
ORD-104282,02-04-2024 17:00,CUST-10397,Small Business,Electronics,Wireless Earbuds,North,Website,2,7630.93,5,No,4.6,3,Debit Card
ORD-101855,10-04-2025 04:00,CUST-11567,Enterprise,Books,Business Strategy,North,Marketplace,1,1133.66,0,No,4.6,2,Credit Card
ORD-100253,29-06-2024 02:00,CUST-11426,Small Business,Home & Kitchen,Coffee Maker,West,Website,1,783.64,10,No,3.9,5,Debit Card
ORD-105471,08-09-2024 04:00,CUST-10263,Consumer,Beauty,Perfume,west,Mobile App,1,1653.55,5,No,3.5,5,UPI
ORD-105380,31-03-2024 14:00,CUST-10409,Consumer,Home & Kitchen,Desk Lamp,South,Marketplace,3,10852.48,15,No,4.2,3,UPI
ORD-100800,07-01-2024 14:00,CUST-11032,Consumer,Electronics,Wireless Earbuds,West,Marketplace,1,20593.73,5,No,4.2,1,Net Banking
ORD-100206,21-02-2025 07:00,CUST-11210,Consumer,Electronics,Bluetooth Speaker,East,Mobile App,4,9761.71,10,No,2.9,2,UPI
ORD-101085,03-04-2025 04:00,CUST-11661,Consumer,Books,Fiction Novel,South,Website,1,1379.58,20,No,4.1,3,Wallet
ORD-100047,02-05-2025 16:00,CUST-11369,Consumer,Fashion,Backpack,Central,Marketplace,2,2603.84,0,No,3.1,2,UPI
ORD-102824,04-12-2024 01:00,CUST-11266,Consumer,Home & Kitchen,Air Fryer,South,Website,2,6020.68,15,No,4.7,3,Wallet
ORD-104564,04-05-2025 19:00,CUST-11012,Consumer,Home & Kitchen,Storage Set,South,Website,2,11737.9,10,Yes,3.2,4,Debit Card
ORD-105146,16-09-2024 17:00,CUST-11245,Consumer,Electronics,Wireless Earbuds,North,Website,2,18486.18,10,No,4.8,4,UPI
ORD-102495,22-04-2024 03:00,CUST-10564,Consumer,Electronics,Bluetooth Speaker,East,Website,4,14540.35,20,No,3.7,1,UPI
ORD-100959,12-08-2024 20:00,CUST-11212,Consumer,Home & Kitchen,Desk Lamp,West,Website,1,10220.03,0,Yes,3.8,3,Credit Card
ORD-102745,09-08-2024 03:00,CUST-10799,Small Business,Electronics,Wireless Earbuds,South,Mobile App,10,18215.56,5,No,3.8,3,Debit Card
ORD-100902,29-04-2024 15:00,CUST-10213,Consumer,Fashion,Hoodie,Central,Marketplace,1,4822.3,0,Yes,2.6,2,Credit Card
ORD-102309,18-10-2024 11:00,CUST-11799,Small Business,Home & Kitchen,Coffee Maker,West,Mobile App,1,4772.24,15,No,4,1,Wallet
ORD-102096,28-05-2025 03:00,CUST-11010,Small Business,Fashion,Sports Cap,South,Website,4,4864.01,20,No,5,1,Debit Card
ORD-104127,19-02-2024 12:00,CUST-10812,Enterprise,Home & Kitchen,Coffee Maker,East,Marketplace,1,3955.85,10,No,3.5,3,Credit Card
ORD-102255,09-01-2025 16:00,CUST-10260,Consumer,Books,SQL Handbook,South,Mobile App,1,1722.56,5,No,4.7,2,UPI
ORD-102053,01-06-2025 09:00,CUST-11866,Consumer,Electronics,Power Bank,Central,Marketplace,1,18498.78,0,No,3.2,6,Wallet
ORD-100338,20-04-2024 16:00,CUST-11196,Consumer,Home & Kitchen,Desk Lamp,West,Website,4,8851.51,20,No,4.7,6,UPI
ORD-103520,27-03-2025 00:00,CUST-10995,Consumer,Books,Leadership Book,South,Mobile App,5,386.42,10,No,3.5,5,UPI
ORD-104005,04-06-2025 08:00,CUST-11030,Consumer,Home & Kitchen,Water Bottle,West,Mobile App,2,11533.45,20,No,3.9,3,UPI
ORD-103880,17-04-2025 04:00,CUST-10540,Consumer,Electronics,Wireless Earbuds,East,Mobile App,3,1865.29,25,Yes,3.5,3,Credit Card
ORD-104301,24-12-2024 07:00,CUST-11264,Consumer,Fashion,Running Shoes,Central,Mobile App,1,4367.29,0,Yes,4.6,2,Credit Card
ORD-105348,17-06-2024 21:00,CUST-10389,Small Business,Electronics,USB-C Hub,North,Website,1,4229.32,5,No,3.7,2,Credit Card
ORD-100735,01-01-2025 12:00,CUST-11724,Small Business,Books,SQL Handbook,West,Mobile App,1,1791.1,10,No,3.7,2,Credit Card
ORD-100377,11-02-2025 18:00,CUST-11269,Consumer,Books,Leadership Book,Central,Marketplace,2,1595,15,No,4.7,5,Debit Card
ORD-103444,16-05-2025 04:00,CUST-11881,Consumer,Electronics,Smart Watch,West,Website,3,20055.47,0,No,3.2,3,Debit Card
ORD-105795,21-04-2024 09:00,CUST-10588,Enterprise,Fashion,Hoodie,North,Website,3,3317.77,30,No,4.1,2,UPI
ORD-101456,21-06-2025 15:00,CUST-10960,Consumer,Electronics,Bluetooth Speaker,Central,Marketplace,2,3998.82,20,No,3.7,2,Net Banking
ORD-105390,07-04-2024 19:00,CUST-10051,Consumer,Fashion,Backpack,North,Website,2,3499.72,15,No,4.5,2,UPI
ORD-101675,20-06-2025 23:00,CUST-11538,Consumer,Electronics,USB-C Hub,West,Mobile App,1,21906.74,10,No,3.5,5,Credit Card
ORD-105082,01-01-2024 00:00,CUST-11590,Consumer,Electronics,Smart Watch,West,Website,1,10000.69,0,No,4,1,Debit Card
ORD-105688,18-02-2025 03:00,CUST-10526,Consumer,Electronics,USB-C Hub,North,Website,6,17869.83,10,No,4.2,1,Wallet
ORD-100737,01-07-2024 04:00,CUST-10244,Consumer,Beauty,Body Lotion,West,Website,3,4738.21,0,No,3.3,4,Net Banking
ORD-105126,15-05-2024 11:00,CUST-11436,Consumer,Home & Kitchen,Storage Set,East,Website,1,4299.45,10,No,4.6,3,Debit Card
ORD-101101,13-09-2024 06:00,CUST-10842,Consumer,Fashion,Sports Cap,South,Mobile App,2,1422,10,No,4.2,6,Credit Card
ORD-105475,16-10-2024 04:00,CUST-10953,Small Business,Electronics,Power Bank,East,Mobile App,1,14831.5,10,No,3.8,5,Credit Card
ORD-102493,29-11-2024 08:00,CUST-10650,Consumer,Home & Kitchen,Air Fryer,North,Mobile App,6,10758.86,20,No,4.5,1,Credit Card
ORD-105776,05-08-2024 06:00,CUST-11802,Consumer,Home & Kitchen,Coffee Maker,Central,Mobile App,1,7167.73,20,No,4.8,3,Debit Card
ORD-101997,26-06-2025 10:00,CUST-11671,Consumer,Home & Kitchen,Coffee Maker,Central,Mobile App,4,5728.69,0,No,4.6,2,Net Banking
ORD-105864,13-05-2025 15:00,CUST-10611,Consumer,Electronics,USB-C Hub,North,Website,8,20197.41,25,No,5,3,Credit Card
ORD-102442,06-01-2024 03:00,CUST-11095,Consumer,Beauty,Skin Serum,North,Mobile App,2,846.19,20,No,4,3,Debit Card
ORD-104285,22-02-2025 17:00,CUST-10358,Consumer,Books,Leadership Book,Central,Mobile App,2,1297.85,10,No,4.1,2,UPI
ORD-104999,29-09-2024 06:00,CUST-10194,Small Business,Books,Data Analytics Guide,South,Mobile App,3,1126.78,20,No,4.8,3,UPI
ORD-102875,08-10-2024 14:00,CUST-11823,Consumer,Home & Kitchen,Water Bottle,South,Website,2,8531.17,20,No,3.6,4,UPI
ORD-102687,04-11-2024 04:00,CUST-10136,Consumer,Electronics,Power Bank,Central,Website,1,13341.01,30,No,3.6,3,Debit Card
ORD-102498,18-01-2024 15:00,CUST-10286,Consumer,Electronics,Smart Watch,Central,Website,1,11035.83,20,No,,1,Net Banking
ORD-104356,10-06-2025 22:00,CUST-10468,Consumer,Fashion,Hoodie,North,Mobile App,3,4691.16,0,No,3.1,1,Debit Card
ORD-100020,30-09-2024 05:00,CUST-11205,Small Business,Home & Kitchen,Desk Lamp,West,Website,5,3682.94,25,No,3.6,1,UPI
ORD-105894,21-10-2024 02:00,CUST-10550,Small Business,Home & Kitchen,Water Bottle,Central,Website,2,2509.69,10,No,3.8,2,Net Banking
ORD-101650,13-04-2024 14:00,CUST-11006,Small Business,Beauty,Hair Dryer,North,Mobile App,2,4036.25,20,No,4.1,2,UPI
ORD-105789,22-06-2025 18:00,CUST-10515,Consumer,Beauty,Face Wash,North,Website,1,819.85,10,No,3.1,1,Credit Card
ORD-101868,17-01-2024 11:00,CUST-11163,Small Business,Home & Kitchen,Coffee Maker,West,Website,6,2057.17,10,No,3.3,2,UPI
ORD-100502,09-06-2025 15:00,CUST-10317,Consumer,Electronics,Wireless Earbuds,West,Website,3,6248.44,20,No,4.2,3,UPI
ORD-101352,27-09-2024 17:00,CUST-11177,Enterprise,Fashion,Running Shoes,South,Mobile App,3,4527.89,20,Yes,4.2,3,Debit Card
ORD-100519,20-11-2024 14:00,CUST-10074,Consumer,Beauty,Hair Dryer,East,Mobile App,1,1212.45,20,No,3.9,2,Wallet
ORD-100813,04-06-2024 00:00,CUST-11531,Small Business,Electronics,USB-C Hub,East,Website,1,6723.75,5,No,3.8,2,UPI
ORD-104204,10-06-2024 23:00,CUST-10559,Consumer,Fashion,Sports Cap,North,Marketplace,1,3623.67,5,No,3.4,2,Credit Card
ORD-103597,29-10-2024 15:00,CUST-10086,Small Business,Electronics,Power Bank,North,Marketplace,2,8466.86,25,No,4,3,UPI
ORD-102238,17-09-2024 00:00,CUST-11888,Consumer,Home & Kitchen,Storage Set,North,Mobile App,5,7802.88,5,No,4.9,2,Debit Card
ORD-103625,09-02-2025 15:00,CUST-10354,Consumer,Books,Data Analytics Guide,South,Mobile App,2,1100.66,20,No,3.7,2,Credit Card
ORD-105405,30-07-2024 18:00,CUST-10113,Consumer,Beauty,Skin Serum,North,Website,1,3158.31,20,No,3.8,4,Debit Card
ORD-101086,13-03-2025 17:00,CUST-10404,Small Business,Fashion,Backpack,South,Mobile App,2,2460.81,0,No,4.8,5,Net Banking
ORD-100421,14-01-2025 02:00,CUST-11150,Small Business,Home & Kitchen,Water Bottle,Central,Marketplace,1,3921.25,25,No,3.8,2,Wallet
ORD-103148,24-06-2025 07:00,CUST-11832,Consumer,Books,Leadership Book,North,Website,2,732.81,30,Yes,3.8,1,Net Banking
ORD-100980,18-11-2024 00:00,CUST-11365,Consumer,Electronics,Smart Watch,North,Website,2,5703.12,5,No,2.9,5,Credit Card
ORD-104007,21-12-2024 08:00,CUST-11022,Consumer,Electronics,Power Bank,South,Mobile App,6,6295.15,10,No,3.6,2,UPI
ORD-103192,01-01-2025 08:00,CUST-10326,Consumer,Electronics,Power Bank,North,Mobile App,1,7984.11,15,No,4.2,5,Net Banking
ORD-102615,31-12-2024 06:00,CUST-10607,Consumer,Electronics,Wireless Earbuds,South,Marketplace,1,2137.49,0,No,5,4,Credit Card
ORD-100152,16-05-2025 01:00,CUST-10208,Small Business,Home & Kitchen,Coffee Maker,North,Mobile App,1,9930.05,30,No,4,4,Credit Card
ORD-104321,01-09-2024 17:00,CUST-10732,Consumer,Electronics,Wireless Earbuds,West,Mobile App,1,14812.25,5,No,4.9,2,Wallet
ORD-103702,16-05-2024 12:00,CUST-11876,Consumer,Books,Data Analytics Guide,East,Website,2,719.69,15,No,4.2,2,Debit Card
ORD-102400,04-01-2024 12:00,CUST-10490,Consumer,Fashion,Casual Shirt,South,Mobile App,1,1192.4,20,No,4.4,5,Wallet
ORD-105941,13-09-2024 03:00,CUST-11623,Consumer,Electronics,Smart Watch,West,Mobile App,4,3893.17,5,No,3.1,4,Net Banking
ORD-104459,22-12-2024 23:00,CUST-11535,Consumer,Fashion,Casual Shirt,West,Mobile App,10,2358.41,5,No,5,3,Debit Card
ORD-102787,02-02-2024 15:00,CUST-10319,Consumer,Beauty,Hair Dryer,East,Website,1,4471.49,10,No,3.8,4,Credit Card
ORD-104201,11-02-2025 22:00,CUST-10596,Small Business,Home & Kitchen,Water Bottle,West,Website,6,6911.57,0,No,4.5,2,Debit Card
ORD-101026,12-02-2024 09:00,CUST-10527,Consumer,Fashion,Running Shoes,Central,Mobile App,1,2520.4,20,No,4.5,5,UPI
ORD-101651,10-01-2024 21:00,CUST-10533,Consumer,Beauty,Face Wash,Central,Mobile App,1,1512.52,20,No,3.6,4,UPI
ORD-105532,03-10-2024 01:00,CUST-11079,Consumer,Electronics,USB-C Hub,Central,Website,2,5065.92,10,No,3.6,1,UPI
ORD-105444,17-05-2024 10:00,CUST-10898,Small Business,Books,Fiction Novel,East,Marketplace,1,1491.79,0,No,2.6,5,UPI
ORD-104422,21-02-2025 04:00,CUST-11355,Consumer,Home & Kitchen,Water Bottle,East,Website,1,7499.2,0,No,4.1,2,Credit Card
ORD-102136,24-10-2024 07:00,CUST-10357,Consumer,Electronics,Wireless Earbuds,West,Marketplace,1,13622.92,5,No,4.2,5,Wallet
ORD-101677,16-08-2024 22:00,CUST-11759,Small Business,Electronics,Power Bank,West,Mobile App,2,8082.82,15,No,4.7,1,UPI
ORD-100281,22-09-2024 17:00,CUST-11482,Consumer,Electronics,USB-C Hub,East,Mobile App,1,20973.73,5,No,4.3,1,Debit Card
ORD-101083,30-10-2024 13:00,CUST-10973,Small Business,Home & Kitchen,Water Bottle,North,Mobile App,1,7689.19,20,No,,3,Credit Card
ORD-104602,19-06-2024 23:00,CUST-10543,Small Business,Fashion,Backpack,North,Mobile App,2,1204.76,15,Yes,4.2,2,UPI
ORD-103918,02-02-2024 23:00,CUST-11412,Consumer,Home & Kitchen,Coffee Maker,West,Mobile App,1,2260.74,15,No,,4,Wallet
ORD-102848,01-06-2024 20:00,CUST-10804,Small Business,Electronics,Power Bank,North,Mobile App,1,6334.16,5,No,4.9,4,Net Banking
ORD-103471,11-02-2025 09:00,CUST-11194,Consumer,Fashion,Backpack,West,Website,3,2709.69,0,No,4.2,3,UPI
ORD-104370,31-10-2024 21:00,CUST-10602,Consumer,Home & Kitchen,Coffee Maker,East,Marketplace,1,4745,15,No,3.2,4,Wallet
ORD-103817,14-03-2025 08:00,CUST-10352,Consumer,Electronics,Power Bank,East,Website,4,9911.75,0,No,3.4,4,UPI
ORD-104540,22-11-2024 15:00,CUST-11340,Consumer,Books,Data Analytics Guide,North,Mobile App,1,1776.24,0,No,4,1,Debit Card
ORD-103420,09-10-2024 01:00,CUST-10853,Small Business,Home & Kitchen,Air Fryer,Central,Mobile App,10,8090.7,5,No,3.7,4,UPI
ORD-101998,02-06-2024 05:00,CUST-11949,Small Business,Home & Kitchen,Coffee Maker,South,Mobile App,3,3353.67,10,No,3.2,2,UPI
ORD-105539,25-06-2025 03:00,CUST-10906,Consumer,Electronics,Bluetooth Speaker,West,Marketplace,3,17096.18,5,No,3.7,1,Credit Card
ORD-101506,14-05-2025 04:00,CUST-10431,Consumer,Home & Kitchen,Water Bottle,South,Website,3,2042.24,10,No,3.6,2,Credit Card
ORD-105409,22-01-2025 10:00,CUST-10168,Consumer,Fashion,Running Shoes,Central,Mobile App,5,4511.31,15,No,3,4,Credit Card
ORD-105924,12-05-2025 17:00,CUST-11768,Consumer,Home & Kitchen,Air Fryer,North,Marketplace,1,11564.69,20,No,3.7,1,Credit Card
ORD-105911,02-07-2024 16:00,CUST-11346,Consumer,Fashion,Casual Shirt,Central,Website,8,4526.79,15,No,4.8,6,UPI
ORD-105394,23-10-2024 13:00,CUST-10304,Small Business,Electronics,Power Bank,Central,Website,1,13248.7,25,No,3,1,Credit Card
ORD-103076,29-02-2024 12:00,CUST-11815,Consumer,Fashion,Running Shoes,Central,Mobile App,1,3598.79,30,No,3.8,5,UPI
ORD-105779,10-03-2024 06:00,CUST-10448,Small Business,Electronics,Wireless Earbuds,South,Website,1,7848.99,0,No,4.2,4,Debit Card
ORD-100667,14-04-2025 23:00,CUST-10390,Consumer,Electronics,Smart Watch,North,Website,5,15698.72,10,No,4,1,
ORD-103308,13-01-2024 21:00,CUST-11390,Consumer,Home & Kitchen,Desk Lamp,Central,Website,6,7840.1,5,No,2.4,6,Debit Card
ORD-100625,06-05-2024 23:00,CUST-11066,Consumer,Fashion,Hoodie,East,Website,1,3711.02,0,Yes,4.2,5,Credit Card
ORD-101218,17-03-2025 20:00,CUST-10863,Consumer,Books,Data Analytics Guide,Central,Website,8,1198.22,5,No,4.1,5,Credit Card
ORD-102735,17-03-2024 05:00,CUST-11610,Enterprise,Books,Fiction Novel,West,Marketplace,3,674.87,15,Yes,4.6,2,Wallet
ORD-100178,06-05-2025 18:00,CUST-10600,Enterprise,Electronics,Smart Watch,North,Website,4,8115.98,30,No,3.6,2,Credit Card
ORD-105015,26-05-2025 16:00,CUST-11399,Consumer,Electronics,Wireless Earbuds,West,Mobile App,2,1647.61,10,No,4.7,2,Credit Card
ORD-102109,03-06-2024 19:00,CUST-10007,Small Business,Beauty,Perfume,South,Website,1,3561.55,5,No,3.9,2,Wallet
ORD-100678,12-10-2024 16:00,CUST-10959,Consumer,Electronics,Smart Watch,West,Mobile App,4,6049.89,0,No,4.5,4,Credit Card
ORD-100239,08-12-2024 12:00,CUST-11312,Consumer,Home & Kitchen,Water Bottle,South,Mobile App,1,9301.48,5,No,4,1,Net Banking
ORD-105068,20-01-2024 06:00,CUST-11172,Consumer,Electronics,Wireless Earbuds,South,Marketplace,1,1545.93,30,No,4.3,4,UPI
ORD-105840,28-02-2025 21:00,CUST-11651,Consumer,Electronics,Smart Watch,East,Marketplace,3,2754.17,0,No,4,4,Credit Card
ORD-103351,27-05-2025 11:00,CUST-10522,Consumer,Books,Fiction Novel,Central,Website,2,1147.34,0,Yes,4.9,6,Credit Card
ORD-100097,07-01-2025 16:00,CUST-10313,Consumer,Home & Kitchen,Water Bottle,South,Mobile App,2,1830.93,10,No,3.1,3,Debit Card
ORD-102569,21-05-2025 01:00,CUST-11898,Enterprise,Books,Business Strategy,West,Mobile App,6,1776.2,5,No,3.5,7,Credit Card
ORD-101353,14-05-2025 18:00,CUST-11246,Consumer,Electronics,USB-C Hub,West,Mobile App,1,16518.35,5,No,4.1,3,Credit Card
ORD-105194,21-07-2024 03:00,CUST-11463,Consumer,Books,Data Analytics Guide,East,Mobile App,1,493.39,20,No,4.2,3,UPI
ORD-103023,18-04-2024 10:00,CUST-10850,Consumer,Books,Leadership Book,West,Marketplace,3,1288.29,20,No,3.8,4,UPI
ORD-101929,03-06-2025 23:00,CUST-10840,Small Business,Home & Kitchen,Air Fryer,Central,Marketplace,8,7260.68,15,No,4.7,4,Credit Card
ORD-100716,09-10-2024 16:00,CUST-10332,Small Business,Beauty,Hair Dryer,West,Mobile App,2,2728.2,20,No,3.9,2,Net Banking
ORD-105032,15-07-2024 16:00,CUST-10627,Consumer,Fashion,Backpack,West,Marketplace,1,3585.22,20,No,4.3,3,Debit Card
ORD-104746,22-02-2025 03:00,CUST-11946,Consumer,Fashion,Hoodie,East,Website,2,1065.59,25,No,4.3,8,Credit Card
ORD-100981,18-01-2025 07:00,CUST-11842,Small Business,Home & Kitchen,Coffee Maker,West,Mobile App,2,1398.72,10,No,4.8,3,UPI
ORD-104376,21-06-2024 20:00,CUST-11918,Consumer,Electronics,USB-C Hub,East,Mobile App,2,4634.97,15,No,4.6,4,Debit Card
ORD-100247,15-08-2024 01:00,CUST-11431,Consumer,Beauty,Skin Serum,East,Website,2,3564,20,No,4.1,2,Debit Card
ORD-100852,09-06-2025 22:00,CUST-10227,Consumer,Home & Kitchen,Storage Set,Central,Mobile App,3,2176.28,0,No,3.7,4,Credit Card
ORD-102505,03-03-2024 23:00,CUST-11941,Consumer,Home & Kitchen,Water Bottle,West,Mobile App,3,8221.51,25,No,3.3,2,Credit Card
ORD-103272,22-12-2024 08:00,CUST-11453,Enterprise,Fashion,Casual Shirt,South,Website,4,868.42,10,Yes,4.9,2,Debit Card
ORD-103480,12-03-2025 07:00,CUST-11205,Consumer,Beauty,Body Lotion,South,Marketplace,3,710.66,25,No,4.7,7,Debit Card
ORD-105850,02-04-2024 10:00,CUST-11069,Consumer,Home & Kitchen,Water Bottle,West,Website,1,5914.47,0,No,5,2,Net Banking
ORD-103330,01-12-2024 09:00,CUST-11570,Consumer,Home & Kitchen,Water Bottle,East,Mobile App,3,10192.81,10,No,3.1,3,Debit Card
ORD-101768,06-02-2024 22:00,CUST-10801,Consumer,Electronics,Bluetooth Speaker,East,Website,4,8198.3,30,No,4.6,2,Wallet
ORD-101927,09-03-2024 14:00,CUST-11081,Consumer,Home & Kitchen,Water Bottle,East,Website,2,4232.7,0,No,3.2,2,Debit Card
ORD-101035,09-02-2025 12:00,CUST-10208,Consumer,Home & Kitchen,Coffee Maker,North,Website,3,8508.38,15,No,3.6,4,Debit Card
ORD-101180,27-11-2024 23:00,CUST-11708,Small Business,Beauty,Body Lotion,East,Website,2,2451.05,10,No,4.8,2,UPI
ORD-101645,09-06-2024 22:00,CUST-10838,Consumer,Books,Fiction Novel,South,Mobile App,3,1481.63,15,No,4.4,4,UPI
ORD-102001,03-02-2024 21:00,CUST-10205,Small Business,Fashion,Casual Shirt,East,Marketplace,10,4411.11,30,No,3.6,3,Debit Card
ORD-101965,08-02-2025 22:00,CUST-10476,Small Business,Electronics,Power Bank,South,Website,3,21132.55,20,No,,2,Debit Card
ORD-102516,12-01-2025 20:00,,Consumer,Electronics,USB-C Hub,Central,Website,1,13932.05,20,No,4.7,5,Debit Card
ORD-101420,02-06-2025 16:00,CUST-10818,Consumer,Home & Kitchen,Storage Set,South,Mobile App,5,4934.88,5,No,3.2,2,Debit Card
ORD-102291,24-06-2024 13:00,CUST-11525,Consumer,Home & Kitchen,Water Bottle,North,Mobile App,2,5278.96,5,No,2.6,4,Debit Card
ORD-100628,02-10-2024 18:00,CUST-11313,Consumer,Fashion,Casual Shirt,South,Marketplace,1,2049.55,15,No,4.4,3,Wallet
ORD-100744,10-03-2025 05:00,CUST-10646,Enterprise,Electronics,Wireless Earbuds,North,Website,2,18751.56,5,No,4.3,4,Credit Card
ORD-102076,10-09-2024 13:00,CUST-11935,Small Business,Home & Kitchen,Desk Lamp,West,Mobile App,1,3613.83,5,No,5,4,Debit Card
ORD-101288,25-02-2024 15:00,CUST-11333,Consumer,Books,SQL Handbook,West,Marketplace,1,1130.14,0,No,3.7,5,Credit Card
ORD-102186,15-06-2024 18:00,CUST-10530,Consumer,Electronics,USB-C Hub,East,Marketplace,1,7999.06,15,No,4,1,Credit Card
ORD-105477,20-01-2025 21:00,CUST-10058,Consumer,Home & Kitchen,Coffee Maker,South,Website,1,7618.53,0,No,4.3,1,UPI
ORD-103275,19-05-2025 04:00,CUST-10984,Consumer,Beauty,Perfume,West,Website,4,4439.45,5,No,4.3,2,UPI
ORD-103278,26-06-2025 05:00,CUST-10859,Small Business,Beauty,Perfume,West,Website,2,4358.11,5,No,3.2,4,UPI
ORD-104786,02-11-2024 10:00,CUST-11277,Consumer,Fashion,Sports Cap,West,Marketplace,1,2388.44,0,Yes,3.8,6,Wallet
ORD-104577,19-04-2024 02:00,CUST-11794,Consumer,Electronics,USB-C Hub,South,Website,4,2931,15,No,4.4,2,Debit Card
ORD-105654,13-05-2024 20:00,CUST-10727,Consumer,Home & Kitchen,Desk Lamp,West,Marketplace,3,2821.85,25,No,4.9,6,Debit Card
ORD-105484,18-10-2024 08:00,CUST-11493,Enterprise,Beauty,Perfume,West,Mobile App,2,4654.08,20,No,4.4,2,UPI
ORD-104196,29-10-2024 04:00,CUST-11715,Consumer,Electronics,USB-C Hub,North,Website,2,12893.23,5,Yes,2.6,3,Net Banking
ORD-102540,07-06-2024 05:00,CUST-10174,Small Business,Books,Leadership Book,West,Marketplace,1,1477.11,20,No,2.9,1,Wallet
ORD-100101,19-04-2024 03:00,CUST-11103,Small Business,Electronics,Wireless Earbuds,West,Website,3,10016.59,5,No,3.9,6,Net Banking
ORD-101593,11-01-2024 09:00,CUST-10307,Consumer,Electronics,Wireless Earbuds,Central,Marketplace,1,3797.38,10,No,4.3,2,UPI
ORD-105942,19-04-2024 02:00,CUST-11177,Consumer,Electronics,Smart Watch,Central,Marketplace,1,1423.4,25,No,3,2,Net Banking
ORD-104441,12-07-2024 22:00,CUST-10665,Consumer,Beauty,Skin Serum,Central,Website,5,4542.2,10,Yes,3.7,3,Credit Card
ORD-104281,03-05-2025 23:00,CUST-10545,Consumer,Electronics,Bluetooth Speaker,South,Mobile App,5,18002.49,0,No,5,2,Debit Card
ORD-105949,03-10-2024 03:00,CUST-11866,Consumer,Electronics,Wireless Earbuds,East,Website,2,19513.22,30,No,3.7,5,Debit Card
ORD-102648,26-05-2025 05:00,CUST-11646,Consumer,Home & Kitchen,Coffee Maker,South,Website,2,10773.92,15,No,4.7,1,Credit Card
ORD-102434,02-09-2024 23:00,CUST-11673,Consumer,Beauty,Hair Dryer,West,Mobile App,2,462.42,30,No,2.6,3,Net Banking
ORD-103082,31-05-2024 04:00,CUST-11066,Consumer,Fashion,Hoodie,Central,Website,1,2288.59,5,No,3.9,3,Credit Card
ORD-100170,27-02-2024 22:00,CUST-10984,Small Business,Books,Business Strategy,North,Website,3,1053.83,10,Yes,4.9,2,Credit Card
ORD-105514,04-10-2024 18:00,CUST-11880,Consumer,Home & Kitchen,Coffee Maker,Central,Mobile App,1,7512.47,0,No,3.2,9,Credit Card
ORD-100411,05-05-2024 09:00,CUST-11485,Small Business,Electronics,Power Bank,South,Marketplace,2,17447.4,10,No,4.2,3,UPI
ORD-100806,24-10-2024 12:00,CUST-11913,Consumer,Fashion,Casual Shirt,East,Mobile App,4,5605.68,15,No,4.7,5,Wallet
ORD-102943,12-04-2024 14:00,CUST-11408,Consumer,Beauty,Hair Dryer,South,Mobile App,3,1097.02,10,No,3.5,2,UPI
ORD-103476,26-10-2024 01:00,CUST-10910,Small Business,Beauty,Face Wash,South,Mobile App,3,1766.7,0,No,3.9,1,Credit Card
ORD-104690,01-01-2024 20:00,CUST-10301,Consumer,Electronics,Power Bank,West,Website,3,4497.2,15,No,3.6,3,UPI
ORD-101588,15-04-2025 14:00,CUST-10311,Consumer,Fashion,Backpack,South,Marketplace,1,4119.52,10,Yes,3.6,1,Credit Card
ORD-104435,22-05-2025 14:00,CUST-11859,Consumer,Home & Kitchen,Coffee Maker,East,Marketplace,1,8651.94,10,No,4.3,3,Debit Card
ORD-101901,16-10-2024 20:00,CUST-10113,Consumer,Home & Kitchen,Air Fryer,East,Marketplace,2,8434.09,0,No,5,2,UPI
ORD-102160,17-03-2025 19:00,CUST-11078,Consumer,Books,Data Analytics Guide,Central,Mobile App,1,1022.3,10,No,4.8,2,Credit Card
ORD-102409,15-01-2024 12:00,CUST-10649,Consumer,Beauty,Body Lotion,South,Mobile App,2,3561.25,15,No,4,3,Wallet
ORD-105293,02-02-2025 06:00,CUST-11293,Consumer,Electronics,USB-C Hub,South,Mobile App,1,5440.74,0,No,3.4,6,Credit Card
ORD-104750,23-01-2024 05:00,CUST-11229,Consumer,Books,SQL Handbook,Central,Mobile App,4,556.62,5,No,4.2,4,Wallet
ORD-101224,15-08-2024 14:00,CUST-10837,Consumer,Electronics,Power Bank,South,Marketplace,1,13314.76,20,No,3.7,3,Wallet
ORD-105132,17-09-2024 04:00,CUST-10322,Small Business,Beauty,Body Lotion,North,Marketplace,3,4737.28,10,No,3.4,6,Net Banking
ORD-102218,05-06-2024 10:00,CUST-10603,Small Business,Home & Kitchen,Coffee Maker,West,Website,4,8951.55,25,No,5,1,UPI
ORD-100445,27-12-2024 22:00,CUST-10502,Enterprise,Home & Kitchen,Coffee Maker,Central,Mobile App,1,2374.43,10,No,3.3,2,Debit Card
ORD-104992,25-06-2025 09:00,CUST-11224,Consumer,Electronics,Power Bank,North,Mobile App,4,15046.13,10,No,4.6,5,Wallet
ORD-101142,23-05-2025 13:00,CUST-11123,Small Business,Electronics,Wireless Earbuds,North,Marketplace,1,5018.08,20,No,4.2,3,UPI
ORD-100235,27-01-2025 20:00,CUST-10268,Consumer,Electronics,USB-C Hub,North,Website,3,19977.86,10,No,3.7,2,UPI
ORD-103168,24-03-2025 22:00,CUST-11932,Consumer,Home & Kitchen,Air Fryer,East,Website,3,1746.32,15,No,3.3,4,Credit Card
ORD-100690,28-06-2025 05:00,CUST-11695,Consumer,Electronics,Wireless Earbuds,East,Website,1,7464.55,20,No,4.4,5,Wallet
ORD-102273,08-09-2024 20:00,CUST-10395,Small Business,Books,Leadership Book,Central,Marketplace,1,1793.55,25,No,4,2,UPI
ORD-103592,21-06-2025 18:00,CUST-11639,Consumer,Home & Kitchen,Desk Lamp,North,Website,1,6743.39,5,No,3.5,2,Debit Card
ORD-101341,15-03-2024 17:00,CUST-10227,Consumer,Electronics,Bluetooth Speaker,East,Marketplace,2,3207.5,5,No,4.7,4,Credit Card
ORD-100381,26-05-2025 12:00,CUST-10891,Consumer,Books,Fiction Novel,Central,Website,1,904.36,0,No,5,4,Net Banking
ORD-102471,24-02-2024 03:00,CUST-11506,Consumer,Electronics,Bluetooth Speaker,South,Mobile App,8,1613.48,30,No,3.6,4,UPI
ORD-101953,10-09-2024 22:00,CUST-10433,Consumer,Books,Leadership Book,North,Website,10,1541.73,5,No,4.3,3,Net Banking
ORD-102984,27-01-2025 22:00,CUST-11314,Small Business,Fashion,Hoodie,North,Website,1,5237.81,25,No,3.8,5,Credit Card
ORD-100524,23-06-2024 00:00,CUST-11715,Small Business,Fashion,Casual Shirt,North,Mobile App,2,4163.47,20,No,3.3,3,Credit Card
ORD-104699,13-01-2024 23:00,CUST-11349,Consumer,Fashion,Sports Cap,North,Mobile App,5,5646.44,0,No,3.6,2,Credit Card
ORD-100241,14-11-2024 22:00,CUST-11268,Small Business,Fashion,Casual Shirt,North,Mobile App,1,1726.01,0,No,4,2,UPI
ORD-104271,17-10-2024 09:00,CUST-10280,Consumer,Books,SQL Handbook,West,Mobile App,1,1788.43,15,No,4.3,2,UPI
ORD-102191,11-08-2024 20:00,CUST-11887,Consumer,Fashion,Casual Shirt,Central,Website,3,4856.2,25,No,3.4,1,Debit Card
ORD-102403,27-10-2024 19:00,CUST-10255,Consumer,Electronics,Smart Watch,South,Website,1,16556.96,10,No,4,3,UPI
ORD-102445,03-05-2025 10:00,CUST-11261,Small Business,Electronics,Smart Watch,North,Mobile App,2,8204.85,5,Yes,3.9,4,Debit Card
ORD-104726,23-02-2024 15:00,CUST-11354,Consumer,Electronics,Wireless Earbuds,South,Mobile App,1,20233.46,0,Yes,3.3,3,UPI
ORD-104572,27-09-2024 04:00,CUST-11428,Small Business,Electronics,Bluetooth Speaker,North,Marketplace,1,15843.44,10,No,3.8,2,Debit Card
ORD-101756,09-07-2024 01:00,CUST-11111,Consumer,Home & Kitchen,Storage Set,South,Website,1,11303.25,0,No,4.5,3,Debit Card
ORD-103234,08-11-2024 08:00,CUST-10266,Enterprise,Home & Kitchen,Air Fryer,South,Website,2,948.38,5,No,4,3,Net Banking
ORD-101582,08-10-2024 10:00,CUST-11255,Consumer,Beauty,Perfume,North,Marketplace,1,3381.87,10,No,4.9,2,UPI
ORD-102335,21-10-2024 06:00,CUST-10343,Small Business,Beauty,Perfume,Central,Mobile App,2,835.5,10,No,4.7,4,Wallet
ORD-100434,24-08-2024 21:00,CUST-11279,Consumer,Electronics,Power Bank,South,Marketplace,4,16068.62,0,No,3.4,2,Credit Card
ORD-103155,04-07-2025 22:00,CUST-11918,Small Business,Electronics,USB-C Hub,North,Mobile App,1,17804.63,20,No,3.5,3,Debit Card
ORD-103187,07-08-2024 23:00,CUST-11933,Consumer,Electronics,USB-C Hub,Central,Website,4,18244.04,15,No,4.1,5,Wallet
ORD-103842,01-11-2024 12:00,CUST-11290,Consumer,Beauty,perfume,North,Marketplace,2,2287.06,10,No,3.9,4,UPI
ORD-104358,31-12-2024 13:00,CUST-11100,Consumer,Electronics,Power Bank,West,Marketplace,3,12052.68,15,No,3,4,Net Banking
ORD-101554,06-09-2024 23:00,CUST-11690,Consumer,Electronics,Bluetooth Speaker,East,Mobile App,1,20488.16,10,No,5,4,Credit Card
ORD-102797,05-11-2024 20:00,CUST-10069,Small Business,Books,SQL Handbook,East,Marketplace,1,432.84,0,No,3.5,5,Debit Card
ORD-104064,17-02-2025 01:00,CUST-10727,Small Business,Home & Kitchen,Desk Lamp,North,Mobile App,3,4495.54,25,No,3.6,3,Net Banking
ORD-104766,07-11-2024 14:00,CUST-11036,Consumer,Beauty,Skin Serum,South,Mobile App,4,853.35,0,No,4.9,3,UPI
ORD-102317,26-08-2024 05:00,CUST-11056,Consumer,Books,Data Analytics Guide,North,Website,2,1365.98,5,No,,4,Net Banking
ORD-105528,15-01-2024 15:00,CUST-11880,Consumer,Beauty,Face Wash,Central,Marketplace,2,2250.17,30,No,3.8,3,Debit Card
ORD-102293,12-02-2025 21:00,CUST-10219,Consumer,Fashion,Running Shoes,South,Mobile App,1,5311.28,5,No,4.1,2,UPI
ORD-101894,14-03-2024 05:00,CUST-10663,Small Business,Fashion,Casual Shirt,South,Mobile App,3,1438.89,15,No,3.5,5,Credit Card
ORD-103752,08-06-2025 12:00,CUST-11118,Consumer,Beauty,Face Wash,West,Website,5,2611.67,0,No,4.3,3,Debit Card
ORD-103348,07-03-2024 11:00,CUST-10202,Consumer,Home & Kitchen,Storage Set,East,Mobile App,2,5802.96,25,No,4.3,3,Credit Card
ORD-100083,30-03-2025 16:00,CUST-10981,Consumer,Beauty,Face Wash,West,Mobile App,3,3473.4,0,No,3,4,Debit Card
ORD-104228,08-07-2024 20:00,CUST-10647,Consumer,Electronics,Bluetooth Speaker,East,Mobile App,1,6239.55,10,No,4.6,5,Wallet
ORD-104304,31-12-2024 04:00,CUST-11390,Consumer,Fashion,Hoodie,West,Marketplace,4,5313.02,15,No,4,4,Credit Card
ORD-105803,23-05-2025 11:00,CUST-10705,Small Business,Electronics,USB-C Hub,North,Website,2,16554.17,15,No,3.6,5,Debit Card
ORD-103152,17-04-2024 10:00,CUST-11160,Consumer,Home & Kitchen,Storage Set,North,Website,4,10113.22,10,No,4.1,3,
ORD-100168,01-07-2024 12:00,CUST-11170,Consumer,Electronics,Power Bank,West,Website,4,6951.54,5,No,3.5,3,Credit Card
ORD-104250,16-08-2024 08:00,CUST-11896,Consumer,Fashion,Backpack,South,Website,2,1452.55,5,No,4.5,1,Wallet
ORD-103008,09-12-2024 12:00,CUST-10646,Small Business,Beauty,Perfume,North,Mobile App,2,2301.8,15,No,3.8,3,Credit Card
ORD-100191,10-12-2024 03:00,,Small Business,Electronics,USB-C Hub,North,Mobile App,1,4036.06,5,No,4.2,4,Credit Card
ORD-102253,30-09-2024 10:00,CUST-10652,Consumer,Beauty,Face Wash,West,Website,1,321.98,10,No,3.7,1,UPI
ORD-101776,30-06-2024 10:00,CUST-10367,Consumer,Home & Kitchen,Desk Lamp,North,Website,1,5492.66,20,No,3.9,3,Wallet
ORD-103383,13-05-2025 14:00,CUST-11875,Consumer,Beauty,Hair Dryer,North,Website,1,4195.27,25,No,4.2,1,Credit Card
ORD-104860,02-02-2024 06:00,,Consumer,Fashion,Casual Shirt,North,Marketplace,6,4923.43,5,Yes,4.1,2,Wallet
ORD-104520,24-06-2025 18:00,CUST-11653,Small Business,Electronics,Smart Watch,South,Marketplace,1,18917.66,30,No,4.5,5,Debit Card
ORD-103734,25-06-2024 01:00,CUST-11872,Small Business,Electronics,Wireless Earbuds,South,Website,5,18617.3,25,No,4.4,1,Net Banking
ORD-101900,19-10-2024 01:00,CUST-11137,Consumer,Home & Kitchen,Water Bottle,South,Website,1,4335.47,10,No,4.6,3,UPI
ORD-103378,13-04-2025 08:00,CUST-10708,Small Business,Home & Kitchen,Coffee Maker,North,Mobile App,2,4563.17,25,No,4.2,3,UPI
ORD-101330,02-09-2024 15:00,CUST-10521,Enterprise,Electronics,Power Bank,South,Marketplace,3,6615.25,25,No,4.5,3,Debit Card
ORD-101931,20-09-2024 05:00,CUST-11462,Consumer,Fashion,Running Shoes,East,Marketplace,2,3544.58,0,No,3.4,4,Debit Card
ORD-100793,26-03-2025 16:00,CUST-11153,Consumer,Electronics,USB-C Hub,North,Mobile App,10,1254.69,20,No,3.9,4,Net Banking
ORD-101106,13-05-2024 06:00,CUST-11644,Consumer,Fashion,Running Shoes,West,Website,3,5219.33,20,Yes,3.9,2,Credit Card
ORD-105382,31-07-2024 05:00,CUST-10808,Consumer,Electronics,Wireless Earbuds,Central,Marketplace,1,20549.94,15,No,3.5,5,Wallet
ORD-105523,16-05-2025 20:00,CUST-11920,Enterprise,Home & Kitchen,Storage Set,North,Website,2,5493.41,5,No,3.4,1,UPI
ORD-104848,24-03-2024 15:00,CUST-11646,Consumer,Electronics,Power Bank,North,Website,4,4531.83,20,No,3.5,5,Debit Card
ORD-100578,02-05-2025 21:00,CUST-10650,Consumer,Beauty,Face Wash,South,Website,5,1573.31,5,No,5,2,Credit Card
ORD-100918,18-05-2024 22:00,CUST-10319,Consumer,Fashion,Hoodie,Central,Mobile App,1,2059.73,5,No,5,3,Wallet
ORD-104615,23-08-2024 10:00,CUST-10202,Consumer,Beauty,Perfume,Central,Marketplace,3,4159.22,20,No,4.6,1,Debit Card
ORD-101945,05-03-2024 22:00,CUST-11872,Consumer,Beauty,Perfume,East,Mobile App,3,4009.06,5,No,4.1,1,Credit Card
ORD-101137,19-07-2024 04:00,CUST-11490,Consumer,Books,Business Strategy,Central,Marketplace,4,572.98,20,No,3.6,2,Debit Card
ORD-100955,29-11-2024 14:00,CUST-11000,Enterprise,Fashion,Casual Shirt,South,Mobile App,4,2153.09,15,No,4.5,2,Credit Card
ORD-102676,09-06-2025 09:00,CUST-10446,Consumer,Electronics,Wireless Earbuds,East,Website,5,13196.03,0,No,4.6,6,Debit Card
ORD-104202,06-07-2024 19:00,CUST-10520,Small Business,Electronics,USB-C Hub,South,Website,1,7610.62,15,No,4,3,Net Banking
ORD-100348,08-04-2024 16:00,CUST-11748,Small Business,Beauty,Hair Dryer,South,Marketplace,1,4628.58,0,No,3.8,1,UPI
ORD-101905,13-05-2024 16:00,CUST-10672,Consumer,Fashion,Sports Cap,North,Website,10,5650.98,15,No,4.1,1,Wallet
ORD-100057,25-03-2024 05:00,CUST-11393,Consumer,Electronics,Wireless Earbuds,West,Website,2,20101.09,0,No,3.9,3,Debit Card
ORD-102669,10-06-2025 03:00,CUST-10616,Consumer,Beauty,Face Wash,South,Mobile App,2,1280.53,5,No,4.9,5,Wallet
ORD-103286,12-03-2024 12:00,CUST-11812,Small Business,Fashion,Backpack,North,Website,3,5650.28,10,No,4.7,2,Credit Card
ORD-105741,05-12-2024 08:00,CUST-11812,Consumer,Fashion,Running Shoes,East,Mobile App,4,4479.36,15,No,3.7,3,Wallet
ORD-104123,25-05-2024 03:00,CUST-10747,Enterprise,Books,Fiction Novel,North,Website,1,541.46,15,No,4.3,4,Net Banking
ORD-100289,15-09-2024 13:00,CUST-10334,Consumer,Home & Kitchen,Air Fryer,North,Mobile App,5,4400.99,0,No,4.2,5,Credit Card
ORD-101338,27-02-2025 08:00,CUST-10794,Small Business,Fashion,Sports Cap,West,Mobile App,4,4357.01,25,No,4.7,2,Credit Card
ORD-100747,20-06-2024 16:00,CUST-11848,Small Business,Books,SQL Handbook,Central,Website,1,781.84,15,No,3.5,4,Debit Card
ORD-103545,10-12-2024 12:00,CUST-10265,Small Business,Beauty,Hair Dryer,Central,Website,1,1272.48,30,Yes,3.7,6,Debit Card
ORD-102080,27-03-2025 16:00,CUST-11701,Consumer,Electronics,Power Bank,South,Mobile App,3,11597.4,5,No,4.3,4,UPI
ORD-100761,28-10-2024 22:00,CUST-11044,Consumer,Home & Kitchen,Storage Set,West,Website,1,6992.13,25,No,3.9,1,Wallet
ORD-105806,21-08-2024 10:00,CUST-10789,Small Business,Electronics,Bluetooth Speaker,North,Website,4,4811.86,5,No,3.6,2,UPI
ORD-104892,01-02-2024 17:00,CUST-11806,Small Business,Electronics,USB-C Hub,South,Website,2,8633.2,0,No,4.8,5,Debit Card
ORD-103798,06-01-2024 12:00,CUST-10128,Small Business,Fashion,Sports Cap,North,Marketplace,1,526.86,15,No,4.2,4,UPI
ORD-105704,19-06-2024 06:00,CUST-11844,Consumer,Home & Kitchen,Coffee Maker,Central,Website,1,9946.73,15,No,3.6,2,Wallet
ORD-104741,09-09-2024 09:00,CUST-10844,Small Business,Home & Kitchen,Air Fryer,East,Mobile App,2,7929.91,0,No,4.4,5,Net Banking
ORD-102601,27-04-2024 03:00,CUST-10382,Small Business,Electronics,Bluetooth Speaker,South,Website,6,19284.75,15,Yes,5,5,Credit Card
ORD-100330,25-10-2024 13:00,CUST-11240,Consumer,Books,Data Analytics Guide,South,Mobile App,1,666.92,0,No,3.2,3,Debit Card
ORD-103231,26-04-2024 08:00,CUST-11136,Enterprise,Home & Kitchen,Coffee Maker,Central,Marketplace,1,10671.46,5,No,3.9,1,Debit Card
ORD-102892,17-07-2024 22:00,CUST-10346,Small Business,Fashion,Casual Shirt,North,Marketplace,1,1443.29,5,No,5,1,Debit Card
ORD-102748,14-08-2024 13:00,CUST-10104,Consumer,Books,Data Analytics Guide,Central,Marketplace,3,1733.87,0,No,4.7,2,Debit Card
ORD-101925,12-03-2024 22:00,CUST-11231,Consumer,Home & Kitchen,Air Fryer,South,Website,2,6410.19,0,No,3.6,7,Wallet
ORD-104923,05-01-2025 18:00,CUST-11549,Consumer,Fashion,Backpack,South,Mobile App,3,4553.2,0,No,3.4,2,Wallet
ORD-101699,09-06-2025 01:00,CUST-10720,Consumer,Beauty,Face Wash,North,Website,2,540.77,20,No,3.4,5,Debit Card
ORD-100526,19-05-2025 04:00,CUST-11678,Consumer,Electronics,Bluetooth Speaker,West,Marketplace,1,16046.06,5,No,5,2,Debit Card
ORD-103811,30-08-2024 19:00,CUST-11943,Consumer,Home & Kitchen,Air Fryer,West,Mobile App,1,7675.42,5,No,4.3,5,Net Banking
ORD-101148,11-01-2025 07:00,CUST-10487,Consumer,Home & Kitchen,Desk Lamp,east,Marketplace,1,6370.37,30,No,3.4,3,Debit Card
ORD-100785,17-11-2024 05:00,CUST-10356,Consumer,Books,Fiction Novel,Central,Website,1,770.64,20,No,4.6,6,Debit Card
ORD-102483,23-06-2024 22:00,CUST-10048,Consumer,Home & Kitchen,Air Fryer,North,Website,1,3649.1,5,No,4.4,2,Credit Card
ORD-102988,08-05-2025 06:00,CUST-11406,Consumer,Books,SQL Handbook,Central,Website,2,984.95,20,No,4.2,2,Net Banking
ORD-101877,04-05-2025 07:00,CUST-10036,Consumer,Fashion,Casual Shirt,Central,Website,3,1993.69,0,No,3,7,Credit Card
ORD-105564,20-02-2024 12:00,CUST-10575,Small Business,Home & Kitchen,Water Bottle,North,Mobile App,5,7551.29,0,No,4,6,Credit Card
ORD-100545,30-01-2024 03:00,CUST-10913,Consumer,Home & Kitchen,Water Bottle,West,Website,3,9216.24,15,No,4,3,Debit Card
ORD-105678,29-11-2024 18:00,CUST-10274,Small Business,Beauty,Body Lotion,West,Marketplace,1,3261.24,15,No,4,1,UPI
ORD-103300,13-12-2024 11:00,CUST-11711,Consumer,Electronics,USB-C Hub,Central,Marketplace,1,3755.42,10,No,4.9,1,Credit Card
ORD-102134,28-08-2024 11:00,CUST-11939,Enterprise,Books,Data Analytics Guide,South,Website,3,1369.28,10,No,4.3,3,UPI
ORD-102165,19-05-2025 11:00,CUST-10338,Small Business,Beauty,Face Wash,East,Mobile App,3,1993.23,25,No,4,5,Credit Card
ORD-103051,05-04-2024 15:00,CUST-10789,Consumer,Fashion,Backpack,East,Website,1,5155.72,20,No,5,4,Wallet
ORD-101433,02-11-2024 23:00,CUST-10842,Small Business,Home & Kitchen,Coffee Maker,North,Website,1,8325.03,15,No,4.1,4,Credit Card
ORD-100805,02-03-2025 14:00,CUST-11446,Consumer,Electronics,USB-C Hub,West,Website,2,5684.89,25,No,3,2,Wallet
ORD-105275,24-04-2024 06:00,CUST-11744,Consumer,Home & Kitchen,Desk Lamp,South,Website,1,7646.28,5,No,4.7,3,UPI
ORD-104395,06-10-2024 16:00,CUST-11344,Small Business,Books,Business Strategy,Central,Website,1,678.33,15,No,3.5,2,Debit Card
ORD-100639,02-06-2025 02:00,CUST-11376,Small Business,Fashion,Running Shoes,Central,Marketplace,10,3193.53,5,No,4.6,2,Debit Card
ORD-103315,07-04-2025 07:00,CUST-10687,Small Business,Fashion,Casual Shirt,North,Mobile App,3,3486.9,5,No,5,3,Wallet
ORD-103066,28-03-2025 19:00,CUST-10940,Consumer,Home & Kitchen,Coffee Maker,West,Website,1,10024.55,20,No,3.8,3,Credit Card
ORD-103594,15-05-2024 19:00,CUST-11723,Small Business,Books,Business Strategy,East,Mobile App,2,1246.77,25,No,4,2,UPI
ORD-103945,04-02-2025 07:00,CUST-11805,Small Business,Beauty,Perfume,Central,Website,4,1243.36,25,No,3.3,2,Debit Card
ORD-105341,01-12-2024 10:00,CUST-10198,Small Business,Fashion,Backpack,North,Mobile App,1,2563.46,25,No,3.3,4,Debit Card
ORD-105494,26-02-2025 20:00,CUST-11344,Consumer,Fashion,Running Shoes,North,Website,1,3302.68,15,No,3.3,4,Net Banking
ORD-105001,19-01-2024 11:00,CUST-10287,Consumer,Books,Fiction Novel,North,Website,1,445.28,20,No,5,4,Debit Card
ORD-105607,21-11-2024 08:00,CUST-11246,Consumer,Beauty,Body Lotion,South,Marketplace,1,852.1,0,Yes,5,3,Debit Card
ORD-102401,05-11-2024 06:00,CUST-10006,Consumer,Electronics,Smart Watch,East,Website,2,7028.03,20,No,4.2,4,Debit Card
ORD-104769,26-01-2024 19:00,CUST-10954,Small Business,Fashion,Hoodie,West,Website,3,1316.86,10,No,4,4,Net Banking
ORD-102981,02-02-2024 22:00,CUST-10572,Consumer,Fashion,Hoodie,South,Website,3,4474.33,5,No,4.1,2,Credit Card
ORD-104710,04-06-2024 15:00,CUST-10183,Small Business,Home & Kitchen,Desk Lamp,Central,Mobile App,2,2388.78,5,No,4.3,7,UPI
ORD-101080,17-05-2025 13:00,CUST-10438,Consumer,Home & Kitchen,Air Fryer,West,Mobile App,2,5536.46,5,No,4.8,3,UPI
ORD-104606,11-05-2024 02:00,CUST-11523,Small Business,Beauty,Perfume,South,Mobile App,1,4811.01,10,No,3.4,4,Credit Card
ORD-101055,27-06-2025 13:00,CUST-10516,Small Business,Beauty,Face Wash,East,Website,2,1406.36,25,No,3.6,4,UPI
ORD-100777,05-03-2024 16:00,CUST-11617,Consumer,Electronics,Bluetooth Speaker,West,Marketplace,1,1523.96,25,No,3.6,3,Credit Card
ORD-101780,26-01-2024 12:00,CUST-10315,Consumer,Home & Kitchen,Air Fryer,Central,Website,4,5098.94,20,No,4.2,4,Credit Card
ORD-100820,14-01-2024 02:00,CUST-10394,Consumer,Beauty,Body Lotion,Central,Mobile App,1,1163.26,15,No,3.7,4,Credit Card
ORD-101032,03-02-2025 00:00,CUST-10665,Enterprise,Fashion,Sports Cap,Central,Website,3,1155.44,15,No,5,3,Debit Card
ORD-104468,30-04-2025 06:00,CUST-11896,Small Business,Beauty,Hair Dryer,Central,Website,1,1957.78,10,No,5,3,Credit Card
ORD-104149,31-07-2024 21:00,CUST-10081,Small Business,Fashion,Sports Cap,West,Website,3,1110.97,10,No,4.5,5,UPI
ORD-101480,23-03-2024 17:00,CUST-10410,Small Business,Home & Kitchen,Coffee Maker,West,Website,4,4523.63,10,No,5,5,Credit Card
ORD-103532,03-02-2024 11:00,CUST-11357,Enterprise,Fashion,Backpack,North,Marketplace,3,1025.92,15,No,5,4,Credit Card
ORD-101129,20-12-2024 11:00,CUST-11664,Small Business,Books,Leadership Book,East,Website,3,442.71,15,No,3,6,Net Banking
ORD-105555,07-10-2024 16:00,CUST-10372,Consumer,Electronics,Bluetooth Speaker,South,Marketplace,8,2444.54,5,No,4.1,4,Net Banking
ORD-104783,16-02-2025 20:00,CUST-10197,Consumer,Electronics,USB-C Hub,Central,Marketplace,1,4527.27,10,No,4.3,4,Debit Card
ORD-103513,18-03-2024 00:00,CUST-10408,Consumer,Beauty,Perfume,South,Website,1,2030.08,15,No,3.2,4,Wallet
ORD-104725,17-09-2024 19:00,CUST-11630,Consumer,Home & Kitchen,Water Bottle,North,Mobile App,2,5465.23,15,No,2.8,4,Wallet
ORD-103517,08-05-2025 00:00,CUST-11620,Consumer,Fashion,Sports Cap,East,Mobile App,4,3629.29,15,No,4.8,4,Credit Card
ORD-101010,26-05-2024 18:00,CUST-11222,Consumer,Electronics,Power Bank,Central,Website,1,10622.37,5,No,3.7,4,Credit Card
ORD-103794,01-05-2025 22:00,CUST-10422,Consumer,Fashion,Hoodie,South,Marketplace,2,2647.2,5,Yes,3.6,4,Wallet
ORD-105345,05-08-2024 16:00,CUST-10073,Consumer,Fashion,Backpack,West,Website,5,2020.27,15,No,3,1,UPI
ORD-103529,06-03-2024 14:00,CUST-10858,Small Business,Electronics,Smart Watch,Central,Website,2,7143.69,30,No,2.6,5,Net Banking
ORD-102660,25-08-2024 09:00,CUST-11414,Consumer,Home & Kitchen,Desk Lamp,West,Website,1,7929.23,10,No,2.6,3,Debit Card
ORD-103336,12-10-2024 14:00,CUST-10994,Consumer,Home & Kitchen,Air Fryer,Central,Mobile App,2,7622.72,15,No,2.7,3,Credit Card
ORD-100940,12-01-2025 05:00,CUST-11169,Consumer,Electronics,USB-C Hub,East,Website,2,15276.13,20,No,3.1,4,Wallet
ORD-105218,29-01-2024 04:00,CUST-10616,Consumer,Home & Kitchen,Coffee Maker,North,Website,10,1451.06,20,No,4.3,5,Credit Card
ORD-105700,06-12-2024 04:00,CUST-10469,Consumer,Electronics,Power Bank,East,Website,1,17312.34,20,No,4.5,3,Credit Card
ORD-105381,02-06-2025 00:00,CUST-10910,Consumer,Fashion,Hoodie,North,Website,4,3174.72,25,No,4.5,2,Wallet
ORD-105025,06-03-2024 05:00,CUST-11233,Consumer,Home & Kitchen,Storage Set,Central,Website,1,660.82,10,No,4.5,2,Debit Card
ORD-100814,28-02-2025 19:00,CUST-11320,Small Business,Home & Kitchen, Desk Lamp ,Central,Website,2,2877.82,20,No,3.6,4,UPI
ORD-100069,13-09-2024 09:00,CUST-11392,Consumer,Home & Kitchen,Storage Set,South,Website,1,7963.65,15,No,4.3,5,Debit Card
ORD-101053,07-06-2025 08:00,CUST-10896,Consumer,Home & Kitchen,Storage Set,South,Marketplace,3,4907.91,0,No,4.4,3,Credit Card
ORD-105837,19-01-2024 19:00,CUST-10577,Small Business,Beauty,Perfume,South,Marketplace,4,2420.45,10,No,3.1,2,Debit Card
ORD-104946,21-07-2024 00:00,CUST-11711,Small Business,Books,Business Strategy,West,Website,2,1662.97,0,No,3.9,6,Credit Card
ORD-104696,11-02-2024 03:00,CUST-10771,Consumer,Home & Kitchen,Storage Set,West,Website,2,2531.12,10,No,4.8,2,Credit Card
ORD-100496,05-03-2024 22:00,CUST-11715,Consumer,Fashion,Hoodie,South,Marketplace,1,3005.6,5,No,2.9,1,Debit Card
ORD-102374,16-01-2025 18:00,CUST-10596,Consumer,Fashion,Sports Cap,North,Website,3,1428.4,20,Yes,4.4,4,Credit Card
ORD-105615,03-02-2025 04:00,CUST-10888,Small Business,Fashion,Backpack,South,Website,3,4165.49,15,No,3.4,3,Debit Card
ORD-100967,22-06-2024 02:00,CUST-10008,Consumer,Electronics,Smart Watch,North,Mobile App,2,5390.06,25,No,4.2,5,UPI
ORD-103643,25-09-2024 13:00,CUST-11453,Consumer,Home & Kitchen,Air Fryer,North,Marketplace,2,545.12,20,No,4.2,6,UPI
ORD-103698,07-06-2024 02:00,CUST-10387,Consumer,Beauty,Hair Dryer,South,Marketplace,2,3192.66,20,No,4.3,4,Credit Card
ORD-104398,08-02-2024 02:00,CUST-11584,Consumer,Books,Data Analytics Guide,West,Marketplace,2,1096.19,15,No,5,5,Debit Card
ORD-100331,21-07-2024 12:00,CUST-11115,Consumer,Electronics,Bluetooth Speaker,North,Marketplace,4,14505.1,30,No,4.3,6,UPI
ORD-105640,15-02-2025 04:00,CUST-11816,Consumer,Home & Kitchen,Air Fryer,Central,Mobile App,1,9109.81,5,No,4.7,5,UPI
ORD-104254,05-07-2024 13:00,CUST-11169,Small Business,Fashion,Running Shoes,North,Website,3,1475.56,30,No,3.2,3,Credit Card
ORD-103496,26-02-2024 03:00,CUST-10595,Small Business,Home & Kitchen,Desk Lamp,North,Website,2,8756.7,5,No,3.4,7,UPI
ORD-101123,13-05-2024 01:00,CUST-11252,Consumer,Home & Kitchen,Air Fryer,South,Mobile App,1,11211.51,25,No,5,5,UPI
ORD-101511,04-05-2024 15:00,CUST-10318,Consumer,Fashion,Backpack,South,Website,1,2528.63,10,Yes,3.6,3,Debit Card
ORD-103065,27-10-2024 10:00,CUST-11473,Enterprise,Books,Data Analytics Guide,North,Website,3,1250.97,5,No,3.1,2,Credit Card
ORD-103829,22-03-2024 22:00,CUST-11300,Small Business,Beauty,Perfume,North,Marketplace,2,774.87,20,No,3.7,3,Debit Card
ORD-102310,02-06-2024 04:00,CUST-10288,Consumer,Home & Kitchen,Air Fryer,West,Website,1,902.05,10,No,2.4,1,Net Banking
ORD-102841,19-01-2025 20:00,CUST-11664,Small Business,Home & Kitchen,Air Fryer,West,Mobile App,1,5269.31,10,No,4.5,3,Wallet
ORD-104194,04-11-2024 06:00,CUST-11280,Consumer,Beauty,Body Lotion,North,Website,1,2533.39,20,No,3.5,5,Debit Card
ORD-102948,16-10-2024 23:00,CUST-11377,Consumer,Home & Kitchen,Coffee Maker,Central,Mobile App,1,9843.57,5,No,2.7,3,Debit Card
ORD-103906,25-01-2025 13:00,CUST-10099,Consumer,Beauty,Hair Dryer,West,Marketplace,1,2948.12,25,No,,3,Debit Card
ORD-103788,16-06-2025 23:00,CUST-10474,Consumer,Beauty,Skin Serum,South,Website,4,2531.06,10,No,4.7,5,UPI
ORD-102269,17-06-2025 07:00,CUST-11863,Consumer,Home & Kitchen,Storage Set,North,Mobile App,1,6691.16,0,No,3.7,5,Wallet
ORD-104585,29-11-2024 08:00,CUST-10499,Consumer,Home & Kitchen,Air Fryer,West,Mobile App,2,849.23,10,No,2.8,2,UPI
ORD-101178,21-05-2024 12:00,CUST-10052,Small Business,Fashion,Sports Cap,Central,Website,3,1790.31,5,No,3.5,4,Net Banking
ORD-102821,29-03-2025 05:00,CUST-11564,Consumer,Beauty,Hair Dryer,South,Website,1,3022.62,15,No,4.9,2,UPI
ORD-103634,08-06-2025 16:00,CUST-11399,Small Business,Beauty,Face Wash,Central,Mobile App,1,3834.3,5,No,4.3,4,Credit Card
ORD-102106,22-02-2025 05:00,CUST-11330,Small Business,Electronics,Power Bank,North,Website,2,17191.44,10,No,3.5,4,Wallet
ORD-103093,11-05-2024 13:00,CUST-11428,Small Business,Fashion,Backpack,Central,Marketplace,3,4874.75,5,No,4.8,5,Credit Card
ORD-100560,19-10-2024 23:00,CUST-10707,Small Business,Fashion,Backpack,South,Website,2,1979.44,10,No,3.7,2,Credit Card
ORD-102779,25-01-2024 15:00,CUST-11860,Consumer,Electronics,Wireless Earbuds,Central,Marketplace,4,1315.63,0,No,5,3,Debit Card
ORD-102840,27-08-2024 03:00,CUST-11270,Consumer,Home & Kitchen,Water Bottle,West,Website,2,1250.49,5,No,3.4,4,Wallet
ORD-105263,28-09-2024 03:00,CUST-10835,Consumer,Books,Fiction Novel,East,Website,1,1146.27,15,No,4.7,4,UPI
ORD-100251,26-09-2024 17:00,CUST-11063,Consumer,Fashion,Sports Cap,East,Website,1,1193.27,15,No,3.6,4,Wallet
ORD-104211,22-01-2025 21:00,CUST-10730,Consumer,Beauty,Face Wash,North,Mobile App,4,2637.08,0,No,3.8,2,Wallet
ORD-104735,16-08-2024 13:00,CUST-10785,Enterprise,Home & Kitchen,Water Bottle,East,Marketplace,2,11354.18,5,No,4.8,1,UPI
ORD-100015,05-03-2025 05:00,CUST-11106,Consumer,Fashion,Backpack,West,Mobile App,2,797.03,30,No,4.7,2,Net Banking
ORD-100586,11-01-2025 10:00,CUST-11179,Consumer,Home & Kitchen,Air Fryer,East,Website,1,1185.61,5,No,4.3,1,Credit Card
ORD-104069,24-02-2024 18:00,CUST-11422,Consumer,Fashion,Sports Cap,Central,Website,1,657.61,30,No,4.4,1,Credit Card
ORD-101105,08-04-2024 19:00,CUST-10238,Consumer,Electronics,Smart Watch,South,Website,1,16699.86,15,No,3.7,5,Debit Card
ORD-104779,09-02-2024 05:00,CUST-10584,Consumer,Fashion,Hoodie,North,Mobile App,3,712.31,20,No,5,1,UPI
ORD-102611,21-05-2025 10:00,CUST-11550,Enterprise,Fashion,Casual Shirt,West,Mobile App,5,2299.13,20,No,5,3,Credit Card
ORD-101583,14-08-2024 01:00,,Consumer,Books,Business Strategy,East,Website,1,1240.96,0,No,3.5,2,Wallet
ORD-103156,24-02-2025 17:00,CUST-11723,Consumer,Home & Kitchen,Air Fryer,South,Mobile App,1,4171.94,15,No,4.3,5,Debit Card
ORD-105385,23-04-2025 04:00,CUST-10621,Consumer,Home & Kitchen,Air Fryer,South,Mobile App,1,1040.41,20,No,3.9,4,Credit Card
ORD-101178,21-05-2024 12:00,CUST-10052,Small Business,Fashion,Sports Cap,Central,Website,3,1790.31,5,No,3.5,4,Net Banking
ORD-102682,31-07-2024 19:00,CUST-11214,Consumer,Electronics,USB-C Hub,South,Mobile App,2,20651.55,20,Yes,2.5,2,UPI
ORD-100141,27-04-2024 04:00,CUST-10810,Small Business,Electronics,Bluetooth Speaker,Central,Marketplace,2,14552.06,30,No,4.6,4,Credit Card
ORD-100702,01-04-2024 13:00,CUST-11746,Small Business,Fashion,Backpack,North,Marketplace,6,4337.07,5,No,5,4,Credit Card
ORD-103247,18-02-2024 14:00,CUST-10818,Consumer,Books,Fiction Novel,Central,Mobile App,2,706.18,10,No,3.7,3,UPI
ORD-100064,12-08-2024 08:00,CUST-10019,Consumer,Home & Kitchen,Storage Set,West,Website,3,4239.7,15,No,4.6,1,UPI
ORD-105689,24-04-2024 08:00,CUST-11530,Consumer,Beauty,Hair Dryer,Central,Website,2,1577.46,20,No,5,3,Wallet
ORD-100179,30-09-2024 14:00,CUST-11165,Consumer,Fashion,Backpack,North,Website,4,2593.71,15,No,4.1,3,Credit Card
ORD-102974,10-01-2024 11:00,CUST-10053,Consumer,Books,Data Analytics Guide,North,Mobile App,10,387.7,5,Yes,4.1,4,Credit Card
ORD-101477,08-03-2024 05:00,CUST-11840,Consumer,Electronics,Smart Watch,West,Mobile App,2,14659.06,0,No,4.8,4,UPI
ORD-104715,30-09-2024 09:00,CUST-11141,Consumer,Electronics,Power Bank,East,Website,2,4393.36,5,No,4,4,Credit Card
ORD-101510,01-07-2024 00:00,CUST-11457,Consumer,Fashion,Casual Shirt,South,Marketplace,1,2526.78,20,No,3.6,4,Debit Card
ORD-101048,31-12-2024 00:00,CUST-11662,Consumer,Home & Kitchen,Water Bottle,Central,Website,1,11746.06,20,No,4,2,Debit Card
ORD-103328,02-08-2024 10:00,CUST-10299,Small Business,Home & Kitchen,Storage Set,West,MOBILE APP,2,7139.56,15,No,,3,UPI
ORD-105683,24-08-2024 10:00,CUST-10823,Consumer,Books,SQL Handbook,South,Website,1,1634.17,5,No,4.8,1,UPI
ORD-105483,06-04-2025 01:00,CUST-10817,Consumer,Fashion,Backpack,West,Website,1,3836.87,20,No,3.7,3,Debit Card
ORD-104545,16-02-2025 00:00,CUST-11011,Small Business,Home & Kitchen,Water Bottle,West,Mobile App,3,6213.25,15,No,3.5,2,Net Banking
ORD-105326,04-11-2024 18:00,CUST-11521,Consumer,Fashion,Sports Cap,East,Website,10,5140.71,20,No,5,6,Net Banking
ORD-105634,22-02-2025 13:00,CUST-11664,Small Business,Electronics,Bluetooth Speaker,Central,Website,1,21990.83,10,No,5,3,UPI
ORD-102415,22-09-2024 11:00,CUST-11925,Consumer,Home & Kitchen,Coffee Maker,East,Mobile App,3,7393.36,25,No,4.1,2,Wallet
ORD-102260,13-01-2024 23:00,CUST-10402,Consumer,Fashion,Sports Cap,East,Website,4,3473.97,10,No,3.7,2,Debit Card
ORD-104385,28-01-2025 17:00,CUST-11836,Consumer,Beauty,Body Lotion,Central,Website,1,1919.45,15,No,4.3,1,Debit Card
ORD-104288,21-02-2025 08:00,CUST-11770,Consumer,Fashion,Casual Shirt,West,Website,1,737.64,15,No,3.8,2,UPI
ORD-103541,12-11-2024 20:00,CUST-10830,Consumer,Electronics,Wireless Earbuds,South,Website,1,11779.4,5,No,4.8,3,Credit Card
ORD-104640,05-04-2025 03:00,CUST-10391,Consumer,Electronics,Smart Watch,East,Marketplace,4,10164.19,15,No,3.9,6,Credit Card
ORD-103408,26-12-2024 00:00,CUST-10721,Small Business,Fashion,Casual Shirt,Central,Mobile App,2,2472.43,5,No,4.3,3,Debit Card
ORD-101914,28-06-2024 07:00,CUST-11659,Small Business,Home & Kitchen,Coffee Maker,Central,Website,1,11996.71,5,No,4.1,2,UPI
ORD-104570,12-01-2025 16:00,CUST-11021,Small Business,Fashion,Casual Shirt,East,Mobile App,2,4008.41,15,No,4,4,Debit Card
ORD-102284,06-01-2025 22:00,CUST-10576,Consumer,Electronics,Smart Watch,South,Marketplace,3,12271.63,0,No,4.5,3,Credit Card
ORD-103738,30-12-2024 20:00,CUST-10574,Consumer,Beauty,Body Lotion,West,Mobile App,1,821.65,25,No,3.5,3,Credit Card
ORD-100757,28-07-2024 07:00,CUST-10277,Consumer,Electronics,Bluetooth Speaker,South,Mobile App,1,7393.79,5,No,5,3,Credit Card
ORD-104103,09-01-2024 20:00,CUST-11847,Consumer,Electronics,Bluetooth Speaker,North,Website,2,8813.71,5,No,3.8,2,UPI
ORD-105603,25-09-2024 21:00,CUST-11112,Consumer,Books,Fiction Novel,South,Website,1,425.37,15,No,4.1,3,Credit Card
ORD-102933,25-08-2024 09:00,CUST-11892,Small Business,Electronics,Bluetooth Speaker,Central,Website,6,3180.4,0,No,3.9,4,Credit Card
ORD-100339,04-06-2025 07:00,CUST-11609,Small Business,Fashion,Hoodie,East,Mobile App,2,3911.81,10,No,4.3,5,UPI
ORD-105454,17-06-2024 02:00,CUST-10039,Consumer,Electronics,Power Bank,South,Marketplace,1,6834.13,10,No,5,1,UPI
ORD-102770,26-12-2024 18:00,CUST-11280,Consumer,Beauty,Face Wash,South,Website,1,1567.15,10,No,4.1,5,Credit Card
ORD-103767,13-02-2025 01:00,CUST-11130,Consumer,Home & Kitchen,Water Bottle,West,Mobile App,1,10331.19,15,No,4.6,3,Net Banking
ORD-104613,11-10-2024 21:00,CUST-11839,Small Business,Home & Kitchen,Coffee Maker,North,Website,5,8094.85,5,No,4.1,4,Net Banking
ORD-100402,23-06-2024 23:00,CUST-10831,Consumer,Fashion,Backpack,South,Website,1,4077.88,0,No,5,4,Credit Card
ORD-104829,22-09-2024 23:00,CUST-10671,Consumer,Electronics,Power Bank,North,Mobile App,1,14750.12,5,No,3.4,4,Credit Card
ORD-103784,21-06-2025 16:00,CUST-10840,Consumer,Fashion,Casual Shirt,South,Marketplace,4,3197.46,5,No,3.1,4,UPI
ORD-101620,24-05-2024 16:00,CUST-10329,Consumer,Electronics,Smart Watch,North,Marketplace,3,13910.16,0,No,4,4,Credit Card
ORD-101674,26-01-2025 20:00,CUST-10993,Consumer,Fashion,Backpack,South,Website,3,3527.62,5,No,4.2,4,Wallet
ORD-100143,11-08-2024 01:00,CUST-10022,Consumer,Electronics,Bluetooth Speaker,Central,Mobile App,1,4356.62,5,No,4.3,4,UPI
ORD-100559,09-04-2025 18:00,CUST-11375,Small Business,Fashion,Sports Cap,North,Marketplace,3,1908.14,5,No,4,2,Debit Card
ORD-105708,19-10-2024 18:00,CUST-11791,Consumer,Electronics,Wireless Earbuds,North,Website,4,18709.21,10,Yes,4.3,5,UPI
ORD-101687,10-08-2024 18:00,CUST-11303,Consumer,Home & Kitchen,Desk Lamp,Central,Mobile App,2,4219.61,20,No,3.4,2,Debit Card
ORD-103171,27-05-2025 15:00,CUST-11708,Consumer,Home & Kitchen,Desk Lamp,North,Mobile App,4,8219.62,0,No,3.2,3,UPI
ORD-103846,25-02-2025 08:00,CUST-11691,Small Business,Electronics,USB-C Hub,South,Marketplace,1,7707.23,15,No,5,4,Credit Card
ORD-100059,07-01-2025 23:00,CUST-10855,Consumer,Electronics,Wireless Earbuds,South,Website,4,11790.25,25,No,3.7,4,Debit Card
ORD-103397,08-06-2025 13:00,CUST-11203,Consumer,Electronics,Power Bank,Central,Marketplace,1,6718.08,10,No,4,4,UPI
ORD-100878,26-10-2024 09:00,CUST-10586,Consumer,Electronics,USB-C Hub,South,Website,2,14726.8,25,No,4.3,4,UPI
ORD-104107,05-04-2025 02:00,CUST-10404,Consumer,Fashion,Backpack,North,Marketplace,1,4329.26,5,No,3.9,6,Credit Card
ORD-102586,20-07-2024 22:00,CUST-11885,Enterprise,Fashion,Sports Cap,East,Mobile App,1,4520.33,15,No,3.5,3,Wallet
ORD-102591,25-07-2024 17:00,CUST-11269,Small Business,Beauty,Body Lotion,East,Website,1,4914.94,0,No,4.9,3,Credit Card
ORD-103916,06-02-2024 10:00,CUST-10656,Consumer,Home & Kitchen,Air Fryer,East,Marketplace,2,9883.86,20,No,3,3,Credit Card
ORD-102122,14-11-2024 00:00,CUST-10219,Consumer,Home & Kitchen,Air Fryer,Central,Mobile App,8,5100.81,25,No,3.5,1,Debit Card
ORD-101572,04-02-2025 20:00,CUST-10288,Small Business,Electronics,USB-C Hub,West,Website,4,21149.93,0,No,3.6,2,Credit Card
ORD-101110,11-12-2024 03:00,CUST-11835,Consumer,Home & Kitchen,Air Fryer,Central,Marketplace,1,5275.76,20,No,3.8,3,Debit Card
ORD-103260,25-08-2024 16:00,CUST-10341,Small Business,Books,Leadership Book,Central,Mobile App,2,723.98,20,No,3.7,1,UPI
ORD-103456,13-02-2025 18:00,CUST-10315,Consumer,Home & Kitchen,Coffee Maker,North,Mobile App,3,9438.92,10,No,3.4,1,Credit Card
ORD-104273,20-06-2024 18:00,CUST-10289,Consumer,Electronics,Power Bank,Central,Marketplace,1,14885.64,15,No,5,3,UPI
ORD-105721,14-08-2024 07:00,CUST-10689,Consumer,Home & Kitchen,Water Bottle,South,Mobile App,8,948.37,25,No,4.5,4,Debit Card
ORD-101146,17-10-2024 03:00,CUST-10667,Consumer,Electronics,Bluetooth Speaker,West,Marketplace,3,21249.47,5,No,2.9,4,UPI
ORD-105819,06-11-2024 01:00,CUST-11009,Consumer,Books,Leadership Book,East,Marketplace,4,822.65,20,No,4,2,Credit Card
ORD-101437,22-12-2024 12:00,CUST-11777,Consumer,Electronics,Power Bank,South,Website,2,7469,5,No,4,3,Wallet
ORD-101318,02-09-2024 03:00,CUST-10032,Consumer,Books,Fiction Novel,East,Mobile App,2,1428.57,25,No,3.1,1,Debit Card
ORD-105365,24-03-2024 19:00,CUST-11599,Consumer,Books,SQL Handbook,North,Website,4,320.62,0,No,3,4,Net Banking
ORD-100604,27-03-2025 01:00,CUST-11934,Consumer,Books,Business Strategy,Central,Mobile App,2,566.35,0,No,5,4,UPI
ORD-100489,26-11-2024 21:00,CUST-11912,Consumer,Home & Kitchen,Coffee Maker,South,Marketplace,1,2977.46,0,No,4.4,4,Debit Card
ORD-100764,16-07-2024 00:00,CUST-10170,Small Business,Electronics,Power Bank,West,Mobile App,2,10723.59,10,No,2.8,2,UPI
ORD-101425,20-03-2025 19:00,,Consumer,Home & Kitchen,Water Bottle,North,Website,1,4444.91,5,No,4.9,5,Credit Card
ORD-101281,07-02-2025 18:00,CUST-11356,Small Business,Home & Kitchen,Desk Lamp,West,Marketplace,2,542.77,25,No,3.9,3,Wallet
ORD-103785,29-10-2024 11:00,CUST-10465,Small Business,Fashion,Sports Cap,South,Mobile App,4,570.34,20,No,3.9,4,UPI
ORD-104843,18-04-2024 02:00,CUST-10571,Consumer,Fashion,Running Shoes,South,Mobile App,3,4111.92,5,No,4.1,2,Debit Card
ORD-101306,19-05-2024 01:00,CUST-10152,Consumer,Fashion,Backpack,West,Mobile App,1,5688.98,20,No,3.6,3,Credit Card
ORD-103352,27-02-2024 20:00,CUST-11549,Consumer,Beauty,Face Wash,North,Website,2,4497.45,0,No,4.4,2,Wallet
ORD-103986,18-06-2024 08:00,CUST-11867,Small Business,Fashion,Backpack,West,Website,1,4479.64,15,No,3.9,4,Debit Card
ORD-104176,14-06-2024 16:00,CUST-10870,Consumer,Electronics,USB-C Hub,East,Marketplace,4,15480.14,15,Yes,4.1,4,UPI
ORD-103293,07-06-2024 00:00,CUST-10207,Consumer,Books,Fiction Novel,South,Website,1,1043.46,10,No,3.3,1,UPI
ORD-100472,23-08-2024 22:00,CUST-10383,Consumer,Fashion,Hoodie,East,Website,4,1688.54,10,No,3,7,UPI
ORD-105882,31-03-2025 01:00,CUST-11384,Consumer,Fashion,Casual Shirt,South,Website,1,3457.52,5,No,4.4,6,Debit Card
ORD-101415,04-03-2025 00:00,CUST-10697,Consumer,Beauty,Perfume,North,Mobile App,3,1670.99,15,No,3.8,3,Debit Card
ORD-104324,14-06-2025 07:00,CUST-11754,Consumer,Beauty,Skin Serum,East,Mobile App,2,920.54,15,No,5,2,Debit Card
ORD-103695,16-12-2024 07:00,CUST-11791,Small Business,Electronics,Wireless Earbuds,East,Website,3,16917.22,25,No,4.2,6,UPI
ORD-100941,08-08-2024 14:00,CUST-11684,Consumer,Electronics,Smart Watch,South,Website,1,10474.46,10,No,3.9,5,Credit Card
ORD-102830,18-05-2025 22:00,CUST-10107,Consumer,Fashion,Casual Shirt,East,Marketplace,1,2834.5,15,No,2.8,3,Debit Card
ORD-104979,28-11-2024 08:00,CUST-10836,Small Business,Home & Kitchen,Desk Lamp,East,Marketplace,1,11422.5,5,No,3.8,5,UPI
ORD-105726,12-10-2024 20:00,CUST-11390,Consumer,Books,SQL Handbook,West,Mobile App,2,583.17,0,No,3.1,1,Credit Card
ORD-104639,16-05-2025 22:00,CUST-10628,Consumer,Home & Kitchen,Coffee Maker,West,Marketplace,4,5293.08,0,Yes,3.8,1,Wallet
ORD-105418,31-10-2024 22:00,CUST-10052,Consumer,Home & Kitchen,Desk Lamp,Central,Mobile App,1,1041.33,5,No,5,3,Wallet
ORD-104349,11-07-2024 04:00,CUST-10299,Small Business,Electronics,USB-C Hub,South,Marketplace,3,8902.3,10,No,4.9,5,Wallet
ORD-101394,27-04-2024 17:00,CUST-10210,Consumer,Home & Kitchen,Coffee Maker,West,Website,2,1247.83,10,No,3.6,1,Credit Card
ORD-103908,17-04-2024 03:00,CUST-11451,Consumer,Books,Business Strategy,East,Mobile App,3,832.41,10,No,4.3,4,UPI
ORD-100763,26-05-2025 04:00,CUST-10783,Small Business,Electronics,USB-C Hub,North,Mobile App,1,16164.45,20,No,3.8,4,Credit Card
ORD-105618,08-05-2025 08:00,CUST-10447,Consumer,Electronics,Smart Watch,North,Website,2,20748.68,20,No,3.6,2,Credit Card
ORD-100765,02-03-2025 01:00,CUST-10647,Small Business,Beauty,Hair Dryer,North,Mobile App,2,859.14,0,No,4.4,4,Credit Card
ORD-105918,06-01-2025 21:00,CUST-10209,Consumer,Books,Fiction Novel,North,Marketplace,1,1170.14,10,No,3.6,5,Credit Card
ORD-100593,18-06-2025 21:00,CUST-10849,Consumer,Electronics,Wireless Earbuds,North,Mobile App,1,8810.26,25,No,4.5,4,UPI
ORD-103903,07-01-2024 13:00,CUST-11159,Enterprise,Home & Kitchen,Water Bottle,North,Mobile App,5,11409.58,20,Yes,4.4,4,Credit Card
ORD-102485,15-07-2024 23:00,CUST-10452,Small Business,Books,Data Analytics Guide,West,Website,6,1299.16,0,No,3.9,1,Credit Card
ORD-102153,24-10-2024 08:00,CUST-10960,Consumer,Electronics,USB-C Hub,North,Marketplace,4,2258.63,20,No,4,6,UPI
ORD-101913,28-02-2025 11:00,CUST-10888,Consumer,Books,Leadership Book,West,Mobile App,4,408.78,15,No,4.8,3,UPI
ORD-102800,08-03-2025 22:00,CUST-11255,Consumer,Home & Kitchen,Storage Set,West,Mobile App,1,1167.06,25,No,3.7,3,Wallet
ORD-102822,10-03-2024 07:00,CUST-11580,Consumer,Beauty,Body Lotion,East,Marketplace,3,2055.21,10,No,3.4,5,Net Banking
ORD-103970,17-09-2024 17:00,CUST-11302,Consumer,Beauty,Perfume,East,Marketplace,2,1663.68,0,No,3.9,1,Debit Card
ORD-103405,11-07-2024 05:00,CUST-11433,Consumer,Beauty,Face Wash,West,Website,1,4498.7,10,No,4.9,1,Debit Card
ORD-103135,09-01-2024 15:00,CUST-11698,Consumer,Electronics,Power Bank,North,Mobile App,2,12939.23,30,No,3.3,7,Net Banking
ORD-100024,02-03-2025 18:00,CUST-10104,Consumer,Home & Kitchen,Air Fryer,North,Website,4,8046.94,10,No,4.2,1,UPI
ORD-105930,21-05-2025 03:00,CUST-11285,Small Business,Fashion,Backpack,West,Marketplace,4,2770.09,15,No,5,4,Credit Card
ORD-100163,09-08-2024 21:00,CUST-11305,Consumer,Fashion,Hoodie,East,Mobile App,4,4455.92,5,No,3.7,3,Debit Card
ORD-100634,09-04-2024 21:00,CUST-10037,Consumer,Fashion,Sports Cap,East,Website,5,1035.29,10,No,2.8,3,Wallet
ORD-103955,29-05-2025 16:00,CUST-10498,Enterprise,Home & Kitchen,Coffee Maker,West,WEBSITE,2,10714.39,20,No,4.4,1,Debit Card
ORD-100364,04-03-2024 07:00,CUST-11414,Consumer,Home & Kitchen,Desk Lamp,West,Marketplace,1,11879.74,10,No,3.5,1,Wallet
ORD-100354,13-06-2025 07:00,CUST-11144,Consumer,Home & Kitchen,Air Fryer,East,Website,1,2972.95,30,Yes,3.6,2,Debit Card
ORD-105425,16-05-2024 07:00,CUST-11324,Consumer,Fashion,Running Shoes,West,Marketplace,1,5610.63,0,No,5,2,Credit Card
ORD-102447,18-12-2024 21:00,CUST-10686,Consumer,Home & Kitchen,Desk Lamp,North,Marketplace,1,8379.33,15,Yes,5,4,Credit Card
ORD-105152,22-05-2024 20:00,CUST-10851,Consumer,Fashion,Casual Shirt,Central,Website,2,3958.56,0,No,3.9,4,UPI
ORD-102209,16-03-2024 12:00,CUST-11484,Small Business,Electronics,Smart Watch,East,Marketplace,3,5839.35,20,No,4.3,2,
ORD-101488,01-03-2024 15:00,CUST-10781,Enterprise,Home & Kitchen,Desk Lamp,West,Marketplace,1,6510.28,5,No,4.4,2,Wallet
ORD-104439,20-06-2024 20:00,CUST-10089,Consumer,Books,Leadership Book,South,Website,2,837.25,10,No,3.7,4,Wallet
ORD-100197,05-03-2024 10:00,CUST-11870,Consumer,Electronics,USB-C Hub,West,Marketplace,1,6529.08,20,No,4.6,2,UPI
ORD-104627,08-04-2024 16:00,CUST-10559,Consumer,Books,Business Strategy,West,Website,2,1089.83,25,No,2.6,4,UPI
ORD-102807,18-06-2024 15:00,CUST-11545,Enterprise,Beauty,Hair Dryer,West,Marketplace,8,276.83,10,No,4.1,2,Net Banking
ORD-105271,22-08-2024 00:00,CUST-11227,Enterprise,Electronics,USB-C Hub,Central,Mobile App,4,10982.16,25,No,4.8,4,Debit Card
ORD-101775,12-03-2024 14:00,CUST-10329,Consumer,Electronics,Smart Watch,Central,Website,1,8877.63,15,No,4.4,5,Credit Card
ORD-104410,06-03-2024 20:00,CUST-10136,Consumer,Beauty,Hair Dryer,South,Website,2,980.71,15,No,5,4,UPI
ORD-104332,15-04-2025 04:00,CUST-11281,Small Business,Home & Kitchen,Water Bottle,West,Marketplace,2,11214.35,25,No,4.7,2,Credit Card
ORD-105141,09-01-2024 15:00,CUST-11124,Consumer,Electronics,Power Bank,East,Mobile App,2,2236.44,20,No,4.3,5,Wallet
ORD-103569,14-05-2024 12:00,CUST-10637,Small Business,Books,SQL Handbook,West,Website,5,254.43,5,No,4,2,Wallet
ORD-100922,31-08-2024 19:00,CUST-10037,Enterprise,Home & Kitchen,Coffee Maker,Central,Mobile App,5,2561.93,15,No,4.2,3,Credit Card
ORD-104073,29-05-2025 14:00,CUST-10313,Enterprise,Fashion,Backpack,West,Website,3,2261.38,0,No,4.3,3,Debit Card
ORD-100095,06-06-2024 10:00,CUST-10686,Consumer,Electronics,USB-C Hub,Central,Website,1,9317.39,25,No,2.8,3,Net Banking
ORD-102233,16-03-2024 08:00,CUST-10814,Enterprise,Home & Kitchen,Water Bottle,North,Mobile App,2,2819.58,30,No,3.9,4,UPI
ORD-104668,05-02-2025 21:00,CUST-11110,Small Business,Fashion,Running Shoes,North,Website,2,3215.64,5,No,4.7,3,Debit Card
ORD-103430,16-05-2024 05:00,CUST-10863,Consumer,Home & Kitchen,Desk Lamp,North,Mobile App,3,9599.12,10,No,3.9,4,Debit Card
ORD-101356,06-07-2024 20:00,CUST-10574,Consumer,Books,Fiction Novel,West,Website,1,580.19,5,No,4.6,1,Credit Card
ORD-102865,20-01-2024 04:00,CUST-11315,Consumer,Home & Kitchen,Coffee Maker,West,Mobile App,1,1963.12,15,No,5,2,Debit Card
ORD-104705,08-05-2024 03:00,CUST-10738,Consumer,Fashion,Running Shoes,East,Marketplace,6,2843.72,20,No,4.5,4,UPI
ORD-103926,30-09-2024 23:00,CUST-11395,Consumer,Electronics,Bluetooth Speaker,East,Marketplace,1,18310.22,0,No,3.2,1,Wallet
ORD-102387,16-06-2025 17:00,CUST-10348,Enterprise,Electronics,USB-C Hub,West,Website,1,9673.05,30,No,3.7,3,Credit Card
ORD-100030,02-09-2024 23:00,CUST-11061,Consumer,Beauty,Face Wash,Central,Website,1,1174.8,10,No,4.2,3,Credit Card
ORD-105373,10-05-2024 09:00,CUST-11631,Consumer,Home & Kitchen,Air Fryer,East,Marketplace,2,6211.38,15,No,4.3,2,UPI
ORD-102353,10-09-2024 17:00,CUST-10885,Consumer,Fashion,Running Shoes,Central,Marketplace,1,1017.96,20,No,4.2,2,Credit Card
ORD-104085,11-12-2024 07:00,CUST-10608,Consumer,Beauty,Body Lotion,South,Website,2,2793.6,10,No,3.7,2,UPI
ORD-102791,26-03-2024 01:00,CUST-10761,Consumer,Fashion,Backpack,North,Mobile App,2,4787.86,20,No,3.9,4,Credit Card
ORD-100257,26-02-2024 11:00,CUST-10324,Consumer,Home & Kitchen,Coffee Maker,North,Marketplace,2,548.45,20,No,3.7,4,UPI
ORD-105551,12-07-2024 16:00,CUST-10875,Consumer,Fashion,Running Shoes,Central,Marketplace,5,1239.72,0,No,3.3,3,Debit Card
ORD-102169,18-06-2025 03:00,CUST-10700,Consumer,Home & Kitchen,Desk Lamp,South,Website,2,9441.82,15,No,3.4,4,Credit Card
ORD-102947,28-09-2024 17:00,CUST-11719,Consumer,Fashion,Sports Cap,West,Website,3,3177.21,15,No,3.6,4,Debit Card
ORD-101852,05-09-2024 02:00,CUST-10589,Consumer,Beauty,Body Lotion,West,Mobile App,2,1527.04,20,No,4.3,6,Debit Card
ORD-104732,20-02-2025 17:00,CUST-10837,Consumer,Home & Kitchen,Storage Set,East,Website,1,8017.35,0,No,3,4,Debit Card
ORD-103749,09-05-2025 18:00,CUST-10923,Consumer,Fashion,Sports Cap,Central,Marketplace,2,2455.29,25,Yes,3.6,2,Debit Card
ORD-104047,15-05-2024 13:00,CUST-10255,Consumer,Home & Kitchen,Desk Lamp,West,Website,1,4313.42,0,No,3.2,4,Debit Card
ORD-100440,15-06-2025 08:00,CUST-11917,Consumer,Electronics,Wireless Earbuds,East,Mobile App,10,18727.42,10,No,3.4,4,Debit Card
ORD-105123,05-01-2025 09:00,CUST-11719,Consumer,Electronics,USB-C Hub,South,Marketplace,3,21735.73,5,No,4,1,UPI
ORD-104316,18-06-2025 11:00,CUST-10064,Small Business,Books,Fiction Novel,Central,Website,4,1339.68,10,No,2.9,4,Credit Card
ORD-100973,15-09-2024 21:00,CUST-10023,Consumer,Electronics,Smart Watch,East,Marketplace,1,18761.32,10,No,3.7,4,Debit Card
ORD-100999,06-10-2024 23:00,CUST-11396,Consumer,Electronics,Bluetooth Speaker,West,Website,2,12524.9,15,No,3.5,3,Credit Card
ORD-101250,12-05-2024 02:00,CUST-10802,Consumer,Home & Kitchen,Air Fryer,North,Website,2,9257.67,30,No,4,4,Credit Card
ORD-100327,21-01-2024 10:00,CUST-11450,Consumer,Beauty,Hair Dryer,East,Website,2,933.25,20,No,3.7,4,Credit Card
ORD-102744,18-04-2024 12:00,CUST-10547,Small Business,Fashion,Backpack,West,Mobile App,1,5661.94,15,No,4.2,6,Debit Card
ORD-100389,24-03-2024 16:00,CUST-10436,Small Business,Electronics,USB-C Hub,North,Website,4,16864.63,0,No,4.3,2,Debit Card
ORD-101099,24-08-2024 20:00,CUST-11462,Consumer,Books,Business Strategy,West,Mobile App,1,841.43,20,Yes,4.1,4,Credit Card
ORD-100226,17-03-2025 13:00,CUST-10426,Consumer,Fashion,Casual Shirt,East,Website,1,571.32,5,No,3,5,UPI
ORD-105750,25-04-2025 23:00,,Consumer,Beauty,Hair Dryer,East,Website,8,2445.14,30,No,2.9,5,Net Banking
ORD-104207,26-05-2025 14:00,CUST-10898,Consumer,Electronics,Smart Watch, East ,Website,3,7906.12,30,No,3.2,2,UPI
ORD-101867,18-02-2025 23:00,CUST-10268,Consumer,Electronics,Bluetooth Speaker,West,Mobile App,1,18408.54,25,No,4.1,2,Net Banking
ORD-101694,28-03-2024 08:00,CUST-11922,Enterprise,Home & Kitchen,Storage Set,Central,Marketplace,4,2688.65,5,No,5,5,Net Banking
ORD-101109,25-01-2024 09:00,CUST-10220,Consumer,Fashion,Running Shoes,North,Mobile App,1,1197.84,10,No,3.5,4,Credit Card
ORD-100203,17-01-2025 01:00,CUST-10124,Small Business,Fashion,Backpack,North,Website,1,5491.94,0,No,4.6,4,Credit Card
ORD-102904,21-12-2024 23:00,CUST-11362,Consumer,Home & Kitchen,Coffee Maker,North,Mobile App,1,4502.53,0,No,4.1,4,Debit Card
ORD-100613,29-07-2024 06:00,CUST-11139,Consumer,Books,SQL Handbook,East,Website,5,1339.22,5,Yes,3.4,4,Wallet
ORD-103246,23-02-2025 03:00,CUST-10110,Consumer,Books,Fiction Novel,East,Website,8,1502.94,5,No,4.8,4,Wallet
ORD-104152,12-05-2025 22:00,CUST-10077,Small Business,Books,SQL Handbook,Central,Website,1,835.48,30,No,4.7,2,Wallet
ORD-101590,05-02-2025 19:00,CUST-10361,Consumer,Electronics,Bluetooth Speaker,Central,Mobile App,1,2075.58,20,No,4.3,3,Wallet
ORD-105967,27-11-2024 00:00,CUST-10560,Consumer,Home & Kitchen,Air Fryer,South,Mobile App,2,6832.39,15,No,5,1,Debit Card
ORD-103134,22-01-2025 22:00,CUST-10141,Consumer,Home & Kitchen,Desk Lamp,West,Marketplace,3,6960.28,15,No,4.2,4,Credit Card
ORD-101475,13-06-2024 22:00,CUST-10169,Consumer,Fashion,Running Shoes,North,Website,5,3760.37,0,No,3.9,5,Net Banking
ORD-102962,15-06-2025 11:00,CUST-11700,Consumer,Home & Kitchen,Coffee Maker,South,Mobile App,2,1134.55,10,No,5,1,Net Banking
ORD-104384,28-07-2024 06:00,CUST-10295,Enterprise,Electronics,Smart Watch,East,Website,6,10762.02,5,No,4.8,4,UPI
ORD-104473,15-03-2024 12:00,CUST-11767,Enterprise,Home & Kitchen,Storage Set,East,Website,1,11399.1,0,No,4.2,4,Credit Card
ORD-102343,06-02-2025 20:00,CUST-11425,Consumer,Fashion,Hoodie,Central,Website,1,2624.71,15,No,3.6,5,Debit Card
ORD-102539,26-09-2024 13:00,CUST-11460,Consumer,Electronics,Bluetooth Speaker,Central,Mobile App,1,17395.2,5,No,3,3,UPI
ORD-103701,05-05-2024 23:00,CUST-10907,Small Business,Fashion,Backpack,Central,Mobile App,3,5644.19,5,No,5,2,UPI
ORD-101004,11-03-2024 00:00,CUST-10432,Consumer,Fashion,Backpack,West,Website,2,2839.81,10,No,3.7,4,Debit Card
ORD-101507,19-09-2024 00:00,CUST-11911,Enterprise,Electronics,Wireless Earbuds,East,Website,2,17465.16,25,No,4,4,Debit Card
ORD-104557,14-04-2025 18:00,CUST-11048,Consumer,Home & Kitchen,Storage Set,North,Marketplace,6,6614.46,10,No,3.2,3,UPI
ORD-101551,10-04-2025 23:00,CUST-11932,Consumer,Fashion,Running Shoes,North,Website,1,4830.94,5,No,4.1,4,Credit Card
ORD-103467,20-05-2024 16:00,CUST-11695,Consumer,Beauty,Perfume,East,Website,4,455.46,0,No,4.6,1,Net Banking
ORD-104457,22-01-2024 03:00,CUST-10748,Consumer,Beauty,Body Lotion,North,Website,1,4494.18,5,No,3.3,6,Credit Card
ORD-101045,24-03-2024 21:00,CUST-10764,Consumer,Electronics, Wireless Earbuds ,North,Website,4,17396.95,30,No,4.5,4,UPI
ORD-104310,10-10-2024 14:00,CUST-10408,Small Business,Home & Kitchen,Air Fryer,East,Website,3,8604.86,5,No,1.8,2,Credit Card
ORD-101334,18-10-2024 08:00,CUST-10171,Consumer,Beauty,Perfume,West,Website,4,2560.04,20,No,4,5,Debit Card
ORD-104293,21-02-2024 12:00,CUST-10155,Consumer,Electronics,Wireless Earbuds,North,Mobile App,1,14698.1,10,No,5,1,UPI
ORD-100017,10-03-2024 22:00,CUST-10605,Consumer,Electronics,Smart Watch,North,Mobile App,2,20219.3,5,No,3.3,5,Credit Card
ORD-102198,07-11-2024 18:00,CUST-11553,Small Business,Beauty,Skin Serum,South,Mobile App,2,4697.52,20,No,4.1,4,UPI
ORD-100372,11-08-2024 23:00,CUST-11899,Consumer,Books,Fiction Novel,South,Mobile App,8,488.64,10,No,4.8,4,UPI
ORD-100543,05-04-2024 08:00,CUST-10042,Consumer,Electronics,Smart Watch,East,Mobile App,2,12550.28,10,Yes,3.8,4,Debit Card
ORD-103687,28-05-2025 20:00,CUST-10124,Consumer,Books,SQL Handbook,West,Website,3,717.88,10,No,3.1,4,Net Banking
ORD-101513,29-06-2024 14:00,CUST-11379,Consumer,Electronics,Smart Watch,South,Website,4,11813.53,5,No,5,4,Debit Card
ORD-101915,09-10-2024 15:00,CUST-11586,Small Business,Beauty,Face Wash,South,Mobile App,4,3233.39,0,No,4.1,1,UPI
ORD-102549,10-03-2024 22:00,CUST-11637,Small Business,Home & Kitchen,Air Fryer,Central,Website,10,751.15,20,No,4.6,5,Debit Card
ORD-102640,10-05-2024 18:00,CUST-10979,Small Business,Home & Kitchen,Water Bottle,North,Mobile App,4,7888.07,15,No,4.6,3,Debit Card
ORD-100474,12-12-2024 08:00,CUST-11197,Small Business,Fashion,Hoodie,West,Marketplace,3,3782.73,15,No,4.2,4,Debit Card
ORD-102413,24-11-2024 11:00,CUST-11447,Consumer,Electronics,USB-C Hub,West,Mobile App,6,17237.06,25,No,4.2,6,Debit Card
ORD-104050,25-06-2024 18:00,CUST-11177,Consumer,Books,Leadership Book,Central,Website,4,1363.07,10,No,3.4,6,Credit Card
ORD-101619,25-06-2025 13:00,CUST-10311,Consumer,Fashion,Casual Shirt,West,Website,3,4395.07,5,No,4.3,2,Debit Card
ORD-103067,19-01-2025 23:00,CUST-11103,Consumer,Electronics,Smart Watch,North,Marketplace,1,18093.28,20,No,4.2,1,Net Banking
ORD-101611,19-03-2024 11:00,CUST-11615,Consumer,Home & Kitchen,Water Bottle,West,Website,4,6096.73,10,No,4.8,3,Wallet
ORD-102168,26-05-2025 03:00,CUST-11368,Consumer,Electronics,Wireless Earbuds,West,Website,2,12506.21,20,No,3.9,4,UPI
ORD-104610,20-02-2024 10:00,CUST-10170,Consumer,Beauty,Skin Serum,West,Marketplace,3,1996.04,0,No,4.5,2,Wallet
ORD-105527,21-06-2024 10:00,CUST-11777,Consumer,Fashion,Running Shoes,North,Mobile App,2,5323.16,10,No,4.5,2,UPI
ORD-100591,07-05-2025 21:00,CUST-10674,Consumer,Home & Kitchen,Coffee Maker,South,Website,1,10519.47,0,No,3.7,3,Wallet
ORD-101744,24-04-2024 20:00,CUST-10660,Consumer,Electronics,Bluetooth Speaker, West ,Mobile App,1,12706.24,5,No,4.7,4,Net Banking
ORD-105981,07-03-2025 20:00,CUST-11252,Small Business,Fashion,Sports Cap,South,Marketplace,2,3518.44,5,No,4.5,8,UPI
ORD-100299,12-01-2024 19:00,CUST-11791,Consumer,Electronics,Wireless Earbuds,North,Mobile App,1,4217.63,20,No,4,1,Net Banking
ORD-104708,23-02-2025 07:00,CUST-11436,Consumer,Home & Kitchen,Air Fryer,East,Marketplace,1,7900.82,5,No,4.2,4,Debit Card
ORD-102298,01-05-2024 04:00,CUST-10406,Consumer,Electronics,Smart Watch,East,Mobile App,10,3170.33,5,No,3.9,1,Credit Card
ORD-104096,19-10-2024 18:00,CUST-11181,Small Business,Home & Kitchen,Air Fryer,South,Mobile App,1,5024.33,10,No,5,2,Debit Card
ORD-102402,11-02-2025 07:00,CUST-10476,Consumer,Home & Kitchen,Water Bottle,Central,Website,1,10827.69,15,No,3.5,2,UPI
ORD-100483,11-03-2025 02:00,CUST-11500,Consumer,Fashion,Backpack,West,Website,3,4955.49,5,No,4.9,5,Net Banking
ORD-101427,07-05-2025 19:00,CUST-11692,Small Business,Electronics,Smart Watch,East,Marketplace,3,11252.29,10,No,4.2,2,Net Banking
ORD-105003,07-01-2025 22:00,CUST-10264,Small Business,Electronics,USB-C Hub,West,Website,1,21099.5,0,No,3.9,4,UPI
ORD-101169,15-05-2025 21:00,CUST-10817,Consumer,Home & Kitchen,Water Bottle,East,Website,2,3123.26,5,No,3.2,2,Credit Card
ORD-104886,12-01-2025 08:00,CUST-10846,Consumer,Home & Kitchen,Desk Lamp,North,Marketplace,1,8393.93,10,No,4.1,3,UPI
ORD-100238,17-06-2024 13:00,CUST-11486,Consumer,Home & Kitchen,Water Bottle,East,Website,1,11652.29,15,No,4,3,UPI
ORD-100202,27-09-2024 07:00,CUST-10158,Consumer,Books,SQL Handbook,Central,Mobile App,1,1223.73,10,No,4.3,1,UPI
ORD-104929,01-05-2024 01:00,CUST-11722,Consumer,Fashion,Sports Cap,East,Marketplace,2,1343.14,0,No,3.7,3,Debit Card
ORD-102316,17-02-2024 09:00,CUST-10363,Enterprise,Electronics,USB-C Hub,South,Website,5,14011.62,20,No,3.7,3,Wallet
ORD-101964,22-03-2025 01:00,CUST-10133,Small Business,Electronics,Bluetooth Speaker,Central,Mobile App,1,18684.9,15,No,3.2,2,Credit Card
ORD-102202,22-01-2024 09:00,CUST-10999,Small Business,Electronics,Smart Watch,North,Website,5,19383.33,15,No,4.2,3,Debit Card
ORD-101667,05-01-2025 00:00,,Consumer,Home & Kitchen,Desk Lamp,Central,Mobile App,1,11160.16,15,No,4.2,3,Credit Card
ORD-102790,26-05-2025 14:00,CUST-11698,Consumer,Beauty,Hair Dryer,North,Mobile App,3,3878.57,15,No,4.4,2,Debit Card
ORD-104982,12-04-2024 04:00,,Consumer,Books,Leadership Book,Central,Marketplace,4,488.7,10,No,3.3,2,Debit Card
ORD-103342,24-02-2024 00:00,CUST-10156,Consumer,Books,Leadership Book,North,Marketplace,5,1096.98,10,No,4.5,3,Debit Card
ORD-102162,07-08-2024 23:00,CUST-11163,Consumer,Electronics,Power Bank,South,Website,2,18832.28,0,No,3.8,5,Debit Card
ORD-105071,15-11-2024 18:00,CUST-10420,Consumer,Fashion,Hoodie,Central,Website,6,1869.22,20,Yes,3.9,2,Net Banking
ORD-102258,01-01-2024 16:00,CUST-11923,Consumer,Home & Kitchen,Coffee Maker,East,Website,1,5258.95,30,No,3.4,3,Wallet
ORD-105411,12-09-2024 18:00,CUST-11660,Small Business,Fashion,Backpack,North,Website,2,5757.65,20,No,4.8,4,UPI
ORD-100179,30-09-2024 14:00,CUST-11165,Consumer,Fashion,Backpack,North,Website,4,2593.71,15,No,4.1,3,Credit Card
ORD-102956,24-02-2024 01:00,CUST-10379,Consumer,Fashion,Casual Shirt,West,Mobile App,1,1435.48,20,No,4.8,5,Wallet
ORD-100869,22-01-2024 22:00,CUST-10045,Consumer,Home & Kitchen,Desk Lamp,West,Marketplace,1,2476.95,5,No,3.4,6,Credit Card
ORD-101374,29-04-2025 13:00,CUST-11492,Consumer,Fashion,Casual Shirt,South,Marketplace,2,5646.95,0,No,4.3,3,UPI
ORD-100935,28-05-2025 14:00,CUST-11590,Small Business,Electronics,Smart Watch,East,Website,3,6936.25,10,No,3.5,3,Debit Card
ORD-102347,14-02-2025 19:00,CUST-10513,Small Business,Beauty,Face Wash,East,Mobile App,8,4459.74,5,No,3.3,4,Debit Card
ORD-103223,27-02-2025 14:00,CUST-11406,Consumer,Electronics,Wireless Earbuds,Central,Mobile App,6,11623.43,15,No,3.1,3,Credit Card
ORD-104573,29-04-2025 21:00,CUST-10662,Small Business,Home & Kitchen,Water Bottle,South,Marketplace,1,2226.96,25,No,3.1,3,UPI
ORD-101546,10-01-2025 09:00,CUST-11940,Consumer,Books,Data Analytics Guide,South,Marketplace,2,1775.56,10,No,3.7,3,Credit Card
ORD-101118,29-01-2025 22:00,CUST-11018,Consumer,Home & Kitchen,Storage Set,East,Website,3,6687,5,No,4,2,UPI
ORD-104451,18-05-2024 07:00,CUST-10262,Consumer,Home & Kitchen,Coffee Maker,East,Website,1,8882.81,5,No,4.8,4,Debit Card
ORD-105977,28-03-2024 13:00,CUST-11496,Consumer,Books,SQL Handbook,South,Marketplace,1,1763.7,15,No,4.1,4,UPI
ORD-105464,18-04-2024 00:00,CUST-10467,Consumer,Fashion,Hoodie,South,Marketplace,1,3939.5,10,Yes,4.9,2,Debit Card
ORD-102720,08-12-2024 04:00,CUST-11790,Consumer,Beauty,Hair Dryer,South,Marketplace,1,4420.3,30,No,3.8,5,Wallet
ORD-105383,27-07-2024 05:00,CUST-11671,Consumer,Home & Kitchen,Desk Lamp,Central,Marketplace,1,9733.61,5,No,4.3,1,Debit Card
ORD-101525,26-01-2024 20:00,CUST-10857,Consumer,Fashion,Casual Shirt,East,Website,4,1054.62,0,No,4,4,UPI
ORD-102307,24-03-2024 19:00,CUST-10173,Consumer,Home & Kitchen,Coffee Maker,North,Mobile App,1,11858.55,15,No,5,2,Credit Card
ORD-101920,02-08-2024 17:00,CUST-10736,Consumer,Home & Kitchen,Coffee Maker,West,Website,1,9187.92,15,No,4.2,3,Debit Card
ORD-101717,25-07-2024 23:00,CUST-10481,Consumer,Fashion,Backpack,South,Mobile App,5,1889.64,15,No,3.9,2,UPI
ORD-102936,23-02-2025 03:00,CUST-10162,Consumer,Electronics,Bluetooth Speaker,North,Mobile App,1,12062.85,10,No,4.1,1,UPI
ORD-103834,17-03-2024 23:00,CUST-10543,Consumer,Home & Kitchen,Desk Lamp,North,Marketplace,2,817.15,10,No,4.8,4,Credit Card
ORD-100630,06-02-2025 09:00,CUST-11487,Consumer,Electronics,Bluetooth Speaker,West,Marketplace,1,8163.16,15,No,4,3,Debit Card
ORD-101060,24-02-2025 18:00,CUST-11437,Consumer,Books,Data Analytics Guide,West,Marketplace,2,721.99,20,No,4.9,5,UPI
ORD-105916,26-06-2024 12:00,CUST-11541,Consumer,Fashion,Running Shoes,North,Website,1,3260.33,15,No,3.7,3,UPI
ORD-101025,31-01-2024 08:00,CUST-11804,Enterprise,Books,Data Analytics Guide,Central,Mobile App,2,354.4,10,No,4.1,4,UPI
ORD-103022,30-07-2024 05:00,CUST-11585,Consumer,Electronics,USB-C Hub,South,Marketplace,1,16933.62,25,No,4.3,5,Credit Card
ORD-105304,07-05-2024 19:00,CUST-11081,Small Business,Beauty,Perfume,North,Website,1,4425.42,0,No,4.5,2,Net Banking
ORD-101024,24-03-2025 18:00,CUST-10956,Consumer,Beauty,Face Wash,South,Mobile App,4,762.87,15,No,4.1,3,Credit Card
ORD-103113,22-05-2025 19:00,CUST-11922,Small Business,Books,Data Analytics Guide,East,Website,2,1664.87,15,No,3.9,3,UPI
ORD-100144,26-06-2025 00:00,CUST-10974,Enterprise,Beauty,body lotion,Central,Website,4,2093.65,10,No,5,3,Debit Card
ORD-104676,30-10-2024 09:00,CUST-10240,Small Business,Electronics,USB-C Hub,Central,Website,1,18184.52,30,No,3.2,3,Credit Card
ORD-101034,06-02-2024 08:00,CUST-11643,Enterprise,Electronics,USB-C Hub,West,Mobile App,10,1293.73,0,No,3.8,6,UPI
ORD-105240,10-07-2024 15:00,CUST-10038,Consumer,Electronics,Power Bank,Central,Website,6,6005.82,0,No,5,7,UPI
ORD-101817,17-05-2024 20:00,CUST-11327,Consumer,Fashion,Hoodie,North,Website,1,5110.63,20,No,4.4,2,UPI
ORD-103309,30-05-2025 08:00,,Enterprise,Fashion,Hoodie,Central,Mobile App,1,2085.18,0,No,4.5,3,Credit Card
ORD-105611,13-05-2024 15:00,CUST-11895,Small Business,Beauty,Body Lotion,West,Website,1,2795.87,5,No,4.4,4,Wallet
ORD-105963,31-05-2024 22:00,CUST-11128,Consumer,Fashion,Hoodie,West,Website,4,5456.98,0,No,3.5,5,Net Banking
ORD-102753,21-12-2024 20:00,CUST-11233,Consumer,Beauty,Hair Dryer,South,Mobile App,2,4429.28,10,No,4.9,2,UPI
ORD-100408,25-05-2025 04:00,CUST-10616,Small Business,Fashion,Running Shoes,West,Marketplace,1,4069.36,20,No,4,3,Wallet
ORD-101372,09-02-2024 13:00,CUST-11865,Consumer,Fashion,Backpack,West,Website,3,699.1,0,No,3.8,2,UPI
ORD-101966,21-07-2024 12:00,CUST-10710,Consumer,Home & Kitchen,Coffee Maker,West,Marketplace,3,5354.7,20,No,4.6,3,Debit Card
ORD-105158,16-03-2024 08:00,CUST-10302,Consumer,Electronics,USB-C Hub,West,Mobile App,1,21368.45,25,No,4.5,3,Debit Card
ORD-101539,04-12-2024 15:00,CUST-10859,Small Business,Home & Kitchen,Air Fryer,North,Website,2,10866.97,20,No,4.2,3,Credit Card
ORD-102940,25-01-2025 11:00,CUST-11459,Small Business,Fashion,Casual Shirt,Central,Marketplace,4,3612.57,0,No,3.8,2,UPI
ORD-102545,05-08-2024 01:00,CUST-10997,Small Business,Home & Kitchen,Desk Lamp,Central,Mobile App,2,6871.72,10,No,3.2,5,UPI
ORD-100107,29-12-2024 00:00,CUST-11608,Small Business,Fashion,Casual Shirt,Central,Mobile App,2,1068.45,5,No,4.1,5,Net Banking
ORD-101309,10-04-2025 15:00,CUST-11690,Consumer,Fashion,Sports Cap,Central,Mobile App,3,2246.63,30,No,3.5,3,Credit Card
ORD-101993,14-12-2024 22:00,CUST-11243,Consumer,Home & Kitchen,Coffee Maker,East,Mobile App,1,4672.64,20,No,4,2,Debit Card
ORD-103153,09-03-2025 00:00,CUST-10822,Consumer,Home & Kitchen,Desk Lamp,West,Marketplace,1,2964.8,5,No,3.4,3,Debit Card
ORD-102173,21-02-2025 12:00,CUST-10039,Small Business,Electronics,Smart Watch,South,Marketplace,2,12787.9,20,No,3.8,1,Wallet
ORD-100470,07-02-2025 03:00,CUST-10711,Consumer,Home & Kitchen,Coffee Maker,North,Website,2,8930.14,0,Yes,3.8,6,UPI
ORD-100741,20-02-2025 08:00,CUST-10802,Consumer,Electronics,Power Bank,North,WEBSITE,1,4752.27,0,No,5,3,Debit Card
ORD-105303,17-08-2024 10:00,CUST-10653,Consumer,Home & Kitchen,Storage Set,East,Marketplace,1,5762.91,0,No,4.5,7,Wallet
ORD-104853,07-02-2024 11:00,CUST-10334,Consumer,Home & Kitchen,Water Bottle,South,Marketplace,1,7688.5,20,No,3.3,1,Wallet
ORD-104342,12-09-2024 09:00,CUST-10012,Consumer,Books,Data Analytics Guide,South,Website,1,745.85,10,No,4.3,2,UPI
ORD-101229,06-06-2024 09:00,CUST-11337,Consumer,Electronics,Wireless Earbuds,Central,Marketplace,1,16482.47,0,No,3.7,3,Net Banking
ORD-104641,18-01-2024 19:00,CUST-10051,Consumer,Books,Data Analytics Guide,Central,Website,2,811.28,5,No,3.8,4,Net Banking
ORD-100049,01-03-2025 00:00,CUST-10517,Consumer,Electronics,Smart Watch,Central,Mobile App,2,15829.44,5,No,4.4,4,Debit Card
ORD-104257,18-02-2024 23:00,CUST-11678,Consumer,Books,Business Strategy,North,Marketplace,1,385.35,0,No,4.3,3,Wallet
ORD-100577,12-10-2024 23:00,CUST-11672,Consumer,Electronics,USB-C Hub,South,Website,1,21569.95,5,No,4.1,6,Debit Card
ORD-102561,14-07-2024 20:00,CUST-10910,Consumer,Home & Kitchen,Desk Lamp,North,Marketplace,4,11194.92,5,No,5,4,UPI
ORD-100067,21-07-2024 06:00,CUST-10836,Consumer,Electronics,Power Bank,Central,Website,2,21261.7,5,No,4.4,4,UPI
ORD-102558,17-01-2024 22:00,CUST-10526,Small Business,Fashion,Sports Cap,South,Website,3,1304.05,20,No,,3,Debit Card
ORD-105457,02-08-2024 20:00,CUST-11041,Consumer,Books,Leadership Book,South,Mobile App,3,1146.12,30,No,3.3,4,Credit Card
ORD-103402,26-03-2024 14:00,CUST-10848,Consumer,Electronics,Smart Watch,South,Mobile App,2,4627.95,15,No,4.4,2,Wallet
ORD-102390,05-09-2024 04:00,CUST-11107,Consumer,Fashion,Hoodie,South,Marketplace,2,4243.06,25,No,3.9,1,Credit Card
ORD-104895,08-08-2024 18:00,CUST-11465,Small Business,Fashion,Hoodie,West,Website,1,4726.68,10,No,3.3,3,Credit Card
ORD-105664,25-10-2024 11:00,CUST-11745,Small Business,Electronics,Power Bank,North,Mobile App,1,5620.31,15,No,4.9,1,Credit Card
ORD-100758,10-03-2024 20:00,CUST-11532,Small Business,Books,Business Strategy,East,Website,1,841.35,5,No,4.9,3,Credit Card
ORD-105281,26-01-2025 07:00,CUST-10925,Consumer,Fashion,Casual Shirt,North,Marketplace,2,5623.65,5,No,4.7,3,Credit Card
ORD-105659,06-02-2025 01:00,CUST-10696,Consumer,Home & Kitchen,Air Fryer,East,Website,2,1160.78,20,No,5,3,UPI
ORD-102049,26-12-2024 09:00,CUST-11430,Small Business,Books,Data Analytics Guide,East,Website,2,323.17,10,No,5,5,UPI
ORD-102355,19-07-2024 21:00,CUST-11678,Consumer,Books,Leadership Book,Central,Mobile App,1,1453.14,10,No,4.6,4,Debit Card
ORD-101537,01-03-2024 09:00,CUST-10539,Consumer,Books,Leadership Book,South,Website,1,1648.92,5,No,3.5,1,Net Banking
ORD-101251,12-08-2024 17:00,CUST-10306,Small Business,Electronics,Smart Watch,South,Website,1,1470.57,15,Yes,3.3,4,Credit Card
ORD-101531,06-01-2024 01:00,CUST-10368,Enterprise,Home & Kitchen,Storage Set,North,Website,4,1358.24,0,No,4.7,5,UPI
ORD-104921,21-04-2025 16:00,CUST-11895,Consumer,Home & Kitchen,Storage Set,West,Mobile App,1,8434.28,10,No,,5,Wallet
ORD-103122,14-09-2024 11:00,CUST-11760,Small Business,Fashion,Sports Cap,North,Website,2,1297.49,15,Yes,3.7,4,Debit Card
ORD-105794,08-08-2024 09:00,CUST-10521,Consumer,Fashion,Casual Shirt,West,Mobile App,1,4268.96,10,No,3.2,4,Debit Card
ORD-100644,24-02-2025 14:00,CUST-10412,Small Business,Electronics,USB-C Hub,North,Mobile App,2,9838.19,5,No,4.7,5,Debit Card
ORD-103755,24-06-2024 04:00,CUST-10969,Consumer,Electronics,USB-C Hub,West,Marketplace,5,6719.18,5,No,4.1,3,Wallet
ORD-104101,23-06-2025 07:00,CUST-11380,Enterprise,Electronics,Wireless Earbuds,North,Mobile App,1,11055.56,15,No,3.7,1,Wallet
ORD-102983,24-03-2025 23:00,CUST-11302,Small Business,Home & Kitchen,Storage Set,West,Marketplace,2,7883.14,10,No,4.5,6,Net Banking
ORD-103375,02-10-2024 21:00,CUST-10675,Consumer,Electronics,Power Bank,West,Mobile App,3,8064.62,0,No,5,2,Credit Card
ORD-105340,13-06-2024 18:00,CUST-11487,Consumer,Electronics,USB-C Hub,West,Website,3,13021.01,5,No,3.3,1,Net Banking
ORD-103136,13-11-2024 01:00,CUST-10623,Small Business,Books,SQL Handbook,South,Website,1,337.06,0,No,3.8,2,Debit Card
ORD-100619,17-03-2024 07:00,CUST-10537,Consumer,Books,Leadership Book,North,Marketplace,4,1774.96,10,No,4.7,3,Credit Card
ORD-102686,13-05-2024 11:00,CUST-11728,Consumer,Electronics,Power Bank,North,Website,6,5887.42,15,No,4.9,4,Debit Card
ORD-101305,01-01-2025 17:00,CUST-10792,Consumer,Electronics,Wireless Earbuds,West,Website,1,5479.89,20,No,3.8,2,Wallet
ORD-100792,29-01-2025 13:00,CUST-10117,Consumer,Electronics,Bluetooth Speaker,West,Marketplace,2,11504.73,30,No,3.1,5,UPI
ORD-105086,29-03-2025 10:00,CUST-11078,Small Business,Books,Leadership Book,East,Website,6,1006.57,15,No,4.5,3,Wallet
ORD-102663,28-09-2024 03:00,CUST-11392,Consumer,Electronics,Power Bank,East,Mobile App,1,11859.89,15,No,4.1,2,UPI
ORD-103642,22-05-2025 16:00,CUST-11482,Consumer,Electronics,Power Bank,West,Website,2,8387.84,10,No,3.2,6,Credit Card
ORD-100008,20-04-2024 00:00,CUST-10178,Consumer,Electronics,Smart Watch,South,Website,1,17084.72,5,No,3.8,1,UPI
ORD-102081,20-02-2024 02:00,CUST-10935,Consumer,Fashion,Running Shoes,Central,Website,3,1093.72,15,Yes,4.5,2,UPI
ORD-100121,30-12-2024 23:00,CUST-11609,Consumer,Home & Kitchen,Water Bottle,Central,Marketplace,1,8731.12,0,No,4.1,2,Credit Card
ORD-103394,02-07-2024 23:00,CUST-11283,Consumer,Fashion,Running Shoes,North,Website,2,1683.1,5,No,4.2,1,Wallet
ORD-100510,27-06-2025 01:00,CUST-11072,Consumer,Books,Business Strategy,East,Mobile App,2,256.89,15,No,5,5,UPI
ORD-104277,21-02-2025 14:00,CUST-11699,Consumer,Fashion,Backpack,East,Mobile App,4,5650.4,20,No,3.4,2,Credit Card
ORD-103279,02-02-2025 12:00,CUST-10851,Consumer,Electronics,Bluetooth Speaker,East,Mobile App,4,21510.87,15,No,3.7,2,Wallet
ORD-104505,25-07-2024 21:00,CUST-10495,Consumer,Beauty,Skin Serum,East,Mobile App,3,4021.14,10,No,4.1,4,Debit Card
ORD-101136,30-01-2025 20:00,CUST-10985,Small Business,Fashion,Hoodie,North,Mobile App,5,1102.46,20,No,4.6,3,Debit Card
ORD-101754,08-12-2024 04:00,CUST-11419,Consumer,Books,Leadership Book,North,Website,2,695.5,15,No,3.2,4,Net Banking
ORD-102810,07-10-2024 09:00,CUST-10644,Small Business,Fashion,Running Shoes,South,Website,3,5595.25,15,No,5,5,Credit Card
ORD-101440,01-03-2025 15:00,CUST-10660,Consumer,Electronics,Wireless Earbuds,East,Mobile App,1,17395.31,0,No,4.7,5,Credit Card
ORD-102969,14-12-2024 03:00,CUST-11833,Consumer,Beauty,Skin Serum,West,Mobile App,1,4817.05,10,No,5,5,Credit Card
ORD-101766,02-10-2024 08:00,CUST-10051,Small Business,Fashion,Backpack,East,Marketplace,1,4141.56,20,No,4.3,3,Credit Card
ORD-103870,26-01-2024 00:00,CUST-10345,Consumer,Fashion,Sports Cap,North,Website,4,1777.11,0,No,3.7,2,UPI
ORD-105406,02-02-2025 21:00,CUST-10105,Consumer,Electronics,Power Bank,West,Website,3,6323.12,20,No,4.2,3,Credit Card
ORD-104484,13-09-2024 00:00,CUST-11535,Consumer,Home & Kitchen,Storage Set,South,Mobile App,2,11657.57,5,No,3.6,2,Credit Card
ORD-103001,01-01-2025 20:00,CUST-11268,Small Business,Electronics,Bluetooth Speaker,South,Mobile App,3,3338.39,10,No,4.2,1,UPI
ORD-104331,27-05-2024 14:00,CUST-10478,Small Business,Books,Fiction Novel,Central,Website,1,1190.9,0,No,4.5,3,Debit Card
ORD-105445,12-07-2024 23:00,CUST-10995,Consumer,Electronics,USB-C Hub,North,Mobile App,1,9734.06,5,No,4.4,4,UPI
ORD-101157,09-04-2025 06:00,CUST-10330,Consumer,Electronics,Wireless Earbuds,East,Mobile App,4,10382.7,0,No,3.8,2,Net Banking
ORD-100464,04-01-2024 13:00,CUST-10210,Enterprise,Beauty,Body Lotion,East,Website,4,4254.39,0,No,3.5,5,Debit Card
ORD-103209,08-05-2024 11:00,CUST-11041,Small Business,Beauty,hair dryer,East,Marketplace,1,3812.94,10,No,3.6,3,Debit Card
ORD-105148,21-07-2024 02:00,CUST-11532,Consumer,Beauty,Hair Dryer,North,Mobile App,3,1375.3,10,No,4.2,2,Wallet
ORD-104954,24-07-2024 04:00,CUST-11154,Consumer,Beauty,Perfume,South,Mobile App,2,3253.74,0,No,4.3,2,Debit Card
ORD-103974,21-02-2024 21:00,CUST-10864,Small Business,Fashion,Backpack,Central,Marketplace,4,3450.18,15,No,3.4,3,Wallet
ORD-105970,11-02-2025 01:00,CUST-11067,Consumer,Books,Fiction Novel,Central,Website,6,1504.35,10,No,4.5,7,UPI
ORD-102288,26-05-2025 08:00,CUST-10429,Consumer,Home & Kitchen,Desk Lamp,North,Mobile App,4,4402.78,20,No,4.3,4,Credit Card
ORD-100780,24-04-2025 09:00,CUST-11466,Small Business,Electronics,Bluetooth Speaker,South,Website,2,3284.58,15,No,4.2,1,UPI
ORD-100929,11-11-2024 14:00,CUST-10982,Consumer,Books,SQL Handbook,West,Marketplace,1,1175.58,0,No,4.6,3,Debit Card
ORD-102296,01-04-2024 09:00,CUST-11554,Consumer,Books,Fiction Novel,East,Mobile App,1,461.52,25,No,4,2,UPI
ORD-102416,04-12-2024 02:00,CUST-10484,Small Business,Electronics,Power Bank,South,Website,4,19041.79,10,No,4.4,2,Debit Card
ORD-101797,11-04-2024 10:00,CUST-11583,Consumer,Home & Kitchen,Desk Lamp,North,Website,1,5004.64,30,No,3.7,2,Debit Card
ORD-102530,15-05-2025 01:00,CUST-11135,Consumer,Home & Kitchen,Desk Lamp,East,Website,2,2933.25,20,No,2.8,2,
ORD-101772,17-07-2024 00:00,CUST-10983,Small Business,Electronics,Bluetooth Speaker,West,Mobile App,2,13807.55,5,No,4.2,4,Credit Card
ORD-100952,01-12-2024 15:00,CUST-11233,Consumer,Books,Leadership Book,Central,Mobile App,6,621.95,10,No,3.5,2,Credit Card
ORD-104146,13-08-2024 19:00,CUST-11560,Small Business,Home & Kitchen,Storage Set,West,Mobile App,4,1549.48,10,No,4.9,3,Credit Card
ORD-105574,24-01-2025 14:00,CUST-10761,Small Business,Books,Leadership Book,West,Mobile App,1,1162.64,20,No,4.6,3,UPI
ORD-101765,25-05-2025 18:00,CUST-11083,Small Business,Electronics,Smart Watch,West,Mobile App,5,14133.32,5,No,4.8,4,Debit Card
ORD-100486,01-07-2024 12:00,CUST-10109,Small Business,Fashion,Casual Shirt,South,Website,5,1491.25,20,No,4,4,Credit Card
ORD-105765,27-10-2024 03:00,CUST-11721,Consumer,Home & Kitchen,Storage Set,North,Website,4,4292.07,15,No,3.9,5,UPI
ORD-100681,16-03-2024 00:00,CUST-11611,Consumer,Electronics,Wireless Earbuds,South,Mobile App,3,7772.01,20,No,4.9,5,Credit Card
ORD-101208,04-06-2024 11:00,CUST-10796,Consumer,Home & Kitchen,Water Bottle,North,Mobile App,1,6669.33,25,No,3.7,4,Credit Card
ORD-102935,04-05-2024 20:00,CUST-11393,Consumer,Fashion,Running Shoes,Central,Marketplace,3,648,15,No,4.7,4,Wallet
ORD-102644,03-09-2024 21:00,CUST-10247,Small Business,Fashion,Sports Cap,North,Website,4,1297.87,20,No,3.1,2,Credit Card
ORD-105094,30-08-2024 14:00,CUST-10851,Small Business,Electronics,Smart Watch,East,Mobile App,1,19274.97,20,No,2.2,5,Credit Card
ORD-102916,05-12-2024 01:00,CUST-10014,Small Business,Beauty,Perfume,Central,Website,4,3936.38,0,No,4.6,4,Credit Card
ORD-103310,07-10-2024 08:00,CUST-10401,Consumer,Electronics,Power Bank,South,Mobile App,5,13636.8,15,No,3.5,3,UPI
ORD-102352,25-01-2025 01:00,CUST-11125,Small Business,Fashion,backpack,Central,Marketplace,1,3652.05,0,Yes,4.2,2,Credit Card
ORD-101789,15-02-2025 10:00,CUST-10015,Consumer,Fashion,Backpack,North,Website,2,3956.2,15,No,2.7,3,Wallet
ORD-100233,18-02-2025 04:00,CUST-11873,Consumer,Electronics,Wireless Earbuds,East,Mobile App,3,2751.77,15,No,3.9,3,Net Banking
ORD-100829,16-01-2024 20:00,CUST-10299,Small Business,Fashion,Sports Cap,Central,Website,2,1240.89,25,No,4.5,2,Net Banking
ORD-105548,29-04-2024 18:00,CUST-11429,Consumer,Beauty,Hair Dryer,East,Website,2,2824.75,0,No,4.1,1,Credit Card
ORD-100447,05-06-2025 19:00,CUST-10639,Small Business,Beauty,Body Lotion,Central,Mobile App,1,3127.21,25,No,4,3,Debit Card
ORD-101646,06-07-2024 13:00,CUST-11260,Consumer,Books,Leadership Book,East,Mobile App,5,1216.07,15,No,4.3,6,Debit Card
ORD-100840,06-06-2024 18:00,CUST-10926,Enterprise,Fashion,Running Shoes,West,Website,3,3616.53,10,No,4.2,2,UPI
ORD-104298,20-01-2024 19:00,CUST-11071,Consumer,Books,Fiction Novel,North,Website,1,597.09,25,No,5,4,Credit Card
ORD-104706,13-09-2024 19:00,CUST-10011,Small Business,Electronics,USB-C Hub,North,Website,2,8210.59,20,No,4.2,1,UPI
ORD-101144,29-06-2024 19:00,CUST-11873,Consumer,Home & Kitchen,Coffee Maker,East,Mobile App,3,5144.1,15,Yes,4.1,4,Wallet
ORD-100048,05-01-2025 04:00,CUST-10249,Consumer,Books,SQL Handbook,North,Website,2,1085.84,5,No,4.7,5,UPI
ORD-100772,03-01-2024 16:00,CUST-11773,Consumer,Fashion,Sports Cap,North,Mobile App,1,4324.77,0,No,4.3,4,Wallet
ORD-105944,18-05-2024 11:00,CUST-10001,Consumer,Beauty,Body Lotion,Central,Website,2,3690.65,15,No,4.8,5,Credit Card
ORD-105327,14-05-2024 07:00,CUST-10932,Consumer,Fashion,Hoodie,South,Website,1,3285.82,20,No,3.6,2,UPI
